{"quote_count": 0, "contributors": null, "truncated": false, "text": "RT @destinationpak: Nanga Parbat! Fairy Meadows, GB \ud83c\uddf5\ud83c\uddf0\u2800\n\ud83d\udcf7 Photograph by @xeeshanch\n#Pakistan #DestinationPakistan #beautifulpakistan #Pakis\u2026", "is_quote_status": false, "in_reply_to_status_id": null, "reply_count": 0, "id": 1048657593307226112, "favorite_count": 0, "entities": {"user_mentions": [{"id": 4885222353, "indices": [3, 18], "id_str": "4885222353", "screen_name": "destinationpak", "name": "Destination Pakistan \ud83c\uddf5\ud83c\uddf0"}, {"id": 39748058, "indices": [72, 82], "id_str": "39748058", "screen_name": "xeeshanch", "name": "xeeshan ch"}], "symbols": [], "hashtags": [{"indices": [83, 92], "text": "Pakistan"}, {"indices": [93, 113], "text": "DestinationPakistan"}, {"indices": [114, 132], "text": "beautifulpakistan"}], "urls": []}, "retweeted": false, "coordinates": null, "timestamp_ms": "1538854428017", "source": "<a href=\"http://twitter.com/download/iphone\" rel=\"nofollow\">Twitter for iPhone</a>", "in_reply_to_screen_name": null, "id_str": "1048657593307226112", "retweet_count": 0, "in_reply_to_user_id": null, "favorited": false, "retweeted_status": {"quote_count": 0, "contributors": null, "truncated": true, "text": "Nanga Parbat! Fairy Meadows, GB \ud83c\uddf5\ud83c\uddf0\u2800\n\ud83d\udcf7 Photograph by @xeeshanch\n#Pakistan #DestinationPakistan #beautifulpakistan\u2026 https://t.co/msy4EYj9qM", "is_quote_status": false, "in_reply_to_status_id": null, "reply_count": 1, "id": 1048613112558051328, "favorite_count": 45, "entities": {"user_mentions": [{"id": 39748058, "indices": [52, 62], "id_str": "39748058", "screen_name": "xeeshanch", "name": "xeeshan ch"}], "symbols": [], "hashtags": [{"indices": [63, 72], "text": "Pakistan"}, {"indices": [73, 93], "text": "DestinationPakistan"}, {"indices": [94, 112], "text": "beautifulpakistan"}], "urls": [{"url": "https://t.co/msy4EYj9qM", "indices": [114, 137], "expanded_url": "https://twitter.com/i/web/status/1048613112558051328", "display_url": "twitter.com/i/web/status/1\u2026"}]}, "retweeted": false, "coordinates": null, "source": "<a href=\"http://twitter.com/download/android\" rel=\"nofollow\">Twitter for Android</a>", "in_reply_to_screen_name": null, "id_str": "1048613112558051328", "display_text_range": [0, 140], "retweet_count": 19, "in_reply_to_user_id": null, "favorited": false, "user": {"follow_request_sent": null, "profile_use_background_image": false, "default_profile_image": false, "id": 4885222353, "default_profile": false, "verified": false, "profile_image_url_https": "https://pbs.twimg.com/profile_images/949278024188522497/a_t0MuRr_normal.jpg", "profile_sidebar_fill_color": "000000", "profile_text_color": "000000", "followers_count": 2223, "profile_sidebar_border_color": "000000", "id_str": "4885222353", "profile_background_color": "000000", "listed_count": 8, "profile_background_image_url_https": "https://abs.twimg.com/images/themes/theme1/bg.png", "utc_offset": null, "statuses_count": 1209, "description": "Our page is about inviting and hosting foreign tourists from around the #world so that they can experience the real Pakistan. \ud83d\udcaf\ud83d\udcaa\ud83c\uddf5\ud83c\uddf0 .", "friends_count": 1333, "location": "Punjab, Pakistan", "profile_link_color": "19CF86", "profile_image_url": "http://pbs.twimg.com/profile_images/949278024188522497/a_t0MuRr_normal.jpg", "following": null, "geo_enabled": true, "profile_banner_url": "https://pbs.twimg.com/profile_banners/4885222353/1515160587", "profile_background_image_url": "http://abs.twimg.com/images/themes/theme1/bg.png", "name": "Destination Pakistan \ud83c\uddf5\ud83c\uddf0", "lang": "en", "profile_background_tile": false, "favourites_count": 266, "screen_name": "destinationpak", "notifications": null, "url": "https://web.facebook.com/destinationtopakistan/", "created_at": "Sun Feb 07 17:22:08 +0000 2016", "contributors_enabled": false, "time_zone": null, "protected": false, "translator_type": "none", "is_translator": false}, "geo": null, "in_reply_to_user_id_str": null, "possibly_sensitive": false, "lang": "en", "extended_tweet": {"display_text_range": [0, 129], "entities": {"user_mentions": [{"id": 39748058, "indices": [52, 62], "id_str": "39748058", "screen_name": "xeeshanch", "name": "xeeshan ch"}], "symbols": [], "hashtags": [{"indices": [63, 72], "text": "Pakistan"}, {"indices": [73, 93], "text": "DestinationPakistan"}, {"indices": [94, 112], "text": "beautifulpakistan"}, {"indices": [113, 129], "text": "PakistanTourism"}], "urls": [], "media": [{"expanded_url": "https://twitter.com/destinationpak/status/1048613112558051328/photo/1", "display_url": "pic.twitter.com/2Xa7AU0Amb", "url": "https://t.co/2Xa7AU0Amb", "media_url_https": "https://pbs.twimg.com/media/Do1sDlHX4AAjTlw.jpg", "id_str": "1048613097005637632", "sizes": {"small": {"h": 444, "resize": "fit", "w": 680}, "large": {"h": 705, "resize": "fit", "w": 1080}, "medium": {"h": 705, "resize": "fit", "w": 1080}, "thumb": {"h": 150, "resize": "crop", "w": 150}}, "indices": [130, 153], "type": "photo", "id": 1048613097005637632, "media_url": "http://pbs.twimg.com/media/Do1sDlHX4AAjTlw.jpg"}]}, "extended_entities": {"media": [{"expanded_url": "https://twitter.com/destinationpak/status/1048613112558051328/photo/1", "display_url": "pic.twitter.com/2Xa7AU0Amb", "url": "https://t.co/2Xa7AU0Amb", "media_url_https": "https://pbs.twimg.com/media/Do1sDlHX4AAjTlw.jpg", "id_str": "1048613097005637632", "sizes": {"small": {"h": 444, "resize": "fit", "w": 680}, "large": {"h": 705, "resize": "fit", "w": 1080}, "medium": {"h": 705, "resize": "fit", "w": 1080}, "thumb": {"h": 150, "resize": "crop", "w": 150}}, "indices": [130, 153], "type": "photo", "id": 1048613097005637632, "media_url": "http://pbs.twimg.com/media/Do1sDlHX4AAjTlw.jpg"}]}, "full_text": "Nanga Parbat! Fairy Meadows, GB \ud83c\uddf5\ud83c\uddf0\u2800\n\ud83d\udcf7 Photograph by @xeeshanch\n#Pakistan #DestinationPakistan #beautifulpakistan #PakistanTourism https://t.co/2Xa7AU0Amb"}, "created_at": "Sat Oct 06 16:37:02 +0000 2018", "filter_level": "low", "in_reply_to_status_id_str": null, "place": {"country_code": "PK", "url": "https://api.twitter.com/1.1/geo/id/003d5766281b4194.json", "country": "Pakistan", "place_type": "city", "bounding_box": {"type": "Polygon", "coordinates": [[[74.267586, 31.451222], [74.267586, 31.612417], [74.449387, 31.612417], [74.449387, 31.451222]]]}, "full_name": "Lahore, Pakistan", "attributes": {}, "id": "003d5766281b4194", "name": "Lahore"}}, "user": {"follow_request_sent": null, "profile_use_background_image": true, "default_profile_image": false, "id": 837592702548131841, "default_profile": true, "verified": false, "profile_image_url_https": "https://pbs.twimg.com/profile_images/1044686889972879363/ZULK5YSN_normal.jpg", "profile_sidebar_fill_color": "DDEEF6", "profile_text_color": "333333", "followers_count": 201, "profile_sidebar_border_color": "C0DEED", "id_str": "837592702548131841", "profile_background_color": "F5F8FA", "listed_count": 1, "profile_background_image_url_https": "", "utc_offset": null, "statuses_count": 4360, "description": "\u200f\u200f\u200f\ud83d\udc69\u200d\ud83d\udcbb\u2763\ufe0f V\u2c93\u2c87\u2ca9u\u2ca7 J\u2c81\u2c99\u2c99v\u2c81\u2c97, \u067e\u0627\u06a9\u0633\u062a\u0627\u0646 \u0641\u0637\u0631\u062a", "friends_count": 74, "location": "\ud83d\udccc\ud83c\udde9\ud83c\uddea\ud83c\udf0e\ud83c\uddf7\ud83c\uddf4\ud83c\uddfa\ud83c\uddf8\ud83c\uddec\ud83c\uddf7\ud83c\uddee\ud83c\uddf3\u2764\ufe0f\ud83c\uddf5\ud83c\uddf0", "profile_link_color": "1DA1F2", "profile_image_url": "http://pbs.twimg.com/profile_images/1044686889972879363/ZULK5YSN_normal.jpg", "following": null, "geo_enabled": false, "profile_banner_url": "https://pbs.twimg.com/profile_banners/837592702548131841/1536321692", "profile_background_image_url": "", "name": "\u2661\u0627\u06cc\u0644\u0627", "lang": "en", "profile_background_tile": false, "favourites_count": 8113, "screen_name": "sm_ioana", "notifications": null, "url": "https://pin.it/jiwa5og2kp6yjl", "created_at": "Fri Mar 03 09:17:16 +0000 2017", "contributors_enabled": false, "time_zone": null, "protected": false, "translator_type": "none", "is_translator": false}, "geo": null, "in_reply_to_user_id_str": null, "lang": "en", "created_at": "Sat Oct 06 19:33:48 +0000 2018", "filter_level": "low", "in_reply_to_status_id_str": null, "place": null}
{"quote_count": 0, "contributors": null, "truncated": false, "text": "RT @ARYNEWSOFFICIAL: #Chinese company to increase investment in #Pakistan\u2019s 4G \n#ARYNews https://t.co/84XUO5GTFm", "is_quote_status": false, "in_reply_to_status_id": null, "reply_count": 0, "id": 1048657643525611520, "favorite_count": 0, "entities": {"user_mentions": [{"id": 1430793200, "indices": [3, 19], "id_str": "1430793200", "screen_name": "ARYNEWSOFFICIAL", "name": "ARY News"}], "symbols": [], "hashtags": [{"indices": [21, 29], "text": "Chinese"}, {"indices": [64, 73], "text": "Pakistan"}, {"indices": [80, 88], "text": "ARYNews"}], "urls": [{"url": "https://t.co/84XUO5GTFm", "indices": [89, 112], "expanded_url": "https://arynews.tv/en/chinese-company-increase-investment-4g-pakistan/", "display_url": "arynews.tv/en/chinese-com\u2026"}]}, "retweeted": false, "coordinates": null, "timestamp_ms": "1538854439990", "source": "<a href=\"http://twitter.com/download/android\" rel=\"nofollow\">Twitter for Android</a>", "in_reply_to_screen_name": null, "id_str": "1048657643525611520", "retweet_count": 0, "in_reply_to_user_id": null, "favorited": false, "retweeted_status": {"quote_count": 1, "contributors": null, "truncated": false, "text": "#Chinese company to increase investment in #Pakistan\u2019s 4G \n#ARYNews https://t.co/84XUO5GTFm", "is_quote_status": false, "in_reply_to_status_id": null, "reply_count": 6, "id": 1048479562173177856, "favorite_count": 167, "source": "<a href=\"http://twitter.com\" rel=\"nofollow\">Twitter Web Client</a>", "retweeted": false, "coordinates": null, "entities": {"user_mentions": [], "symbols": [], "hashtags": [{"indices": [0, 8], "text": "Chinese"}, {"indices": [43, 52], "text": "Pakistan"}, {"indices": [59, 67], "text": "ARYNews"}], "urls": [{"url": "https://t.co/84XUO5GTFm", "indices": [68, 91], "expanded_url": "https://arynews.tv/en/chinese-company-increase-investment-4g-pakistan/", "display_url": "arynews.tv/en/chinese-com\u2026"}]}, "in_reply_to_screen_name": null, "id_str": "1048479562173177856", "retweet_count": 17, "in_reply_to_user_id": null, "favorited": false, "user": {"follow_request_sent": null, "profile_use_background_image": true, "default_profile_image": false, "id": 1430793200, "default_profile": false, "verified": true, "profile_image_url_https": "https://pbs.twimg.com/profile_images/1038057689417478144/ZORezreS_normal.jpg", "profile_sidebar_fill_color": "DDEEF6", "profile_text_color": "333333", "followers_count": 1506115, "profile_sidebar_border_color": "000000", "id_str": "1430793200", "profile_background_color": "120101", "listed_count": 1328, "profile_background_image_url_https": "https://abs.twimg.com/images/themes/theme1/bg.png", "utc_offset": null, "statuses_count": 107003, "description": "ARY News is a Pakistani news channel committed to bring you up-to-the minute news & featured stories from around Pakistan & all over the world.", "friends_count": 35, "location": "Karachi,Pakistan", "profile_link_color": "C70A0A", "profile_image_url": "http://pbs.twimg.com/profile_images/1038057689417478144/ZORezreS_normal.jpg", "following": null, "geo_enabled": true, "profile_banner_url": "https://pbs.twimg.com/profile_banners/1430793200/1538803717", "profile_background_image_url": "http://abs.twimg.com/images/themes/theme1/bg.png", "name": "ARY News", "lang": "en", "profile_background_tile": false, "favourites_count": 3444, "screen_name": "ARYNEWSOFFICIAL", "notifications": null, "url": "http://www.arynews.tv", "created_at": "Wed May 15 15:35:44 +0000 2013", "contributors_enabled": false, "time_zone": null, "protected": false, "translator_type": "none", "is_translator": false}, "geo": null, "in_reply_to_user_id_str": null, "possibly_sensitive": false, "lang": "en", "created_at": "Sat Oct 06 07:46:22 +0000 2018", "filter_level": "low", "in_reply_to_status_id_str": null, "place": null}, "user": {"follow_request_sent": null, "profile_use_background_image": true, "default_profile_image": false, "id": 1452232537, "default_profile": true, "verified": false, "profile_image_url_https": "https://pbs.twimg.com/profile_images/915618834165485569/2b88uorp_normal.jpg", "profile_sidebar_fill_color": "DDEEF6", "profile_text_color": "333333", "followers_count": 166, "profile_sidebar_border_color": "C0DEED", "id_str": "1452232537", "profile_background_color": "C0DEED", "listed_count": 0, "profile_background_image_url_https": "https://abs.twimg.com/images/themes/theme1/bg.png", "utc_offset": null, "statuses_count": 8902, "description": null, "friends_count": 70, "location": null, "profile_link_color": "1DA1F2", "profile_image_url": "http://pbs.twimg.com/profile_images/915618834165485569/2b88uorp_normal.jpg", "following": null, "geo_enabled": false, "profile_background_image_url": "http://abs.twimg.com/images/themes/theme1/bg.png", "name": "yasmeen", "lang": "en", "profile_background_tile": false, "favourites_count": 4369, "screen_name": "yfkazi", "notifications": null, "url": null, "created_at": "Thu May 23 18:35:38 +0000 2013", "contributors_enabled": false, "time_zone": null, "protected": false, "translator_type": "none", "is_translator": false}, "geo": null, "in_reply_to_user_id_str": null, "possibly_sensitive": false, "lang": "en", "created_at": "Sat Oct 06 19:33:59 +0000 2018", "filter_level": "low", "in_reply_to_status_id_str": null, "place": null}
{"quote_count": 0, "contributors": null, "truncated": false, "text": "RT @viitvdotcom: Those criticizing @jam_kamal for making #Chinese language available in schools of #Gwadar must watch these #Chinese studen\u2026", "is_quote_status": false, "in_reply_to_status_id": null, "reply_count": 0, "id": 1048657695224619009, "favorite_count": 0, "entities": {"user_mentions": [{"id": 4614223707, "indices": [3, 15], "id_str": "4614223707", "screen_name": "viitvdotcom", "name": "ViiTv"}, {"id": 1957032090, "indices": [35, 45], "id_str": "1957032090", "screen_name": "jam_kamal", "name": "Jam Kamal Khan"}], "symbols": [], "hashtags": [{"indices": [57, 65], "text": "Chinese"}, {"indices": [99, 106], "text": "Gwadar"}, {"indices": [124, 132], "text": "Chinese"}], "urls": []}, "retweeted": false, "coordinates": null, "timestamp_ms": "1538854452316", "source": "<a href=\"http://twitter.com/download/android\" rel=\"nofollow\">Twitter for Android</a>", "in_reply_to_screen_name": null, "id_str": "1048657695224619009", "retweet_count": 0, "in_reply_to_user_id": null, "favorited": false, "retweeted_status": {"quote_count": 0, "contributors": null, "truncated": true, "text": "Those criticizing @jam_kamal for making #Chinese language available in schools of #Gwadar must watch these #Chinese\u2026 https://t.co/nnobYDT5zy", "is_quote_status": false, "in_reply_to_status_id": null, "reply_count": 0, "id": 1048655400340320256, "favorite_count": 3, "entities": {"user_mentions": [{"id": 1957032090, "indices": [18, 28], "id_str": "1957032090", "screen_name": "jam_kamal", "name": "Jam Kamal Khan"}], "symbols": [], "hashtags": [{"indices": [40, 48], "text": "Chinese"}, {"indices": [82, 89], "text": "Gwadar"}, {"indices": [107, 115], "text": "Chinese"}], "urls": [{"url": "https://t.co/nnobYDT5zy", "indices": [117, 140], "expanded_url": "https://twitter.com/i/web/status/1048655400340320256", "display_url": "twitter.com/i/web/status/1\u2026"}]}, "retweeted": false, "coordinates": null, "source": "<a href=\"http://twitter.com/download/iphone\" rel=\"nofollow\">Twitter for iPhone</a>", "in_reply_to_screen_name": null, "id_str": "1048655400340320256", "retweet_count": 4, "in_reply_to_user_id": null, "favorited": false, "user": {"follow_request_sent": null, "profile_use_background_image": true, "default_profile_image": false, "id": 4614223707, "default_profile": true, "verified": false, "profile_image_url_https": "https://pbs.twimg.com/profile_images/1018087429780267009/Gh7IIjsX_normal.jpg", "profile_sidebar_fill_color": "DDEEF6", "profile_text_color": "333333", "followers_count": 4546, "profile_sidebar_border_color": "C0DEED", "id_str": "4614223707", "profile_background_color": "F5F8FA", "listed_count": 17, "profile_background_image_url_https": "", "utc_offset": null, "statuses_count": 44544, "description": "Pakistani live news feed, latest videos, and videos with popular political discussion.", "friends_count": 4940, "location": "Karachi, Pakistan", "profile_link_color": "1DA1F2", "profile_image_url": "http://pbs.twimg.com/profile_images/1018087429780267009/Gh7IIjsX_normal.jpg", "following": null, "geo_enabled": false, "profile_banner_url": "https://pbs.twimg.com/profile_banners/4614223707/1537200237", "profile_background_image_url": "", "name": "ViiTv", "lang": "en", "profile_background_tile": false, "favourites_count": 27465, "screen_name": "viitvdotcom", "notifications": null, "url": "http://www.viitv.com", "created_at": "Sat Dec 26 20:29:53 +0000 2015", "contributors_enabled": false, "time_zone": null, "protected": false, "translator_type": "none", "is_translator": false}, "geo": null, "in_reply_to_user_id_str": null, "possibly_sensitive": false, "lang": "en", "extended_tweet": {"display_text_range": [0, 281], "entities": {"user_mentions": [{"id": 1957032090, "indices": [18, 28], "id_str": "1957032090", "screen_name": "jam_kamal", "name": "Jam Kamal Khan"}], "symbols": [], "hashtags": [{"indices": [40, 48], "text": "Chinese"}, {"indices": [82, 89], "text": "Gwadar"}, {"indices": [107, 115], "text": "Chinese"}, {"indices": [138, 143], "text": "Urdu"}, {"indices": [144, 149], "text": "CPEC"}, {"indices": [186, 195], "text": "Pakistan"}, {"indices": [202, 208], "text": "China"}], "urls": [], "media": [{"additional_media_info": {"monetizable": false}, "source_user_id": 424307453, "source_status_id_str": "1048609841541996544", "expanded_url": "https://twitter.com/AbdulMaan/status/1048609841541996544/video/1", "display_url": "pic.twitter.com/Btw3Eaf1pc", "url": "https://t.co/Btw3Eaf1pc", "media_url_https": "https://pbs.twimg.com/ext_tw_video_thumb/1048609638390923264/pu/img/rJFqe1RexJ9QPCkl.jpg", "source_user_id_str": "424307453", "source_status_id": 1048609841541996544, "video_info": {"aspect_ratio": [17, 30], "duration_millis": 9997, "variants": [{"url": "https://video.twimg.com/ext_tw_video/1048609638390923264/pu/vid/544x960/o_M4zS6nJhDdbIjJ.mp4?tag=5", "bitrate": 2176000, "content_type": "video/mp4"}, {"url": "https://video.twimg.com/ext_tw_video/1048609638390923264/pu/vid/360x634/8FqnzIafcyXn5OEC.mp4?tag=5", "bitrate": 832000, "content_type": "video/mp4"}, {"url": "https://video.twimg.com/ext_tw_video/1048609638390923264/pu/pl/OidIPmQbxdoZgeRG.m3u8?tag=5", "content_type": "application/x-mpegURL"}, {"url": "https://video.twimg.com/ext_tw_video/1048609638390923264/pu/vid/180x316/z7kiX-RC11Ex5sdU.mp4?tag=5", "bitrate": 256000, "content_type": "video/mp4"}]}, "id_str": "1048609638390923264", "sizes": {"small": {"h": 680, "resize": "fit", "w": 385}, "large": {"h": 960, "resize": "fit", "w": 544}, "medium": {"h": 960, "resize": "fit", "w": 544}, "thumb": {"h": 150, "resize": "crop", "w": 150}}, "indices": [258, 281], "type": "video", "id": 1048609638390923264, "media_url": "http://pbs.twimg.com/ext_tw_video_thumb/1048609638390923264/pu/img/rJFqe1RexJ9QPCkl.jpg"}]}, "extended_entities": {"media": [{"additional_media_info": {"monetizable": false}, "source_user_id": 424307453, "source_status_id_str": "1048609841541996544", "expanded_url": "https://twitter.com/AbdulMaan/status/1048609841541996544/video/1", "display_url": "pic.twitter.com/Btw3Eaf1pc", "url": "https://t.co/Btw3Eaf1pc", "media_url_https": "https://pbs.twimg.com/ext_tw_video_thumb/1048609638390923264/pu/img/rJFqe1RexJ9QPCkl.jpg", "source_user_id_str": "424307453", "source_status_id": 1048609841541996544, "video_info": {"aspect_ratio": [17, 30], "duration_millis": 9997, "variants": [{"url": "https://video.twimg.com/ext_tw_video/1048609638390923264/pu/vid/544x960/o_M4zS6nJhDdbIjJ.mp4?tag=5", "bitrate": 2176000, "content_type": "video/mp4"}, {"url": "https://video.twimg.com/ext_tw_video/1048609638390923264/pu/vid/360x634/8FqnzIafcyXn5OEC.mp4?tag=5", "bitrate": 832000, "content_type": "video/mp4"}, {"url": "https://video.twimg.com/ext_tw_video/1048609638390923264/pu/pl/OidIPmQbxdoZgeRG.m3u8?tag=5", "content_type": "application/x-mpegURL"}, {"url": "https://video.twimg.com/ext_tw_video/1048609638390923264/pu/vid/180x316/z7kiX-RC11Ex5sdU.mp4?tag=5", "bitrate": 256000, "content_type": "video/mp4"}]}, "id_str": "1048609638390923264", "sizes": {"small": {"h": 680, "resize": "fit", "w": 385}, "large": {"h": 960, "resize": "fit", "w": 544}, "medium": {"h": 960, "resize": "fit", "w": 544}, "thumb": {"h": 150, "resize": "crop", "w": 150}}, "indices": [258, 281], "type": "video", "id": 1048609638390923264, "media_url": "http://pbs.twimg.com/ext_tw_video_thumb/1048609638390923264/pu/img/rJFqe1RexJ9QPCkl.jpg"}]}, "full_text": "Those criticizing @jam_kamal for making #Chinese language available in schools of #Gwadar must watch these #Chinese students being taught #Urdu\n#CPEC will prove to be a game changer for #Pakistan &amp; #China by bringing the people of both countries closer\n https://t.co/Btw3Eaf1pc"}, "created_at": "Sat Oct 06 19:25:05 +0000 2018", "filter_level": "low", "in_reply_to_status_id_str": null, "place": null}, "user": {"follow_request_sent": null, "profile_use_background_image": true, "default_profile_image": false, "id": 1113627067, "default_profile": false, "verified": false, "profile_image_url_https": "https://pbs.twimg.com/profile_images/1000440223845711872/8Cm-f7K7_normal.jpg", "profile_sidebar_fill_color": "99CC33", "profile_text_color": "3E4415", "followers_count": 2248, "profile_sidebar_border_color": "829D5E", "id_str": "1113627067", "profile_background_color": "352726", "listed_count": 235, "profile_background_image_url_https": "https://abs.twimg.com/images/themes/theme5/bg.gif", "utc_offset": null, "statuses_count": 76784, "description": "Love nature,animal,flowers and world events.", "friends_count": 1755, "location": "karachi, Pakistan", "profile_link_color": "D02B55", "profile_image_url": "http://pbs.twimg.com/profile_images/1000440223845711872/8Cm-f7K7_normal.jpg", "following": null, "geo_enabled": true, "profile_banner_url": "https://pbs.twimg.com/profile_banners/1113627067/1419762364", "profile_background_image_url": "http://abs.twimg.com/images/themes/theme5/bg.gif", "name": "jamil  khan", "lang": "en", "profile_background_tile": false, "favourites_count": 1052, "screen_name": "warewolf999", "notifications": null, "url": "http://www.google.com", "created_at": "Wed Jan 23 06:21:07 +0000 2013", "contributors_enabled": false, "time_zone": null, "protected": false, "translator_type": "none", "is_translator": false}, "geo": null, "in_reply_to_user_id_str": null, "lang": "en", "created_at": "Sat Oct 06 19:34:12 +0000 2018", "filter_level": "low", "in_reply_to_status_id_str": null, "place": null}
