{"quote_count": 0, "contributors": null, "truncated": false, "text": "ISD:\nWazir-e-Azam Ne Saaf-o-Sarsabz Pakistan Muhim Ka Aghaz Kar Diya, 5 Saal Me #Pakistan Europe Se Ziyada Saaf Nazar Aaye Ga, PM Imran Khan", "is_quote_status": false, "in_reply_to_status_id": null, "reply_count": 0, "id": 1051043056919568386, "favorite_count": 0, "source": "<a href=\"http://www.cloudhopper.com/\" rel=\"nofollow\">Cloudhopper</a>", "retweeted": false, "coordinates": null, "timestamp_ms": "1539423166862", "entities": {"user_mentions": [], "symbols": [], "hashtags": [{"indices": [80, 89], "text": "Pakistan"}], "urls": []}, "in_reply_to_screen_name": null, "id_str": "1051043056919568386", "retweet_count": 0, "in_reply_to_user_id": null, "favorited": false, "user": {"follow_request_sent": null, "profile_use_background_image": true, "default_profile_image": false, "id": 3303437509, "default_profile": true, "verified": false, "profile_image_url_https": "https://pbs.twimg.com/profile_images/757556133477421056/0ngU5CMB_normal.jpg", "profile_sidebar_fill_color": "DDEEF6", "profile_text_color": "333333", "followers_count": 2007, "profile_sidebar_border_color": "C0DEED", "id_str": "3303437509", "profile_background_color": "C0DEED", "listed_count": 22, "profile_background_image_url_https": "https://abs.twimg.com/images/themes/theme1/bg.png", "utc_offset": null, "statuses_count": 61392, "description": "Unofficial Account Of GeoNews, Urdu Breaking News,Sports, Jobs etc.\nWrite:\nF GeoAzad_News Send To 40404", "friends_count": 6, "location": "Sarai Gambila KpK Pakistan", "profile_link_color": "1DA1F2", "profile_image_url": "http://pbs.twimg.com/profile_images/757556133477421056/0ngU5CMB_normal.jpg", "following": null, "geo_enabled": true, "profile_banner_url": "https://pbs.twimg.com/profile_banners/3303437509/1469450471", "profile_background_image_url": "http://abs.twimg.com/images/themes/theme1/bg.png", "name": "Abdur Rashid Azad", "lang": "en", "profile_background_tile": false, "favourites_count": 1, "screen_name": "GeoAzad_News", "notifications": null, "url": null, "created_at": "Sat Aug 01 13:53:30 +0000 2015", "contributors_enabled": false, "time_zone": null, "protected": false, "translator_type": "none", "is_translator": false}, "geo": null, "in_reply_to_user_id_str": null, "lang": "hi", "created_at": "Sat Oct 13 09:32:46 +0000 2018", "filter_level": "low", "in_reply_to_status_id_str": null, "place": null}
{"quote_count": 0, "contributors": null, "truncated": false, "text": "RT @BhittaniKhannnn: Lets honor #NusratFatehAliKhan's memory with his famous Mera Paygham #Pakistan, Wont find anyone who hasnt heard it. h\u2026", "is_quote_status": false, "in_reply_to_status_id": null, "reply_count": 0, "id": 1051043071675289605, "favorite_count": 0, "entities": {"user_mentions": [{"id": 2831713327, "indices": [3, 19], "id_str": "2831713327", "screen_name": "BhittaniKhannnn", "name": "Asfandyar Bhittani"}], "symbols": [], "hashtags": [{"indices": [32, 51], "text": "NusratFatehAliKhan"}, {"indices": [90, 99], "text": "Pakistan"}], "urls": []}, "retweeted": false, "coordinates": null, "timestamp_ms": "1539423170380", "source": "<a href=\"http://twitter.com/download/iphone\" rel=\"nofollow\">Twitter for iPhone</a>", "in_reply_to_screen_name": null, "id_str": "1051043071675289605", "retweet_count": 0, "in_reply_to_user_id": null, "favorited": false, "retweeted_status": {"quote_count": 2, "contributors": null, "truncated": false, "text": "Lets honor #NusratFatehAliKhan's memory with his famous Mera Paygham #Pakistan, Wont find anyone who hasnt heard it. https://t.co/ux5GYMrLkZ", "is_quote_status": false, "in_reply_to_status_id": null, "reply_count": 11, "id": 765437814414700544, "favorite_count": 243, "entities": {"user_mentions": [], "symbols": [], "hashtags": [{"indices": [11, 30], "text": "NusratFatehAliKhan"}, {"indices": [69, 78], "text": "Pakistan"}], "urls": [], "media": [{"additional_media_info": {"monetizable": false}, "expanded_url": "https://twitter.com/BhittaniKhannnn/status/765437814414700544/video/1", "display_url": "pic.twitter.com/ux5GYMrLkZ", "url": "https://t.co/ux5GYMrLkZ", "media_url_https": "https://pbs.twimg.com/ext_tw_video_thumb/765435667799281664/pu/img/M2JgXS9n5c5AswG_.jpg", "id_str": "765435667799281664", "sizes": {"small": {"h": 480, "resize": "fit", "w": 640}, "large": {"h": 480, "resize": "fit", "w": 640}, "medium": {"h": 480, "resize": "fit", "w": 640}, "thumb": {"h": 150, "resize": "crop", "w": 150}}, "indices": [117, 140], "type": "photo", "id": 765435667799281664, "media_url": "http://pbs.twimg.com/ext_tw_video_thumb/765435667799281664/pu/img/M2JgXS9n5c5AswG_.jpg"}]}, "retweeted": false, "coordinates": null, "source": "<a href=\"http://twitter.com\" rel=\"nofollow\">Twitter Web Client</a>", "in_reply_to_screen_name": null, "id_str": "765437814414700544", "display_text_range": [0, 116], "retweet_count": 118, "in_reply_to_user_id": null, "favorited": false, "user": {"follow_request_sent": null, "profile_use_background_image": false, "default_profile_image": false, "id": 2831713327, "default_profile": false, "verified": true, "profile_image_url_https": "https://pbs.twimg.com/profile_images/1019194745594220544/2eIQUSrx_normal.jpg", "profile_sidebar_fill_color": "000000", "profile_text_color": "000000", "followers_count": 74354, "profile_sidebar_border_color": "000000", "id_str": "2831713327", "profile_background_color": "000000", "listed_count": 147, "profile_background_image_url_https": "https://abs.twimg.com/images/themes/theme19/bg.gif", "utc_offset": null, "statuses_count": 31261, "description": "Pakistaniat", "friends_count": 69, "location": "In the Mountains", "profile_link_color": "19CF86", "profile_image_url": "http://pbs.twimg.com/profile_images/1019194745594220544/2eIQUSrx_normal.jpg", "following": null, "geo_enabled": true, "profile_banner_url": "https://pbs.twimg.com/profile_banners/2831713327/1536326386", "profile_background_image_url": "http://abs.twimg.com/images/themes/theme19/bg.gif", "name": "Asfandyar Bhittani", "lang": "en", "profile_background_tile": false, "favourites_count": 62587, "screen_name": "BhittaniKhannnn", "notifications": null, "url": "https://frontierpakistani.wordpress.com", "created_at": "Thu Sep 25 11:54:18 +0000 2014", "contributors_enabled": false, "time_zone": null, "protected": false, "translator_type": "regular", "is_translator": false}, "geo": null, "in_reply_to_user_id_str": null, "possibly_sensitive": false, "lang": "en", "created_at": "Tue Aug 16 06:39:30 +0000 2016", "filter_level": "low", "in_reply_to_status_id_str": null, "place": null, "extended_entities": {"media": [{"additional_media_info": {"monetizable": false}, "expanded_url": "https://twitter.com/BhittaniKhannnn/status/765437814414700544/video/1", "display_url": "pic.twitter.com/ux5GYMrLkZ", "url": "https://t.co/ux5GYMrLkZ", "media_url_https": "https://pbs.twimg.com/ext_tw_video_thumb/765435667799281664/pu/img/M2JgXS9n5c5AswG_.jpg", "video_info": {"aspect_ratio": [4, 3], "duration_millis": 140000, "variants": [{"url": "https://video.twimg.com/ext_tw_video/765435667799281664/pu/vid/240x180/70DF7XvR5UvxFd8t.mp4", "bitrate": 320000, "content_type": "video/mp4"}, {"url": "https://video.twimg.com/ext_tw_video/765435667799281664/pu/vid/480x360/rYcguiRLDkCEFFuO.mp4", "bitrate": 832000, "content_type": "video/mp4"}, {"url": "https://video.twimg.com/ext_tw_video/765435667799281664/pu/pl/FiD_33_QTBB2DU3b.m3u8", "content_type": "application/x-mpegURL"}]}, "id_str": "765435667799281664", "sizes": {"small": {"h": 480, "resize": "fit", "w": 640}, "large": {"h": 480, "resize": "fit", "w": 640}, "medium": {"h": 480, "resize": "fit", "w": 640}, "thumb": {"h": 150, "resize": "crop", "w": 150}}, "indices": [117, 140], "type": "video", "id": 765435667799281664, "media_url": "http://pbs.twimg.com/ext_tw_video_thumb/765435667799281664/pu/img/M2JgXS9n5c5AswG_.jpg"}]}}, "user": {"follow_request_sent": null, "profile_use_background_image": true, "default_profile_image": false, "id": 534204289, "default_profile": true, "verified": false, "profile_image_url_https": "https://pbs.twimg.com/profile_images/619094764781068289/OKXQVTpB_normal.jpg", "profile_sidebar_fill_color": "DDEEF6", "profile_text_color": "333333", "followers_count": 945, "profile_sidebar_border_color": "C0DEED", "id_str": "534204289", "profile_background_color": "C0DEED", "listed_count": 6, "profile_background_image_url_https": "https://abs.twimg.com/images/themes/theme1/bg.png", "utc_offset": null, "statuses_count": 5571, "description": "\u0627\u0644\u062d\u0645\u062f\u0627\u0644\u0644\u06c1 \u0645\u06cc\u06ba \u06a9\u062a\u0646\u0627 \u062e\u0648\u0634 \u0646\u0635\u06cc\u0628 \u06c1\u0648\u06ba \u06a9\u06c1 \u200f \u200f\u0645\u06cc\u06ba \u0627\u0645\u062a\u06cc \u06c1\u0648\u06ba \u0645\u062d\u0645\u062f\u0650\u0645\u0635\u0637\u0641\u06cc\u0670\ufdfa \u06a9\u0627", "friends_count": 3106, "location": "Kasur, Pakistan", "profile_link_color": "1DA1F2", "profile_image_url": "http://pbs.twimg.com/profile_images/619094764781068289/OKXQVTpB_normal.jpg", "following": null, "geo_enabled": true, "profile_banner_url": "https://pbs.twimg.com/profile_banners/534204289/1425128075", "profile_background_image_url": "http://abs.twimg.com/images/themes/theme1/bg.png", "name": "\u0645\u0637\u0644\u0648\u0628 \u0635\u0627\u0628\u0631 \u0627\u0646\u0635\u0627\u0631\u06cc", "lang": "en", "profile_background_tile": false, "favourites_count": 34562, "screen_name": "MatloobSabir", "notifications": null, "url": null, "created_at": "Fri Mar 23 11:45:00 +0000 2012", "contributors_enabled": false, "time_zone": null, "protected": false, "translator_type": "none", "is_translator": false}, "geo": null, "in_reply_to_user_id_str": null, "lang": "en", "created_at": "Sat Oct 13 09:32:50 +0000 2018", "filter_level": "low", "in_reply_to_status_id_str": null, "place": null}
{"quote_count": 0, "contributors": null, "truncated": false, "text": "RT @FaraaahKhan: Pakistan pretends to be the contractor of Muslims all around the world.\n\nThen why is it silent on China's treatment toward\u2026", "is_quote_status": false, "in_reply_to_status_id": null, "reply_count": 0, "id": 1051043074372235265, "favorite_count": 0, "entities": {"user_mentions": [{"id": 768772780888317952, "indices": [3, 15], "id_str": "768772780888317952", "screen_name": "FaraaahKhan", "name": "Farah Khan"}], "symbols": [], "hashtags": [], "urls": []}, "retweeted": false, "coordinates": null, "timestamp_ms": "1539423171023", "source": "<a href=\"http://twitter.com/download/iphone\" rel=\"nofollow\">Twitter for iPhone</a>", "in_reply_to_screen_name": null, "id_str": "1051043074372235265", "retweet_count": 0, "in_reply_to_user_id": null, "favorited": false, "retweeted_status": {"quote_count": 6, "contributors": null, "truncated": true, "text": "Pakistan pretends to be the contractor of Muslims all around the world.\n\nThen why is it silent on China's treatment\u2026 https://t.co/mIbblrDMu4", "is_quote_status": false, "in_reply_to_status_id": null, "reply_count": 9, "id": 1050996451629785088, "favorite_count": 113, "entities": {"user_mentions": [], "symbols": [], "hashtags": [], "urls": [{"url": "https://t.co/mIbblrDMu4", "indices": [117, 140], "expanded_url": "https://twitter.com/i/web/status/1050996451629785088", "display_url": "twitter.com/i/web/status/1\u2026"}]}, "retweeted": false, "coordinates": null, "source": "<a href=\"http://twitter.com\" rel=\"nofollow\">Twitter Web Client</a>", "in_reply_to_screen_name": null, "id_str": "1050996451629785088", "retweet_count": 58, "in_reply_to_user_id": null, "favorited": false, "user": {"follow_request_sent": null, "profile_use_background_image": false, "default_profile_image": false, "id": 768772780888317952, "default_profile": false, "verified": false, "profile_image_url_https": "https://pbs.twimg.com/profile_images/855382365794947072/rTO65S3X_normal.jpg", "profile_sidebar_fill_color": "000000", "profile_text_color": "000000", "followers_count": 8653, "profile_sidebar_border_color": "000000", "id_str": "768772780888317952", "profile_background_color": "000000", "listed_count": 20, "profile_background_image_url_https": "https://abs.twimg.com/images/themes/theme1/bg.png", "utc_offset": null, "statuses_count": 6700, "description": "From Jammu and Kashmir. A student interested in governance,societies & Literature. I tweet about societies in ferment, misgovernance & women empowerment.", "friends_count": 6219, "location": null, "profile_link_color": "1B95E0", "profile_image_url": "http://pbs.twimg.com/profile_images/855382365794947072/rTO65S3X_normal.jpg", "following": null, "geo_enabled": false, "profile_background_image_url": "http://abs.twimg.com/images/themes/theme1/bg.png", "name": "Farah Khan", "lang": "en-gb", "profile_background_tile": false, "favourites_count": 4461, "screen_name": "FaraaahKhan", "notifications": null, "url": "http://farahkhanindian.blogspot.com", "created_at": "Thu Aug 25 11:31:28 +0000 2016", "contributors_enabled": false, "time_zone": null, "protected": false, "translator_type": "none", "is_translator": false}, "geo": null, "in_reply_to_user_id_str": null, "possibly_sensitive": true, "lang": "en", "extended_tweet": {"display_text_range": [0, 212], "entities": {"user_mentions": [{"id": 17537467, "indices": [161, 172], "id_str": "17537467", "screen_name": "TarekFatah", "name": "Tarek Fatah"}, {"id": 177886974, "indices": [173, 187], "id_str": "177886974", "screen_name": "gauravcsawant", "name": "GAURAV C SAWANT"}], "symbols": [], "hashtags": [{"indices": [149, 158], "text": "Pakistan"}], "urls": [{"url": "https://t.co/jJPQIl1vMz", "indices": [189, 212], "expanded_url": "https://www.france24.com/en/20181010-china-launches-anti-halal-crackdown-xinjiang-city?ref=tw_i", "display_url": "france24.com/en/20181010-ch\u2026"}]}, "full_text": "Pakistan pretends to be the contractor of Muslims all around the world.\n\nThen why is it silent on China's treatment towards its Muslims?\nAny answers #Pakistan?\n\n@TarekFatah @gauravcsawant\n\nhttps://t.co/jJPQIl1vMz"}, "created_at": "Sat Oct 13 06:27:35 +0000 2018", "filter_level": "low", "in_reply_to_status_id_str": null, "place": null}, "user": {"follow_request_sent": null, "profile_use_background_image": true, "default_profile_image": false, "id": 764401550274027520, "default_profile": true, "verified": false, "profile_image_url_https": "https://pbs.twimg.com/profile_images/764403459571449856/E9nVhUYv_normal.jpg", "profile_sidebar_fill_color": "DDEEF6", "profile_text_color": "333333", "followers_count": 85, "profile_sidebar_border_color": "C0DEED", "id_str": "764401550274027520", "profile_background_color": "F5F8FA", "listed_count": 0, "profile_background_image_url_https": "", "utc_offset": null, "statuses_count": 6406, "description": null, "friends_count": 75, "location": null, "profile_link_color": "1DA1F2", "profile_image_url": "http://pbs.twimg.com/profile_images/764403459571449856/E9nVhUYv_normal.jpg", "following": null, "geo_enabled": false, "profile_background_image_url": "", "name": "Ruchin Khandelwal", "lang": "en-gb", "profile_background_tile": false, "favourites_count": 17778, "screen_name": "RuchinKhandelw2", "notifications": null, "url": null, "created_at": "Sat Aug 13 10:01:46 +0000 2016", "contributors_enabled": false, "time_zone": null, "protected": false, "translator_type": "none", "is_translator": false}, "geo": null, "in_reply_to_user_id_str": null, "lang": "en", "created_at": "Sat Oct 13 09:32:51 +0000 2018", "filter_level": "low", "in_reply_to_status_id_str": null, "place": null}
{"quote_count": 0, "contributors": null, "truncated": false, "text": "RT @CleanGreenPK: #Pakistan: Washing hands well and often is the best way to keep from getting sick. \n\nAdvisor to Prime Minister on Climate\u2026", "is_quote_status": false, "in_reply_to_status_id": null, "reply_count": 0, "id": 1051043103749152769, "favorite_count": 0, "entities": {"user_mentions": [{"id": 1048144945301868544, "indices": [3, 16], "id_str": "1048144945301868544", "screen_name": "CleanGreenPK", "name": "CleanGreenPakistan"}], "symbols": [], "hashtags": [{"indices": [18, 27], "text": "Pakistan"}], "urls": []}, "retweeted": false, "coordinates": null, "timestamp_ms": "1539423178027", "source": "<a href=\"http://twitter.com/download/iphone\" rel=\"nofollow\">Twitter for iPhone</a>", "in_reply_to_screen_name": null, "id_str": "1051043103749152769", "retweet_count": 0, "in_reply_to_user_id": null, "favorited": false, "retweeted_status": {"quote_count": 0, "contributors": null, "truncated": true, "text": "#Pakistan: Washing hands well and often is the best way to keep from getting sick. \n\nAdvisor to Prime Minister on C\u2026 https://t.co/8tAhEmdhVg", "is_quote_status": false, "in_reply_to_status_id": null, "reply_count": 0, "id": 1051042995745812481, "favorite_count": 0, "entities": {"user_mentions": [], "symbols": [], "hashtags": [{"indices": [0, 9], "text": "Pakistan"}], "urls": [{"url": "https://t.co/8tAhEmdhVg", "indices": [117, 140], "expanded_url": "https://twitter.com/i/web/status/1051042995745812481", "display_url": "twitter.com/i/web/status/1\u2026"}]}, "retweeted": false, "coordinates": null, "source": "<a href=\"http://twitter.com/download/iphone\" rel=\"nofollow\">Twitter for iPhone</a>", "in_reply_to_screen_name": null, "id_str": "1051042995745812481", "display_text_range": [0, 140], "retweet_count": 1, "in_reply_to_user_id": null, "favorited": false, "user": {"follow_request_sent": null, "profile_use_background_image": true, "default_profile_image": false, "id": 1048144945301868544, "default_profile": true, "verified": false, "profile_image_url_https": "https://pbs.twimg.com/profile_images/1050298109283246080/AfAOKfZC_normal.jpg", "profile_sidebar_fill_color": "DDEEF6", "profile_text_color": "333333", "followers_count": 2908, "profile_sidebar_border_color": "C0DEED", "id_str": "1048144945301868544", "profile_background_color": "F5F8FA", "listed_count": 4, "profile_background_image_url_https": "", "utc_offset": null, "statuses_count": 61, "description": "Official account of Prime Minister's nationwide cleanliness and tree plantation drive", "friends_count": 11, "location": "Islamabad, Pakistan", "profile_link_color": "1DA1F2", "profile_image_url": "http://pbs.twimg.com/profile_images/1050298109283246080/AfAOKfZC_normal.jpg", "following": null, "geo_enabled": false, "profile_banner_url": "https://pbs.twimg.com/profile_banners/1048144945301868544/1539254342", "profile_background_image_url": "", "name": "CleanGreenPakistan", "lang": "en", "profile_background_tile": false, "favourites_count": 4, "screen_name": "CleanGreenPK", "notifications": null, "url": null, "created_at": "Fri Oct 05 09:36:43 +0000 2018", "contributors_enabled": false, "time_zone": null, "protected": false, "translator_type": "none", "is_translator": false}, "geo": null, "in_reply_to_user_id_str": null, "possibly_sensitive": false, "lang": "en", "extended_tweet": {"display_text_range": [0, 209], "entities": {"user_mentions": [{"id": 49312457, "indices": [129, 140], "id_str": "49312457", "screen_name": "aminattock", "name": "Malik Amin Aslam"}], "symbols": [], "hashtags": [{"indices": [0, 9], "text": "Pakistan"}, {"indices": [180, 199], "text": "CleanGreenPakistan"}], "urls": [], "media": [{"additional_media_info": {"monetizable": false}, "expanded_url": "https://twitter.com/CleanGreenPK/status/1051042995745812481/video/1", "display_url": "pic.twitter.com/sr8DjvFLvT", "url": "https://t.co/sr8DjvFLvT", "media_url_https": "https://pbs.twimg.com/ext_tw_video_thumb/1051040045937946624/pu/img/l0FdWreNvuaMNP2E.jpg", "video_info": {"aspect_ratio": [9, 16], "duration_millis": 62733, "variants": [{"url": "https://video.twimg.com/ext_tw_video/1051040045937946624/pu/pl/nhrx7gRV7j45up9W.m3u8?tag=5", "content_type": "application/x-mpegURL"}, {"url": "https://video.twimg.com/ext_tw_video/1051040045937946624/pu/vid/360x640/z6rvBo5O6XDgHveU.mp4?tag=5", "bitrate": 832000, "content_type": "video/mp4"}, {"url": "https://video.twimg.com/ext_tw_video/1051040045937946624/pu/vid/180x320/E50tKLbRio_j-z0o.mp4?tag=5", "bitrate": 256000, "content_type": "video/mp4"}, {"url": "https://video.twimg.com/ext_tw_video/1051040045937946624/pu/vid/720x1280/qLyCC8gq1GmZp7j_.mp4?tag=5", "bitrate": 2176000, "content_type": "video/mp4"}]}, "id_str": "1051040045937946624", "sizes": {"small": {"h": 680, "resize": "fit", "w": 383}, "large": {"h": 1280, "resize": "fit", "w": 720}, "medium": {"h": 1200, "resize": "fit", "w": 675}, "thumb": {"h": 150, "resize": "crop", "w": 150}}, "indices": [210, 233], "type": "video", "id": 1051040045937946624, "media_url": "http://pbs.twimg.com/ext_tw_video_thumb/1051040045937946624/pu/img/l0FdWreNvuaMNP2E.jpg"}]}, "extended_entities": {"media": [{"additional_media_info": {"monetizable": false}, "expanded_url": "https://twitter.com/CleanGreenPK/status/1051042995745812481/video/1", "display_url": "pic.twitter.com/sr8DjvFLvT", "url": "https://t.co/sr8DjvFLvT", "media_url_https": "https://pbs.twimg.com/ext_tw_video_thumb/1051040045937946624/pu/img/l0FdWreNvuaMNP2E.jpg", "video_info": {"aspect_ratio": [9, 16], "duration_millis": 62733, "variants": [{"url": "https://video.twimg.com/ext_tw_video/1051040045937946624/pu/pl/nhrx7gRV7j45up9W.m3u8?tag=5", "content_type": "application/x-mpegURL"}, {"url": "https://video.twimg.com/ext_tw_video/1051040045937946624/pu/vid/360x640/z6rvBo5O6XDgHveU.mp4?tag=5", "bitrate": 832000, "content_type": "video/mp4"}, {"url": "https://video.twimg.com/ext_tw_video/1051040045937946624/pu/vid/180x320/E50tKLbRio_j-z0o.mp4?tag=5", "bitrate": 256000, "content_type": "video/mp4"}, {"url": "https://video.twimg.com/ext_tw_video/1051040045937946624/pu/vid/720x1280/qLyCC8gq1GmZp7j_.mp4?tag=5", "bitrate": 2176000, "content_type": "video/mp4"}]}, "id_str": "1051040045937946624", "sizes": {"small": {"h": 680, "resize": "fit", "w": 383}, "large": {"h": 1280, "resize": "fit", "w": 720}, "medium": {"h": 1200, "resize": "fit", "w": 675}, "thumb": {"h": 150, "resize": "crop", "w": 150}}, "indices": [210, 233], "type": "video", "id": 1051040045937946624, "media_url": "http://pbs.twimg.com/ext_tw_video_thumb/1051040045937946624/pu/img/l0FdWreNvuaMNP2E.jpg"}]}, "full_text": "#Pakistan: Washing hands well and often is the best way to keep from getting sick. \n\nAdvisor to Prime Minister on Climate Change @aminattock along with school children started the #CleanGreenPakistan movement. https://t.co/sr8DjvFLvT"}, "created_at": "Sat Oct 13 09:32:32 +0000 2018", "filter_level": "low", "in_reply_to_status_id_str": null, "place": null}, "user": {"follow_request_sent": null, "profile_use_background_image": true, "default_profile_image": false, "id": 345389261, "default_profile": false, "verified": false, "profile_image_url_https": "https://pbs.twimg.com/profile_images/1049255873670000640/Xj9Oyjfx_normal.jpg", "profile_sidebar_fill_color": "7AC3EE", "profile_text_color": "3D1957", "followers_count": 411, "profile_sidebar_border_color": "65B0DA", "id_str": "345389261", "profile_background_color": "642D8B", "listed_count": 12, "profile_background_image_url_https": "https://abs.twimg.com/images/themes/theme10/bg.gif", "utc_offset": null, "statuses_count": 17657, "description": "Muhammad(PBUH)my ideal,Jinnah,Iqbal, Imran khan,PTI. Cricket,History,Current Affairs.Pakistan \ud83c\uddf5\ud83c\uddf0 in my blood.RT not Endorsement! Death is only the Beginning!", "friends_count": 680, "location": "London/Islamabad", "profile_link_color": "FF0000", "profile_image_url": "http://pbs.twimg.com/profile_images/1049255873670000640/Xj9Oyjfx_normal.jpg", "following": null, "geo_enabled": true, "profile_banner_url": "https://pbs.twimg.com/profile_banners/345389261/1383344725", "profile_background_image_url": "http://abs.twimg.com/images/themes/theme10/bg.gif", "name": "Muhammad Ali Awan", "lang": "en", "profile_background_tile": true, "favourites_count": 25921, "screen_name": "ma_awan", "notifications": null, "url": null, "created_at": "Sat Jul 30 14:28:06 +0000 2011", "contributors_enabled": false, "time_zone": null, "protected": false, "translator_type": "none", "is_translator": false}, "geo": null, "in_reply_to_user_id_str": null, "lang": "en", "created_at": "Sat Oct 13 09:32:58 +0000 2018", "filter_level": "low", "in_reply_to_status_id_str": null, "place": null}
{"quote_count": 0, "contributors": null, "truncated": false, "text": "Chief Justice in #Pakistan is treated like a #rockstar #AJCONF2018 https://t.co/ZXlggVu4dZ", "is_quote_status": false, "in_reply_to_status_id": null, "reply_count": 0, "id": 1051043116462067712, "favorite_count": 0, "entities": {"user_mentions": [], "symbols": [], "hashtags": [{"indices": [17, 26], "text": "Pakistan"}, {"indices": [45, 54], "text": "rockstar"}, {"indices": [55, 66], "text": "AJCONF2018"}], "urls": [], "media": [{"expanded_url": "https://twitter.com/Kirsty_Brimelow/status/1051043116462067712/photo/1", "display_url": "pic.twitter.com/ZXlggVu4dZ", "url": "https://t.co/ZXlggVu4dZ", "media_url_https": "https://pbs.twimg.com/media/DpYOJOwW4AAjB7g.jpg", "id_str": "1051043114780123136", "sizes": {"large": {"h": 1536, "resize": "fit", "w": 2048}, "small": {"h": 510, "resize": "fit", "w": 680}, "medium": {"h": 900, "resize": "fit", "w": 1200}, "thumb": {"h": 150, "resize": "crop", "w": 150}}, "indices": [67, 90], "type": "photo", "id": 1051043114780123136, "media_url": "http://pbs.twimg.com/media/DpYOJOwW4AAjB7g.jpg"}]}, "retweeted": false, "coordinates": null, "timestamp_ms": "1539423181058", "source": "<a href=\"http://twitter.com/download/iphone\" rel=\"nofollow\">Twitter for iPhone</a>", "in_reply_to_screen_name": null, "id_str": "1051043116462067712", "display_text_range": [0, 66], "retweet_count": 0, "in_reply_to_user_id": null, "favorited": false, "user": {"follow_request_sent": null, "profile_use_background_image": true, "default_profile_image": false, "id": 54369972, "default_profile": true, "verified": false, "profile_image_url_https": "https://pbs.twimg.com/profile_images/994340798463389698/Kxg33hbY_normal.jpg", "profile_sidebar_fill_color": "DDEEF6", "profile_text_color": "333333", "followers_count": 12584, "profile_sidebar_border_color": "C0DEED", "id_str": "54369972", "profile_background_color": "C0DEED", "listed_count": 217, "profile_background_image_url_https": "https://abs.twimg.com/images/themes/theme1/bg.png", "utc_offset": null, "statuses_count": 17755, "description": "QC: Doughty Street Chambers; Bencher @honsocgraysinn;Chair @barhumanrights;Boards @glan_law & @pbiuk & fellow @theRSAorg;trustee @civitas_maxima Personal tweets", "friends_count": 2222, "location": "London, England", "profile_link_color": "1DA1F2", "profile_image_url": "http://pbs.twimg.com/profile_images/994340798463389698/Kxg33hbY_normal.jpg", "following": null, "geo_enabled": true, "profile_banner_url": "https://pbs.twimg.com/profile_banners/54369972/1456440231", "profile_background_image_url": "http://abs.twimg.com/images/themes/theme1/bg.png", "name": "Kirsty Brimelow QC", "lang": "en", "profile_background_tile": false, "favourites_count": 1026, "screen_name": "Kirsty_Brimelow", "notifications": null, "url": "http://www.doughtystreet.co.uk/barristers/profile/kirsty-brimelow-qc", "created_at": "Mon Jul 06 23:18:09 +0000 2009", "contributors_enabled": false, "time_zone": null, "protected": false, "translator_type": "none", "is_translator": false}, "geo": null, "in_reply_to_user_id_str": null, "possibly_sensitive": false, "lang": "en", "created_at": "Sat Oct 13 09:33:01 +0000 2018", "filter_level": "low", "in_reply_to_status_id_str": null, "place": null, "extended_entities": {"media": [{"expanded_url": "https://twitter.com/Kirsty_Brimelow/status/1051043116462067712/photo/1", "display_url": "pic.twitter.com/ZXlggVu4dZ", "url": "https://t.co/ZXlggVu4dZ", "media_url_https": "https://pbs.twimg.com/media/DpYOJOwW4AAjB7g.jpg", "id_str": "1051043114780123136", "sizes": {"large": {"h": 1536, "resize": "fit", "w": 2048}, "small": {"h": 510, "resize": "fit", "w": 680}, "medium": {"h": 900, "resize": "fit", "w": 1200}, "thumb": {"h": 150, "resize": "crop", "w": 150}}, "indices": [67, 90], "type": "photo", "id": 1051043114780123136, "media_url": "http://pbs.twimg.com/media/DpYOJOwW4AAjB7g.jpg"}]}}
{"quote_count": 0, "contributors": null, "truncated": false, "text": "RT @junaid_ism: #Pakistan https://t.co/YC6MSzXEj3", "is_quote_status": false, "in_reply_to_status_id": null, "reply_count": 0, "id": 1051043139744616449, "favorite_count": 0, "entities": {"user_mentions": [{"id": 2784123199, "indices": [3, 14], "id_str": "2784123199", "screen_name": "junaid_ism", "name": "\u062c\u064f\u0646\u06cc\u062f _ \u0627\u0650\u0632\u0650\u0645 \ud83c\uddf5\ud83c\uddf0"}], "symbols": [], "hashtags": [{"indices": [16, 25], "text": "Pakistan"}], "urls": [], "media": [{"source_user_id": 2784123199, "source_status_id_str": "1050884098351349761", "expanded_url": "https://twitter.com/junaid_ism/status/1050884098351349761/photo/1", "display_url": "pic.twitter.com/YC6MSzXEj3", "url": "https://t.co/YC6MSzXEj3", "media_url_https": "https://pbs.twimg.com/media/DpV9ftuXgAAqOyE.jpg", "source_user_id_str": "2784123199", "source_status_id": 1050884098351349761, "id_str": "1050884071864369152", "sizes": {"small": {"h": 680, "resize": "fit", "w": 314}, "large": {"h": 2048, "resize": "fit", "w": 946}, "medium": {"h": 1200, "resize": "fit", "w": 554}, "thumb": {"h": 150, "resize": "crop", "w": 150}}, "indices": [26, 49], "type": "photo", "id": 1050884071864369152, "media_url": "http://pbs.twimg.com/media/DpV9ftuXgAAqOyE.jpg"}]}, "retweeted": false, "coordinates": null, "timestamp_ms": "1539423186609", "source": "<a href=\"http://twitter.com/download/android\" rel=\"nofollow\">Twitter for Android</a>", "in_reply_to_screen_name": null, "id_str": "1051043139744616449", "retweet_count": 0, "in_reply_to_user_id": null, "favorited": false, "retweeted_status": {"quote_count": 0, "contributors": null, "truncated": false, "text": "#Pakistan https://t.co/YC6MSzXEj3", "is_quote_status": false, "in_reply_to_status_id": null, "reply_count": 0, "id": 1050884098351349761, "favorite_count": 7, "entities": {"user_mentions": [], "symbols": [], "hashtags": [{"indices": [0, 9], "text": "Pakistan"}], "urls": [], "media": [{"expanded_url": "https://twitter.com/junaid_ism/status/1050884098351349761/photo/1", "display_url": "pic.twitter.com/YC6MSzXEj3", "url": "https://t.co/YC6MSzXEj3", "media_url_https": "https://pbs.twimg.com/media/DpV9ftuXgAAqOyE.jpg", "id_str": "1050884071864369152", "sizes": {"small": {"h": 680, "resize": "fit", "w": 314}, "large": {"h": 2048, "resize": "fit", "w": 946}, "medium": {"h": 1200, "resize": "fit", "w": 554}, "thumb": {"h": 150, "resize": "crop", "w": 150}}, "indices": [10, 33], "type": "photo", "id": 1050884071864369152, "media_url": "http://pbs.twimg.com/media/DpV9ftuXgAAqOyE.jpg"}]}, "retweeted": false, "coordinates": null, "source": "<a href=\"http://twitter.com/download/iphone\" rel=\"nofollow\">Twitter for iPhone</a>", "in_reply_to_screen_name": null, "id_str": "1050884098351349761", "display_text_range": [0, 9], "retweet_count": 5, "in_reply_to_user_id": null, "favorited": false, "user": {"follow_request_sent": null, "profile_use_background_image": true, "default_profile_image": false, "id": 2784123199, "default_profile": true, "verified": false, "profile_image_url_https": "https://pbs.twimg.com/profile_images/1051001627015032832/FYt0JD8C_normal.jpg", "profile_sidebar_fill_color": "DDEEF6", "profile_text_color": "333333", "followers_count": 18677, "profile_sidebar_border_color": "C0DEED", "id_str": "2784123199", "profile_background_color": "C0DEED", "listed_count": 23, "profile_background_image_url_https": "https://abs.twimg.com/images/themes/theme1/bg.png", "utc_offset": null, "statuses_count": 89168, "description": "\u0645\u0630\u0627\u0642 \u06a9\u06cc \u062d\u062f\u0648\u062f \u06a9\u0627 \u062a\u0639\u06cc\u0651\u0646 \u0627\u0648\u0631 \u0627\u0644\u0641\u0627\u0638 \u06a9\u06d2\u0645\u0646\u0627\u0633\u0628 \u0686\u0646\u0627\u0624 \u06a9\u0627 \u0627\u0633\u062a\u0639\u0645\u0627\u0644 \u06a9\u0631\u0646\u06d2 \u0648\u0627\u0644\u0648\u06ba \u06a9\u0648 \u062e\u0648\u0634 \u0622\u0645\u062f\u06cc\u062f | \u0633\u0627\u062f\u06c1 \u060c \u0648\u0637\u0646 \u067e\u0631\u0633\u062a\ud83c\uddf5\ud83c\uddf0| https://twitter.com/search?q=from:junaid_ism", "friends_count": 314, "location": "Dubai, United Arab Emirates", "profile_link_color": "1DA1F2", "profile_image_url": "http://pbs.twimg.com/profile_images/1051001627015032832/FYt0JD8C_normal.jpg", "following": null, "geo_enabled": true, "profile_banner_url": "https://pbs.twimg.com/profile_banners/2784123199/1494050522", "profile_background_image_url": "http://abs.twimg.com/images/themes/theme1/bg.png", "name": "\u062c\u064f\u0646\u06cc\u062f _ \u0627\u0650\u0632\u0650\u0645 \ud83c\uddf5\ud83c\uddf0", "lang": "en", "profile_background_tile": false, "favourites_count": 60799, "screen_name": "junaid_ism", "notifications": null, "url": null, "created_at": "Mon Sep 01 13:09:15 +0000 2014", "contributors_enabled": false, "time_zone": null, "protected": false, "translator_type": "none", "is_translator": false}, "geo": null, "in_reply_to_user_id_str": null, "possibly_sensitive": false, "lang": "und", "created_at": "Fri Oct 12 23:01:08 +0000 2018", "filter_level": "low", "in_reply_to_status_id_str": null, "place": null, "extended_entities": {"media": [{"expanded_url": "https://twitter.com/junaid_ism/status/1050884098351349761/photo/1", "display_url": "pic.twitter.com/YC6MSzXEj3", "url": "https://t.co/YC6MSzXEj3", "media_url_https": "https://pbs.twimg.com/media/DpV9ftuXgAAqOyE.jpg", "id_str": "1050884071864369152", "sizes": {"small": {"h": 680, "resize": "fit", "w": 314}, "large": {"h": 2048, "resize": "fit", "w": 946}, "medium": {"h": 1200, "resize": "fit", "w": 554}, "thumb": {"h": 150, "resize": "crop", "w": 150}}, "indices": [10, 33], "type": "photo", "id": 1050884071864369152, "media_url": "http://pbs.twimg.com/media/DpV9ftuXgAAqOyE.jpg"}, {"expanded_url": "https://twitter.com/junaid_ism/status/1050884098351349761/photo/1", "display_url": "pic.twitter.com/YC6MSzXEj3", "url": "https://t.co/YC6MSzXEj3", "media_url_https": "https://pbs.twimg.com/media/DpV9ftyWwAAfH9C.jpg", "id_str": "1050884071881097216", "sizes": {"small": {"h": 680, "resize": "fit", "w": 314}, "large": {"h": 2048, "resize": "fit", "w": 946}, "medium": {"h": 1200, "resize": "fit", "w": 554}, "thumb": {"h": 150, "resize": "crop", "w": 150}}, "indices": [10, 33], "type": "photo", "id": 1050884071881097216, "media_url": "http://pbs.twimg.com/media/DpV9ftyWwAAfH9C.jpg"}, {"expanded_url": "https://twitter.com/junaid_ism/status/1050884098351349761/photo/1", "display_url": "pic.twitter.com/YC6MSzXEj3", "url": "https://t.co/YC6MSzXEj3", "media_url_https": "https://pbs.twimg.com/media/DpV9ftvX4AEGreY.jpg", "id_str": "1050884071868588033", "sizes": {"large": {"h": 2048, "resize": "fit", "w": 946}, "small": {"h": 680, "resize": "fit", "w": 314}, "medium": {"h": 1200, "resize": "fit", "w": 554}, "thumb": {"h": 150, "resize": "crop", "w": 150}}, "indices": [10, 33], "type": "photo", "id": 1050884071868588033, "media_url": "http://pbs.twimg.com/media/DpV9ftvX4AEGreY.jpg"}, {"expanded_url": "https://twitter.com/junaid_ism/status/1050884098351349761/photo/1", "display_url": "pic.twitter.com/YC6MSzXEj3", "url": "https://t.co/YC6MSzXEj3", "media_url_https": "https://pbs.twimg.com/media/DpV9ftsWwAEV9Vk.jpg", "id_str": "1050884071855931393", "sizes": {"large": {"h": 2048, "resize": "fit", "w": 946}, "small": {"h": 680, "resize": "fit", "w": 314}, "medium": {"h": 1200, "resize": "fit", "w": 554}, "thumb": {"h": 150, "resize": "crop", "w": 150}}, "indices": [10, 33], "type": "photo", "id": 1050884071855931393, "media_url": "http://pbs.twimg.com/media/DpV9ftsWwAEV9Vk.jpg"}]}}, "user": {"follow_request_sent": null, "profile_use_background_image": true, "default_profile_image": false, "id": 2483845033, "default_profile": true, "verified": false, "profile_image_url_https": "https://pbs.twimg.com/profile_images/1048611691393687552/Ob-u9Cws_normal.jpg", "profile_sidebar_fill_color": "DDEEF6", "profile_text_color": "333333", "followers_count": 1630, "profile_sidebar_border_color": "C0DEED", "id_str": "2483845033", "profile_background_color": "C0DEED", "listed_count": 6, "profile_background_image_url_https": "https://abs.twimg.com/images/themes/theme1/bg.png", "utc_offset": null, "statuses_count": 56150, "description": "\u200f\u200f\u200f\u200f\u200f\u200f\u200f\u200f\u200f\u200f\u200f\u200f\u200f\u200f\u200f\u200f\u200f\u200f\u200f\u200f\u200f\u200f\u200f\u200f\u06cc\u0627\u0631\u0628 \u0627\u0644\u0639\u0627\u0644\u0645\u06cc\u0646\u2066\ud83c\uddf8\ud83c\udde6\u2069 #\u067e\u0627\u06a9\u0633\u062a\u0627\u0646 \u2066\ud83c\uddf5\ud83c\uddf0\u2069\u0627\u0648\u0631\u067e\u0627\u06a9\u0633\u062a\u0627\u0646\u06cc\u0648\u06ba \u06a9\u0648\u06be\u0631\u0637\u0631\u062d \u06a9\u06d2\u0638\u0627\u06c1\u0631\u06cc \u0628\u0627\u0637\u0646\u06cc \u0637\u0631\u06cc\u0642\u0648\u06ba \u0633\u06d2\u0644\u0648\u0679\u0646\u06d2\u0648\u0627\u0644\u0648\u06ba \u06a9\u0648\u0646\u0634\u0627\u0646 \u0639\u0628\u0631\u062a \u0628\u0646\u0627\u062f\u06d2 \u0622\u0645\u06cc\u0646 \u06cc\u0627\u0631\u0628 \u0627\u0644\u0639\u0627\u0644\u0645\u06cc\u0646\u2066\ud83c\uddf8\ud83c\udde6\u2069", "friends_count": 3813, "location": "in my sweet heart\ud83d\udc93 \ud83d\ude0d", "profile_link_color": "1DA1F2", "profile_image_url": "http://pbs.twimg.com/profile_images/1048611691393687552/Ob-u9Cws_normal.jpg", "following": null, "geo_enabled": false, "profile_banner_url": "https://pbs.twimg.com/profile_banners/2483845033/1535646013", "profile_background_image_url": "http://abs.twimg.com/images/themes/theme1/bg.png", "name": "\ud83c\uddf5\ud83c\uddf0Hussain\ud83d\udc9eAltaf\ud83c\uddf8\ud83c\udde6", "lang": "en", "profile_background_tile": false, "favourites_count": 22161, "screen_name": "altafjan777", "notifications": null, "url": null, "created_at": "Thu May 08 14:34:42 +0000 2014", "contributors_enabled": false, "time_zone": null, "protected": false, "translator_type": "none", "is_translator": false}, "geo": null, "in_reply_to_user_id_str": null, "possibly_sensitive": false, "lang": "und", "created_at": "Sat Oct 13 09:33:06 +0000 2018", "filter_level": "low", "in_reply_to_status_id_str": null, "place": null, "extended_entities": {"media": [{"source_user_id": 2784123199, "source_status_id_str": "1050884098351349761", "expanded_url": "https://twitter.com/junaid_ism/status/1050884098351349761/photo/1", "display_url": "pic.twitter.com/YC6MSzXEj3", "url": "https://t.co/YC6MSzXEj3", "media_url_https": "https://pbs.twimg.com/media/DpV9ftuXgAAqOyE.jpg", "source_user_id_str": "2784123199", "source_status_id": 1050884098351349761, "id_str": "1050884071864369152", "sizes": {"small": {"h": 680, "resize": "fit", "w": 314}, "large": {"h": 2048, "resize": "fit", "w": 946}, "medium": {"h": 1200, "resize": "fit", "w": 554}, "thumb": {"h": 150, "resize": "crop", "w": 150}}, "indices": [26, 49], "type": "photo", "id": 1050884071864369152, "media_url": "http://pbs.twimg.com/media/DpV9ftuXgAAqOyE.jpg"}, {"source_user_id": 2784123199, "source_status_id_str": "1050884098351349761", "expanded_url": "https://twitter.com/junaid_ism/status/1050884098351349761/photo/1", "display_url": "pic.twitter.com/YC6MSzXEj3", "url": "https://t.co/YC6MSzXEj3", "media_url_https": "https://pbs.twimg.com/media/DpV9ftyWwAAfH9C.jpg", "source_user_id_str": "2784123199", "source_status_id": 1050884098351349761, "id_str": "1050884071881097216", "sizes": {"small": {"h": 680, "resize": "fit", "w": 314}, "large": {"h": 2048, "resize": "fit", "w": 946}, "medium": {"h": 1200, "resize": "fit", "w": 554}, "thumb": {"h": 150, "resize": "crop", "w": 150}}, "indices": [26, 49], "type": "photo", "id": 1050884071881097216, "media_url": "http://pbs.twimg.com/media/DpV9ftyWwAAfH9C.jpg"}, {"source_user_id": 2784123199, "source_status_id_str": "1050884098351349761", "expanded_url": "https://twitter.com/junaid_ism/status/1050884098351349761/photo/1", "display_url": "pic.twitter.com/YC6MSzXEj3", "url": "https://t.co/YC6MSzXEj3", "media_url_https": "https://pbs.twimg.com/media/DpV9ftvX4AEGreY.jpg", "source_user_id_str": "2784123199", "source_status_id": 1050884098351349761, "id_str": "1050884071868588033", "sizes": {"large": {"h": 2048, "resize": "fit", "w": 946}, "small": {"h": 680, "resize": "fit", "w": 314}, "medium": {"h": 1200, "resize": "fit", "w": 554}, "thumb": {"h": 150, "resize": "crop", "w": 150}}, "indices": [26, 49], "type": "photo", "id": 1050884071868588033, "media_url": "http://pbs.twimg.com/media/DpV9ftvX4AEGreY.jpg"}, {"source_user_id": 2784123199, "source_status_id_str": "1050884098351349761", "expanded_url": "https://twitter.com/junaid_ism/status/1050884098351349761/photo/1", "display_url": "pic.twitter.com/YC6MSzXEj3", "url": "https://t.co/YC6MSzXEj3", "media_url_https": "https://pbs.twimg.com/media/DpV9ftsWwAEV9Vk.jpg", "source_user_id_str": "2784123199", "source_status_id": 1050884098351349761, "id_str": "1050884071855931393", "sizes": {"large": {"h": 2048, "resize": "fit", "w": 946}, "small": {"h": 680, "resize": "fit", "w": 314}, "medium": {"h": 1200, "resize": "fit", "w": 554}, "thumb": {"h": 150, "resize": "crop", "w": 150}}, "indices": [26, 49], "type": "photo", "id": 1050884071855931393, "media_url": "http://pbs.twimg.com/media/DpV9ftsWwAEV9Vk.jpg"}]}}
{"quote_count": 0, "contributors": null, "truncated": false, "text": "RT @CleanGreenPK: #Pakistan: Washing hands well and often is the best way to keep from getting sick. \n\nAdvisor to Prime Minister on Climate\u2026", "is_quote_status": false, "in_reply_to_status_id": null, "reply_count": 0, "id": 1051043171763933184, "favorite_count": 0, "entities": {"user_mentions": [{"id": 1048144945301868544, "indices": [3, 16], "id_str": "1048144945301868544", "screen_name": "CleanGreenPK", "name": "CleanGreenPakistan"}], "symbols": [], "hashtags": [{"indices": [18, 27], "text": "Pakistan"}], "urls": []}, "retweeted": false, "coordinates": null, "timestamp_ms": "1539423194243", "source": "<a href=\"http://twitter.com/download/android\" rel=\"nofollow\">Twitter for Android</a>", "in_reply_to_screen_name": null, "id_str": "1051043171763933184", "retweet_count": 0, "in_reply_to_user_id": null, "favorited": false, "retweeted_status": {"quote_count": 0, "contributors": null, "truncated": true, "text": "#Pakistan: Washing hands well and often is the best way to keep from getting sick. \n\nAdvisor to Prime Minister on C\u2026 https://t.co/8tAhEmdhVg", "is_quote_status": false, "in_reply_to_status_id": null, "reply_count": 0, "id": 1051042995745812481, "favorite_count": 1, "entities": {"user_mentions": [], "symbols": [], "hashtags": [{"indices": [0, 9], "text": "Pakistan"}], "urls": [{"url": "https://t.co/8tAhEmdhVg", "indices": [117, 140], "expanded_url": "https://twitter.com/i/web/status/1051042995745812481", "display_url": "twitter.com/i/web/status/1\u2026"}]}, "retweeted": false, "coordinates": null, "source": "<a href=\"http://twitter.com/download/iphone\" rel=\"nofollow\">Twitter for iPhone</a>", "in_reply_to_screen_name": null, "id_str": "1051042995745812481", "display_text_range": [0, 140], "retweet_count": 2, "in_reply_to_user_id": null, "favorited": false, "user": {"follow_request_sent": null, "profile_use_background_image": true, "default_profile_image": false, "id": 1048144945301868544, "default_profile": true, "verified": false, "profile_image_url_https": "https://pbs.twimg.com/profile_images/1050298109283246080/AfAOKfZC_normal.jpg", "profile_sidebar_fill_color": "DDEEF6", "profile_text_color": "333333", "followers_count": 2908, "profile_sidebar_border_color": "C0DEED", "id_str": "1048144945301868544", "profile_background_color": "F5F8FA", "listed_count": 4, "profile_background_image_url_https": "", "utc_offset": null, "statuses_count": 61, "description": "Official account of Prime Minister's nationwide cleanliness and tree plantation drive", "friends_count": 11, "location": "Islamabad, Pakistan", "profile_link_color": "1DA1F2", "profile_image_url": "http://pbs.twimg.com/profile_images/1050298109283246080/AfAOKfZC_normal.jpg", "following": null, "geo_enabled": false, "profile_banner_url": "https://pbs.twimg.com/profile_banners/1048144945301868544/1539254342", "profile_background_image_url": "", "name": "CleanGreenPakistan", "lang": "en", "profile_background_tile": false, "favourites_count": 4, "screen_name": "CleanGreenPK", "notifications": null, "url": null, "created_at": "Fri Oct 05 09:36:43 +0000 2018", "contributors_enabled": false, "time_zone": null, "protected": false, "translator_type": "none", "is_translator": false}, "geo": null, "in_reply_to_user_id_str": null, "possibly_sensitive": false, "lang": "en", "extended_tweet": {"display_text_range": [0, 209], "entities": {"user_mentions": [{"id": 49312457, "indices": [129, 140], "id_str": "49312457", "screen_name": "aminattock", "name": "Malik Amin Aslam"}], "symbols": [], "hashtags": [{"indices": [0, 9], "text": "Pakistan"}, {"indices": [180, 199], "text": "CleanGreenPakistan"}], "urls": [], "media": [{"additional_media_info": {"monetizable": false}, "expanded_url": "https://twitter.com/CleanGreenPK/status/1051042995745812481/video/1", "display_url": "pic.twitter.com/sr8DjvFLvT", "url": "https://t.co/sr8DjvFLvT", "media_url_https": "https://pbs.twimg.com/ext_tw_video_thumb/1051040045937946624/pu/img/l0FdWreNvuaMNP2E.jpg", "video_info": {"aspect_ratio": [9, 16], "duration_millis": 62733, "variants": [{"url": "https://video.twimg.com/ext_tw_video/1051040045937946624/pu/pl/nhrx7gRV7j45up9W.m3u8?tag=5", "content_type": "application/x-mpegURL"}, {"url": "https://video.twimg.com/ext_tw_video/1051040045937946624/pu/vid/360x640/z6rvBo5O6XDgHveU.mp4?tag=5", "bitrate": 832000, "content_type": "video/mp4"}, {"url": "https://video.twimg.com/ext_tw_video/1051040045937946624/pu/vid/180x320/E50tKLbRio_j-z0o.mp4?tag=5", "bitrate": 256000, "content_type": "video/mp4"}, {"url": "https://video.twimg.com/ext_tw_video/1051040045937946624/pu/vid/720x1280/qLyCC8gq1GmZp7j_.mp4?tag=5", "bitrate": 2176000, "content_type": "video/mp4"}]}, "id_str": "1051040045937946624", "sizes": {"small": {"h": 680, "resize": "fit", "w": 383}, "large": {"h": 1280, "resize": "fit", "w": 720}, "medium": {"h": 1200, "resize": "fit", "w": 675}, "thumb": {"h": 150, "resize": "crop", "w": 150}}, "indices": [210, 233], "type": "video", "id": 1051040045937946624, "media_url": "http://pbs.twimg.com/ext_tw_video_thumb/1051040045937946624/pu/img/l0FdWreNvuaMNP2E.jpg"}]}, "extended_entities": {"media": [{"additional_media_info": {"monetizable": false}, "expanded_url": "https://twitter.com/CleanGreenPK/status/1051042995745812481/video/1", "display_url": "pic.twitter.com/sr8DjvFLvT", "url": "https://t.co/sr8DjvFLvT", "media_url_https": "https://pbs.twimg.com/ext_tw_video_thumb/1051040045937946624/pu/img/l0FdWreNvuaMNP2E.jpg", "video_info": {"aspect_ratio": [9, 16], "duration_millis": 62733, "variants": [{"url": "https://video.twimg.com/ext_tw_video/1051040045937946624/pu/pl/nhrx7gRV7j45up9W.m3u8?tag=5", "content_type": "application/x-mpegURL"}, {"url": "https://video.twimg.com/ext_tw_video/1051040045937946624/pu/vid/360x640/z6rvBo5O6XDgHveU.mp4?tag=5", "bitrate": 832000, "content_type": "video/mp4"}, {"url": "https://video.twimg.com/ext_tw_video/1051040045937946624/pu/vid/180x320/E50tKLbRio_j-z0o.mp4?tag=5", "bitrate": 256000, "content_type": "video/mp4"}, {"url": "https://video.twimg.com/ext_tw_video/1051040045937946624/pu/vid/720x1280/qLyCC8gq1GmZp7j_.mp4?tag=5", "bitrate": 2176000, "content_type": "video/mp4"}]}, "id_str": "1051040045937946624", "sizes": {"small": {"h": 680, "resize": "fit", "w": 383}, "large": {"h": 1280, "resize": "fit", "w": 720}, "medium": {"h": 1200, "resize": "fit", "w": 675}, "thumb": {"h": 150, "resize": "crop", "w": 150}}, "indices": [210, 233], "type": "video", "id": 1051040045937946624, "media_url": "http://pbs.twimg.com/ext_tw_video_thumb/1051040045937946624/pu/img/l0FdWreNvuaMNP2E.jpg"}]}, "full_text": "#Pakistan: Washing hands well and often is the best way to keep from getting sick. \n\nAdvisor to Prime Minister on Climate Change @aminattock along with school children started the #CleanGreenPakistan movement. https://t.co/sr8DjvFLvT"}, "created_at": "Sat Oct 13 09:32:32 +0000 2018", "filter_level": "low", "in_reply_to_status_id_str": null, "place": null}, "user": {"follow_request_sent": null, "profile_use_background_image": true, "default_profile_image": false, "id": 367129804, "default_profile": true, "verified": false, "profile_image_url_https": "https://pbs.twimg.com/profile_images/1009036118636089344/GVO1sE3C_normal.jpg", "profile_sidebar_fill_color": "DDEEF6", "profile_text_color": "333333", "followers_count": 112, "profile_sidebar_border_color": "C0DEED", "id_str": "367129804", "profile_background_color": "C0DEED", "listed_count": 1, "profile_background_image_url_https": "https://abs.twimg.com/images/themes/theme1/bg.png", "utc_offset": null, "statuses_count": 421, "description": "MBA Finance\nDirector of SKPlast", "friends_count": 335, "location": "Lahore, Pakistan", "profile_link_color": "1DA1F2", "profile_image_url": "http://pbs.twimg.com/profile_images/1009036118636089344/GVO1sE3C_normal.jpg", "following": null, "geo_enabled": false, "profile_banner_url": "https://pbs.twimg.com/profile_banners/367129804/1536071762", "profile_background_image_url": "http://abs.twimg.com/images/themes/theme1/bg.png", "name": "Usman Ghani Khan", "lang": "en", "profile_background_tile": false, "favourites_count": 2442, "screen_name": "usmangh40", "notifications": null, "url": "http://www.skplas.com", "created_at": "Sat Sep 03 12:45:44 +0000 2011", "contributors_enabled": false, "time_zone": null, "protected": false, "translator_type": "none", "is_translator": false}, "geo": null, "in_reply_to_user_id_str": null, "lang": "en", "created_at": "Sat Oct 13 09:33:14 +0000 2018", "filter_level": "low", "in_reply_to_status_id_str": null, "place": null}
{"quote_count": 0, "quoted_status_permalink": {"url": "https://t.co/MOK3JJpKen", "expanded": "https://twitter.com/majid_agha/status/1051015483519066114", "display": "twitter.com/majid_agha/sta\u2026"}, "contributors": null, "truncated": false, "text": "Hope for a better tolerant #Pakistan. Great report @AJENews on #Thar", "is_quote_status": true, "in_reply_to_status_id": null, "reply_count": 0, "id": 1051043195503734784, "favorite_count": 0, "entities": {"user_mentions": [{"id": 18424289, "indices": [51, 59], "id_str": "18424289", "screen_name": "AJENews", "name": "Al Jazeera News"}], "symbols": [], "hashtags": [{"indices": [27, 36], "text": "Pakistan"}, {"indices": [63, 68], "text": "Thar"}], "urls": []}, "quoted_status_id": 1051015483519066114, "retweeted": false, "coordinates": null, "timestamp_ms": "1539423199903", "quoted_status": {"quote_count": 6, "contributors": null, "truncated": true, "text": "This is Mithi, Sindh.. land of peace and love, religious harmony and coexistence, a plural society living without d\u2026 https://t.co/CVEAXmcYs2", "is_quote_status": false, "in_reply_to_status_id": null, "reply_count": 3, "id": 1051015483519066114, "favorite_count": 85, "entities": {"user_mentions": [], "symbols": [], "hashtags": [], "urls": [{"url": "https://t.co/CVEAXmcYs2", "indices": [117, 140], "expanded_url": "https://twitter.com/i/web/status/1051015483519066114", "display_url": "twitter.com/i/web/status/1\u2026"}]}, "retweeted": false, "coordinates": null, "source": "<a href=\"http://twitter.com/download/android\" rel=\"nofollow\">Twitter for Android</a>", "in_reply_to_screen_name": null, "id_str": "1051015483519066114", "retweet_count": 50, "in_reply_to_user_id": null, "favorited": false, "user": {"follow_request_sent": null, "profile_use_background_image": false, "default_profile_image": false, "id": 145607918, "default_profile": false, "verified": false, "profile_image_url_https": "https://pbs.twimg.com/profile_images/1043427783358251010/no1mLa6M_normal.jpg", "profile_sidebar_fill_color": "C0DFEC", "profile_text_color": "333333", "followers_count": 60543, "profile_sidebar_border_color": "A8C7F7", "id_str": "145607918", "profile_background_color": "022330", "listed_count": 156, "profile_background_image_url_https": "https://abs.twimg.com/images/themes/theme15/bg.png", "utc_offset": null, "statuses_count": 110483, "description": "Analyst & Researcher , Ex-Government Officer  Ministry of Defence , Ministry of Interior & Ministry of Agriculture, Ex-Banker & Ex-Editor 'Humsafar'.", "friends_count": 1710, "location": "Pakistan", "profile_link_color": "0084B4", "profile_image_url": "http://pbs.twimg.com/profile_images/1043427783358251010/no1mLa6M_normal.jpg", "following": null, "geo_enabled": true, "profile_banner_url": "https://pbs.twimg.com/profile_banners/145607918/1526472202", "profile_background_image_url": "http://abs.twimg.com/images/themes/theme15/bg.png", "name": "Majid Agha", "lang": "en", "profile_background_tile": false, "favourites_count": 82126, "screen_name": "Majid_Agha", "notifications": null, "url": null, "created_at": "Wed May 19 11:31:37 +0000 2010", "contributors_enabled": false, "time_zone": null, "protected": false, "translator_type": "none", "is_translator": false}, "geo": null, "in_reply_to_user_id_str": null, "possibly_sensitive": false, "lang": "en", "extended_tweet": {"display_text_range": [0, 249], "entities": {"user_mentions": [{"id": 18424289, "indices": [200, 208], "id_str": "18424289", "screen_name": "AJENews", "name": "Al Jazeera News"}], "symbols": [], "hashtags": [{"indices": [219, 224], "text": "Thar"}], "urls": [], "media": [{"additional_media_info": {"monetizable": false, "embeddable": true, "description": "", "title": "Video: Oasis of Muslim-Hindu tolerance in Pakistan"}, "source_user_id": 4970411, "source_status_id_str": "1050936661864054784", "expanded_url": "https://twitter.com/AJEnglish/status/1050936661864054784/video/1", "display_url": "pic.twitter.com/rTgIMpNr5i", "url": "https://t.co/rTgIMpNr5i", "media_url_https": "https://pbs.twimg.com/media/DpTXOpsWsAAX4GM.jpg", "source_user_id_str": "4970411", "source_status_id": 1050936661864054784, "video_info": {"aspect_ratio": [1, 1], "duration_millis": 93160, "variants": [{"url": "https://video.twimg.com/amplify_video/1050701022824452097/vid/240x240/WamUg-DWKPB4GIlo.mp4?tag=8", "bitrate": 288000, "content_type": "video/mp4"}, {"url": "https://video.twimg.com/amplify_video/1050701022824452097/vid/720x720/P0AwotrwLgFka_Q2.mp4?tag=8", "bitrate": 1280000, "content_type": "video/mp4"}, {"url": "https://video.twimg.com/amplify_video/1050701022824452097/vid/480x480/Dw_lKc-9i5sqQVs_.mp4?tag=8", "bitrate": 832000, "content_type": "video/mp4"}, {"url": "https://video.twimg.com/amplify_video/1050701022824452097/pl/zStbtD1lc-pfU0sF.m3u8?tag=8", "content_type": "application/x-mpegURL"}]}, "id_str": "1050701022824452097", "sizes": {"small": {"h": 680, "resize": "fit", "w": 680}, "large": {"h": 1080, "resize": "fit", "w": 1080}, "medium": {"h": 1080, "resize": "fit", "w": 1080}, "thumb": {"h": 150, "resize": "crop", "w": 150}}, "indices": [226, 249], "type": "video", "id": 1050701022824452097, "media_url": "http://pbs.twimg.com/media/DpTXOpsWsAAX4GM.jpg"}]}, "extended_entities": {"media": [{"additional_media_info": {"monetizable": false, "embeddable": true, "description": "", "title": "Video: Oasis of Muslim-Hindu tolerance in Pakistan"}, "source_user_id": 4970411, "source_status_id_str": "1050936661864054784", "expanded_url": "https://twitter.com/AJEnglish/status/1050936661864054784/video/1", "display_url": "pic.twitter.com/rTgIMpNr5i", "url": "https://t.co/rTgIMpNr5i", "media_url_https": "https://pbs.twimg.com/media/DpTXOpsWsAAX4GM.jpg", "source_user_id_str": "4970411", "source_status_id": 1050936661864054784, "video_info": {"aspect_ratio": [1, 1], "duration_millis": 93160, "variants": [{"url": "https://video.twimg.com/amplify_video/1050701022824452097/vid/240x240/WamUg-DWKPB4GIlo.mp4?tag=8", "bitrate": 288000, "content_type": "video/mp4"}, {"url": "https://video.twimg.com/amplify_video/1050701022824452097/vid/720x720/P0AwotrwLgFka_Q2.mp4?tag=8", "bitrate": 1280000, "content_type": "video/mp4"}, {"url": "https://video.twimg.com/amplify_video/1050701022824452097/vid/480x480/Dw_lKc-9i5sqQVs_.mp4?tag=8", "bitrate": 832000, "content_type": "video/mp4"}, {"url": "https://video.twimg.com/amplify_video/1050701022824452097/pl/zStbtD1lc-pfU0sF.m3u8?tag=8", "content_type": "application/x-mpegURL"}]}, "id_str": "1050701022824452097", "sizes": {"small": {"h": 680, "resize": "fit", "w": 680}, "large": {"h": 1080, "resize": "fit", "w": 1080}, "medium": {"h": 1080, "resize": "fit", "w": 1080}, "thumb": {"h": 150, "resize": "crop", "w": 150}}, "indices": [226, 249], "type": "video", "id": 1050701022824452097, "media_url": "http://pbs.twimg.com/media/DpTXOpsWsAAX4GM.jpg"}]}, "full_text": "This is Mithi, Sindh.. land of peace and love, religious harmony and coexistence, a plural society living without division of majority and minority, a true reflection of Muslim and Hindu brotherhood. @AJENews report on #Thar. https://t.co/rTgIMpNr5i"}, "created_at": "Sat Oct 13 07:43:12 +0000 2018", "filter_level": "low", "in_reply_to_status_id_str": null, "place": null}, "source": "<a href=\"http://twitter.com/download/iphone\" rel=\"nofollow\">Twitter for iPhone</a>", "in_reply_to_screen_name": null, "id_str": "1051043195503734784", "retweet_count": 0, "in_reply_to_user_id": null, "favorited": false, "user": {"follow_request_sent": null, "profile_use_background_image": true, "default_profile_image": false, "id": 2309612191, "default_profile": true, "verified": false, "profile_image_url_https": "https://pbs.twimg.com/profile_images/1001107269533257729/rOKuCFpb_normal.jpg", "profile_sidebar_fill_color": "DDEEF6", "profile_text_color": "333333", "followers_count": 187, "profile_sidebar_border_color": "C0DEED", "id_str": "2309612191", "profile_background_color": "C0DEED", "listed_count": 0, "profile_background_image_url_https": "https://abs.twimg.com/images/themes/theme1/bg.png", "utc_offset": null, "statuses_count": 1103, "description": "Management Professional, Political Commentator", "friends_count": 114, "location": "Bonn, Germany", "profile_link_color": "1DA1F2", "profile_image_url": "http://pbs.twimg.com/profile_images/1001107269533257729/rOKuCFpb_normal.jpg", "following": null, "geo_enabled": false, "profile_background_image_url": "http://abs.twimg.com/images/themes/theme1/bg.png", "name": "Waqas Ahmad", "lang": "en", "profile_background_tile": false, "favourites_count": 388, "screen_name": "waxasahmad", "notifications": null, "url": null, "created_at": "Sat Jan 25 07:44:19 +0000 2014", "contributors_enabled": false, "time_zone": null, "protected": false, "translator_type": "none", "is_translator": false}, "geo": null, "in_reply_to_user_id_str": null, "lang": "en", "created_at": "Sat Oct 13 09:33:19 +0000 2018", "quoted_status_id_str": "1051015483519066114", "filter_level": "low", "in_reply_to_status_id_str": null, "place": null}
{"quote_count": 0, "contributors": null, "truncated": false, "text": "RT @defencedotpk: Zionist Billionaire George Soros who was recently kicked out from Hungary for political engineering is reportedly funding\u2026", "is_quote_status": false, "in_reply_to_status_id": null, "reply_count": 0, "id": 1051043203745533953, "favorite_count": 0, "entities": {"user_mentions": [{"id": 2207990445, "indices": [3, 16], "id_str": "2207990445", "screen_name": "defencedotpk", "name": "Pakistan Defence"}], "symbols": [], "hashtags": [], "urls": []}, "retweeted": false, "coordinates": null, "timestamp_ms": "1539423201868", "source": "<a href=\"http://twitter.com/download/android\" rel=\"nofollow\">Twitter for Android</a>", "in_reply_to_screen_name": null, "id_str": "1051043203745533953", "retweet_count": 0, "in_reply_to_user_id": null, "favorited": false, "retweeted_status": {"quote_count": 2, "contributors": null, "truncated": false, "text": "Zionist Billionaire George Soros who was recently kicked out from Hungary for political engineering is reportedly funding NGOs in #Pakistan.", "is_quote_status": false, "in_reply_to_status_id": null, "reply_count": 10, "id": 1050975379077390336, "favorite_count": 292, "source": "<a href=\"http://twitter.com/download/android\" rel=\"nofollow\">Twitter for Android</a>", "retweeted": false, "coordinates": null, "entities": {"user_mentions": [], "symbols": [], "hashtags": [{"indices": [130, 139], "text": "Pakistan"}], "urls": []}, "in_reply_to_screen_name": null, "id_str": "1050975379077390336", "retweet_count": 141, "in_reply_to_user_id": null, "favorited": false, "user": {"follow_request_sent": null, "profile_use_background_image": false, "default_profile_image": false, "id": 2207990445, "default_profile": false, "verified": false, "profile_image_url_https": "https://pbs.twimg.com/profile_images/1020919543445716992/8HY5Bgnk_normal.jpg", "profile_sidebar_fill_color": "000000", "profile_text_color": "000000", "followers_count": 107730, "profile_sidebar_border_color": "000000", "id_str": "2207990445", "profile_background_color": "000000", "listed_count": 112, "profile_background_image_url_https": "https://abs.twimg.com/images/themes/theme1/bg.png", "utc_offset": null, "statuses_count": 14808, "description": "We're a world leading online forum dedicated to Defense, Counterterrorism, Military Industry, Political & Global Affairs | Hit our website for FREE membership.", "friends_count": 287, "location": "\u067e\u0627\u06a9\u0633\u062a\u0627\u0646 \ud83c\uddf5\ud83c\uddf0", "profile_link_color": "1B95E0", "profile_image_url": "http://pbs.twimg.com/profile_images/1020919543445716992/8HY5Bgnk_normal.jpg", "following": null, "geo_enabled": false, "profile_banner_url": "https://pbs.twimg.com/profile_banners/2207990445/1539261825", "profile_background_image_url": "http://abs.twimg.com/images/themes/theme1/bg.png", "name": "Pakistan Defence", "lang": "en", "profile_background_tile": false, "favourites_count": 57490, "screen_name": "defencedotpk", "notifications": null, "url": "https://defence.pk/pdf/", "created_at": "Wed Dec 04 22:21:41 +0000 2013", "contributors_enabled": false, "time_zone": null, "protected": false, "translator_type": "none", "is_translator": false}, "geo": null, "in_reply_to_user_id_str": null, "lang": "en", "created_at": "Sat Oct 13 05:03:51 +0000 2018", "filter_level": "low", "in_reply_to_status_id_str": null, "place": null}, "user": {"follow_request_sent": null, "profile_use_background_image": true, "default_profile_image": false, "id": 4662137413, "default_profile": true, "verified": false, "profile_image_url_https": "https://pbs.twimg.com/profile_images/742118639021764608/g6hQysil_normal.jpg", "profile_sidebar_fill_color": "DDEEF6", "profile_text_color": "333333", "followers_count": 275, "profile_sidebar_border_color": "C0DEED", "id_str": "4662137413", "profile_background_color": "F5F8FA", "listed_count": 1, "profile_background_image_url_https": "", "utc_offset": null, "statuses_count": 5696, "description": "Proud Pakistani \ud83d\udc93\ud83d\udc93\ud83d\udc93", "friends_count": 304, "location": "Rawalpindi, Pakistan", "profile_link_color": "1DA1F2", "profile_image_url": "http://pbs.twimg.com/profile_images/742118639021764608/g6hQysil_normal.jpg", "following": null, "geo_enabled": false, "profile_banner_url": "https://pbs.twimg.com/profile_banners/4662137413/1465769844", "profile_background_image_url": "", "name": "bilal abbasi", "lang": "en", "profile_background_tile": false, "favourites_count": 93873, "screen_name": "bilal_abbasi00", "notifications": null, "url": null, "created_at": "Sun Dec 27 15:43:45 +0000 2015", "contributors_enabled": false, "time_zone": null, "protected": false, "translator_type": "none", "is_translator": false}, "geo": null, "in_reply_to_user_id_str": null, "lang": "en", "created_at": "Sat Oct 13 09:33:21 +0000 2018", "filter_level": "low", "in_reply_to_status_id_str": null, "place": null}
{"quote_count": 0, "contributors": null, "truncated": false, "text": "#Pakistan Film Producers Association demands complete ban on #Indian films https://t.co/YTigXE3aj2", "is_quote_status": false, "in_reply_to_status_id": null, "reply_count": 0, "id": 1051043206186631168, "favorite_count": 0, "source": "<a href=\"http://www.facebook.com/twitter\" rel=\"nofollow\">Facebook</a>", "retweeted": false, "coordinates": null, "timestamp_ms": "1539423202450", "entities": {"user_mentions": [], "symbols": [], "hashtags": [{"indices": [0, 9], "text": "Pakistan"}, {"indices": [61, 68], "text": "Indian"}], "urls": [{"url": "https://t.co/YTigXE3aj2", "indices": [75, 98], "expanded_url": "http://www.the-wau.com/post/asia/pakistan-film-producers-association-demands-complete-ban-on-indian-films/20695", "display_url": "the-wau.com/post/asia/paki\u2026"}]}, "in_reply_to_screen_name": null, "id_str": "1051043206186631168", "retweet_count": 0, "in_reply_to_user_id": null, "favorited": false, "user": {"follow_request_sent": null, "profile_use_background_image": false, "default_profile_image": false, "id": 3281344958, "default_profile": false, "verified": false, "profile_image_url_https": "https://pbs.twimg.com/profile_images/805360660989153280/foCtHFaz_normal.jpg", "profile_sidebar_fill_color": "000000", "profile_text_color": "000000", "followers_count": 5302, "profile_sidebar_border_color": "000000", "id_str": "3281344958", "profile_background_color": "000000", "listed_count": 17, "profile_background_image_url_https": "https://abs.twimg.com/images/themes/theme1/bg.png", "utc_offset": null, "statuses_count": 19293, "description": "Get all the latest and live news from us.. Follow us!", "friends_count": 690, "location": "Doha, Qatar", "profile_link_color": "AA1620", "profile_image_url": "http://pbs.twimg.com/profile_images/805360660989153280/foCtHFaz_normal.jpg", "following": null, "geo_enabled": true, "profile_banner_url": "https://pbs.twimg.com/profile_banners/3281344958/1480847897", "profile_background_image_url": "http://abs.twimg.com/images/themes/theme1/bg.png", "name": "The World Around Us", "lang": "en", "profile_background_tile": false, "favourites_count": 15, "screen_name": "tworldaroundus", "notifications": null, "url": "http://www.the-wau.com", "created_at": "Thu Jul 16 06:44:43 +0000 2015", "contributors_enabled": false, "time_zone": null, "protected": false, "translator_type": "none", "is_translator": false}, "geo": null, "in_reply_to_user_id_str": null, "possibly_sensitive": false, "lang": "en", "created_at": "Sat Oct 13 09:33:22 +0000 2018", "filter_level": "low", "in_reply_to_status_id_str": null, "place": null}
{"quote_count": 0, "contributors": null, "truncated": false, "text": "RT @ZaraAli_Iam: Dear #Pakistan,\nIf we can't come up with something bigger for Kashmir at least support those who support #Kashmir cause.\nS\u2026", "is_quote_status": false, "in_reply_to_status_id": null, "reply_count": 0, "id": 1051043210800304130, "favorite_count": 0, "entities": {"user_mentions": [{"id": 914835752101535744, "indices": [3, 15], "id_str": "914835752101535744", "screen_name": "ZaraAli_Iam", "name": "Zara Ali\ud83c\uddf5\ud83c\uddf0\ud83c\udf41"}], "symbols": [], "hashtags": [{"indices": [22, 31], "text": "Pakistan"}, {"indices": [122, 130], "text": "Kashmir"}], "urls": []}, "retweeted": false, "coordinates": null, "timestamp_ms": "1539423203550", "source": "<a href=\"http://twitter.com/download/iphone\" rel=\"nofollow\">Twitter for iPhone</a>", "in_reply_to_screen_name": null, "id_str": "1051043210800304130", "retweet_count": 0, "in_reply_to_user_id": null, "favorited": false, "retweeted_status": {"quote_count": 2, "contributors": null, "truncated": true, "text": "Dear #Pakistan,\nIf we can't come up with something bigger for Kashmir at least support those who support #Kashmir c\u2026 https://t.co/9ufr9KwtIl", "is_quote_status": false, "in_reply_to_status_id": null, "reply_count": 5, "id": 1051009526277779456, "favorite_count": 29, "entities": {"user_mentions": [], "symbols": [], "hashtags": [{"indices": [5, 14], "text": "Pakistan"}, {"indices": [105, 113], "text": "Kashmir"}], "urls": [{"url": "https://t.co/9ufr9KwtIl", "indices": [117, 140], "expanded_url": "https://twitter.com/i/web/status/1051009526277779456", "display_url": "twitter.com/i/web/status/1\u2026"}]}, "retweeted": false, "coordinates": null, "source": "<a href=\"http://twitter.com\" rel=\"nofollow\">Twitter Web Client</a>", "in_reply_to_screen_name": null, "id_str": "1051009526277779456", "retweet_count": 17, "in_reply_to_user_id": null, "favorited": false, "user": {"follow_request_sent": null, "profile_use_background_image": true, "default_profile_image": false, "id": 914835752101535744, "default_profile": true, "verified": false, "profile_image_url_https": "https://pbs.twimg.com/profile_images/1050322858952585217/8Y7e4aU4_normal.jpg", "profile_sidebar_fill_color": "DDEEF6", "profile_text_color": "333333", "followers_count": 3003, "profile_sidebar_border_color": "C0DEED", "id_str": "914835752101535744", "profile_background_color": "F5F8FA", "listed_count": 10, "profile_background_image_url_https": "", "utc_offset": null, "statuses_count": 13677, "description": "Mannan Bhai \ud83d\ude22", "friends_count": 1913, "location": "Karachi, Sind Pakistan \ud83c\uddf5\ud83c\uddf0", "profile_link_color": "1DA1F2", "profile_image_url": "http://pbs.twimg.com/profile_images/1050322858952585217/8Y7e4aU4_normal.jpg", "following": null, "geo_enabled": false, "profile_banner_url": "https://pbs.twimg.com/profile_banners/914835752101535744/1539378316", "profile_background_image_url": "", "name": "Zara Ali\ud83c\uddf5\ud83c\uddf0\ud83c\udf41", "lang": "en", "profile_background_tile": false, "favourites_count": 22036, "screen_name": "ZaraAli_Iam", "notifications": null, "url": "http://hskpakistan.org", "created_at": "Mon Oct 02 12:53:34 +0000 2017", "contributors_enabled": false, "time_zone": null, "protected": false, "translator_type": "none", "is_translator": false}, "geo": null, "in_reply_to_user_id_str": null, "lang": "en", "extended_tweet": {"display_text_range": [0, 225], "entities": {"user_mentions": [{"id": 1031768482235461639, "indices": [165, 178], "id_str": "1031768482235461639", "screen_name": "shakilmadiha", "name": "Madiha Khan"}, {"id": 1030037127013253120, "indices": [180, 194], "id_str": "1030037127013253120", "screen_name": "IKashmirlRida", "name": "_RidaRubabKashmiri"}, {"id": 3107376062, "indices": [196, 208], "id_str": "3107376062", "screen_name": "ReticentIma", "name": "Ima"}, {"id": 938501564771299329, "indices": [213, 224], "id_str": "938501564771299329", "screen_name": "SanaZehrii", "name": "Sana Zehri I am Burhan wani"}], "symbols": [], "hashtags": [{"indices": [5, 14], "text": "Pakistan"}, {"indices": [105, 113], "text": "Kashmir"}], "urls": []}, "full_text": "Dear #Pakistan,\nIf we can't come up with something bigger for Kashmir at least support those who support #Kashmir cause.\nSupport all the Kashmir activists specially @shakilmadiha, @IKashmirlRida, @ReticentIma and @SanaZehrii."}, "created_at": "Sat Oct 13 07:19:32 +0000 2018", "filter_level": "low", "in_reply_to_status_id_str": null, "place": null}, "user": {"follow_request_sent": null, "profile_use_background_image": false, "default_profile_image": false, "id": 3048983352, "default_profile": false, "verified": false, "profile_image_url_https": "https://pbs.twimg.com/profile_images/1048182052389048321/8_0Bsmg8_normal.jpg", "profile_sidebar_fill_color": "000000", "profile_text_color": "000000", "followers_count": 64844, "profile_sidebar_border_color": "000000", "id_str": "3048983352", "profile_background_color": "000000", "listed_count": 46, "profile_background_image_url_https": "https://abs.twimg.com/images/themes/theme1/bg.png", "utc_offset": null, "statuses_count": 27919, "description": "| \u0646\u0627\u0645 \u06a9\u06cc\u0637\u0631\u062d \u0628\u0627\u0626\u06cc\u0648 \u0645\u06cc\u06ba \u0628\u06be\u06cc \u06a9\u064f\u0686\u06be \u0646\u06c1\u06cc\u06ba \u0631\u06a9\u06be\u0627 |~~~", "friends_count": 294, "location": "Barrack 971", "profile_link_color": "9266CC", "profile_image_url": "http://pbs.twimg.com/profile_images/1048182052389048321/8_0Bsmg8_normal.jpg", "following": null, "geo_enabled": true, "profile_banner_url": "https://pbs.twimg.com/profile_banners/3048983352/1530891140", "profile_background_image_url": "http://abs.twimg.com/images/themes/theme1/bg.png", "name": "Zee Waqar ~~~", "lang": "en", "profile_background_tile": false, "favourites_count": 67116, "screen_name": "Z_Waqar3", "notifications": null, "url": null, "created_at": "Sat Feb 28 07:37:41 +0000 2015", "contributors_enabled": false, "time_zone": null, "protected": false, "translator_type": "none", "is_translator": false}, "geo": null, "in_reply_to_user_id_str": null, "lang": "en", "created_at": "Sat Oct 13 09:33:23 +0000 2018", "filter_level": "low", "in_reply_to_status_id_str": null, "place": null}
{"quote_count": 0, "contributors": null, "truncated": false, "text": "RT @CleanGreenPK: #Pakistan - Prime Minister Imran Khan @ImranKhanPTI leading by example as he started the biggest cleanliness campaign #Cl\u2026", "is_quote_status": false, "in_reply_to_status_id": null, "reply_count": 0, "id": 1051043249320804352, "favorite_count": 0, "entities": {"user_mentions": [{"id": 1048144945301868544, "indices": [3, 16], "id_str": "1048144945301868544", "screen_name": "CleanGreenPK", "name": "CleanGreenPakistan"}, {"id": 122453931, "indices": [56, 69], "id_str": "122453931", "screen_name": "ImranKhanPTI", "name": "Imran Khan"}], "symbols": [], "hashtags": [{"indices": [18, 27], "text": "Pakistan"}], "urls": []}, "retweeted": false, "coordinates": null, "timestamp_ms": "1539423212734", "source": "<a href=\"http://twitter.com/download/iphone\" rel=\"nofollow\">Twitter for iPhone</a>", "in_reply_to_screen_name": null, "id_str": "1051043249320804352", "retweet_count": 0, "in_reply_to_user_id": null, "favorited": false, "retweeted_status": {"quote_count": 3, "contributors": null, "truncated": true, "text": "#Pakistan - Prime Minister Imran Khan @ImranKhanPTI leading by example as he started the biggest cleanliness campai\u2026 https://t.co/qY9TN6rRbO", "is_quote_status": false, "in_reply_to_status_id": null, "reply_count": 6, "id": 1051039122436050944, "favorite_count": 126, "entities": {"user_mentions": [{"id": 122453931, "indices": [38, 51], "id_str": "122453931", "screen_name": "ImranKhanPTI", "name": "Imran Khan"}], "symbols": [], "hashtags": [{"indices": [0, 9], "text": "Pakistan"}], "urls": [{"url": "https://t.co/qY9TN6rRbO", "indices": [117, 140], "expanded_url": "https://twitter.com/i/web/status/1051039122436050944", "display_url": "twitter.com/i/web/status/1\u2026"}]}, "retweeted": false, "coordinates": null, "source": "<a href=\"http://twitter.com\" rel=\"nofollow\">Twitter Web Client</a>", "in_reply_to_screen_name": null, "id_str": "1051039122436050944", "display_text_range": [0, 140], "retweet_count": 48, "in_reply_to_user_id": null, "favorited": false, "user": {"follow_request_sent": null, "profile_use_background_image": true, "default_profile_image": false, "id": 1048144945301868544, "default_profile": true, "verified": false, "profile_image_url_https": "https://pbs.twimg.com/profile_images/1050298109283246080/AfAOKfZC_normal.jpg", "profile_sidebar_fill_color": "DDEEF6", "profile_text_color": "333333", "followers_count": 2911, "profile_sidebar_border_color": "C0DEED", "id_str": "1048144945301868544", "profile_background_color": "F5F8FA", "listed_count": 4, "profile_background_image_url_https": "", "utc_offset": null, "statuses_count": 61, "description": "Official account of Prime Minister's nationwide cleanliness and tree plantation drive", "friends_count": 11, "location": "Islamabad, Pakistan", "profile_link_color": "1DA1F2", "profile_image_url": "http://pbs.twimg.com/profile_images/1050298109283246080/AfAOKfZC_normal.jpg", "following": null, "geo_enabled": false, "profile_banner_url": "https://pbs.twimg.com/profile_banners/1048144945301868544/1539254342", "profile_background_image_url": "", "name": "CleanGreenPakistan", "lang": "en", "profile_background_tile": false, "favourites_count": 4, "screen_name": "CleanGreenPK", "notifications": null, "url": null, "created_at": "Fri Oct 05 09:36:43 +0000 2018", "contributors_enabled": false, "time_zone": null, "protected": false, "translator_type": "none", "is_translator": false}, "geo": null, "in_reply_to_user_id_str": null, "possibly_sensitive": false, "lang": "en", "extended_tweet": {"display_text_range": [0, 250], "entities": {"user_mentions": [{"id": 122453931, "indices": [38, 51], "id_str": "122453931", "screen_name": "ImranKhanPTI", "name": "Imran Khan"}], "symbols": [], "hashtags": [{"indices": [0, 9], "text": "Pakistan"}, {"indices": [118, 137], "text": "CleanGreenPakistan"}, {"indices": [191, 201], "text": "Islamabad"}], "urls": [], "media": [{"additional_media_info": {"monetizable": false}, "expanded_url": "https://twitter.com/CleanGreenPK/status/1051039122436050944/video/1", "display_url": "pic.twitter.com/rGTDJwGYf4", "url": "https://t.co/rGTDJwGYf4", "media_url_https": "https://pbs.twimg.com/ext_tw_video_thumb/1051037390855376896/pu/img/3PmIknhfgmgrPkHz.jpg", "video_info": {"aspect_ratio": [16, 9], "duration_millis": 15404, "variants": [{"url": "https://video.twimg.com/ext_tw_video/1051037390855376896/pu/pl/WHC_-hBGhMnmwIEg.m3u8?tag=5", "content_type": "application/x-mpegURL"}, {"url": "https://video.twimg.com/ext_tw_video/1051037390855376896/pu/vid/1280x720/VHbY33BWEcXUXjEp.mp4?tag=5", "bitrate": 2176000, "content_type": "video/mp4"}, {"url": "https://video.twimg.com/ext_tw_video/1051037390855376896/pu/vid/320x180/jEh4PKu3L3D-jPEW.mp4?tag=5", "bitrate": 256000, "content_type": "video/mp4"}, {"url": "https://video.twimg.com/ext_tw_video/1051037390855376896/pu/vid/640x360/78nV4NpAD_qdKASd.mp4?tag=5", "bitrate": 832000, "content_type": "video/mp4"}]}, "id_str": "1051037390855376896", "sizes": {"small": {"h": 383, "resize": "fit", "w": 680}, "large": {"h": 720, "resize": "fit", "w": 1280}, "medium": {"h": 675, "resize": "fit", "w": 1200}, "thumb": {"h": 150, "resize": "crop", "w": 150}}, "indices": [251, 274], "type": "video", "id": 1051037390855376896, "media_url": "http://pbs.twimg.com/ext_tw_video_thumb/1051037390855376896/pu/img/3PmIknhfgmgrPkHz.jpg"}]}, "extended_entities": {"media": [{"additional_media_info": {"monetizable": false}, "expanded_url": "https://twitter.com/CleanGreenPK/status/1051039122436050944/video/1", "display_url": "pic.twitter.com/rGTDJwGYf4", "url": "https://t.co/rGTDJwGYf4", "media_url_https": "https://pbs.twimg.com/ext_tw_video_thumb/1051037390855376896/pu/img/3PmIknhfgmgrPkHz.jpg", "video_info": {"aspect_ratio": [16, 9], "duration_millis": 15404, "variants": [{"url": "https://video.twimg.com/ext_tw_video/1051037390855376896/pu/pl/WHC_-hBGhMnmwIEg.m3u8?tag=5", "content_type": "application/x-mpegURL"}, {"url": "https://video.twimg.com/ext_tw_video/1051037390855376896/pu/vid/1280x720/VHbY33BWEcXUXjEp.mp4?tag=5", "bitrate": 2176000, "content_type": "video/mp4"}, {"url": "https://video.twimg.com/ext_tw_video/1051037390855376896/pu/vid/320x180/jEh4PKu3L3D-jPEW.mp4?tag=5", "bitrate": 256000, "content_type": "video/mp4"}, {"url": "https://video.twimg.com/ext_tw_video/1051037390855376896/pu/vid/640x360/78nV4NpAD_qdKASd.mp4?tag=5", "bitrate": 832000, "content_type": "video/mp4"}]}, "id_str": "1051037390855376896", "sizes": {"small": {"h": 383, "resize": "fit", "w": 680}, "large": {"h": 720, "resize": "fit", "w": 1280}, "medium": {"h": 675, "resize": "fit", "w": 1200}, "thumb": {"h": 150, "resize": "crop", "w": 150}}, "indices": [251, 274], "type": "video", "id": 1051037390855376896, "media_url": "http://pbs.twimg.com/ext_tw_video_thumb/1051037390855376896/pu/img/3PmIknhfgmgrPkHz.jpg"}]}, "full_text": "#Pakistan - Prime Minister Imran Khan @ImranKhanPTI leading by example as he started the biggest cleanliness campaign #CleanGreenPakistan along with school children at a government school in #Islamabad \n\nThe PM said \"Children will lead this campaign\" https://t.co/rGTDJwGYf4"}, "created_at": "Sat Oct 13 09:17:08 +0000 2018", "filter_level": "low", "in_reply_to_status_id_str": null, "place": null}, "user": {"follow_request_sent": null, "profile_use_background_image": true, "default_profile_image": false, "id": 2682105378, "default_profile": false, "verified": false, "profile_image_url_https": "https://pbs.twimg.com/profile_images/1046795671783845889/CLAJU4Dl_normal.jpg", "profile_sidebar_fill_color": "DDEEF6", "profile_text_color": "333333", "followers_count": 2184, "profile_sidebar_border_color": "FFFFFF", "id_str": "2682105378", "profile_background_color": "DD2E44", "listed_count": 31, "profile_background_image_url_https": "https://abs.twimg.com/images/themes/theme16/bg.gif", "utc_offset": null, "statuses_count": 133483, "description": "| @SkillinNeymar | @BarcaBite | @Woodyinhoes | @Antireus | Zainab | AliLOGY | Pakistani | Political Prisoner |", "friends_count": 1548, "location": "Madrista for Life, #HalaMadrid", "profile_link_color": "94D487", "profile_image_url": "http://pbs.twimg.com/profile_images/1046795671783845889/CLAJU4Dl_normal.jpg", "following": null, "geo_enabled": false, "profile_banner_url": "https://pbs.twimg.com/profile_banners/2682105378/1520960855", "profile_background_image_url": "http://abs.twimg.com/images/themes/theme16/bg.gif", "name": "sP00Ky AliLAD", "lang": "en", "profile_background_tile": true, "favourites_count": 83861, "screen_name": "ReusEdition", "notifications": null, "url": "https://www.youtube.com/channel/UC-cM7LS_QFPSAffcoDNkNtw", "created_at": "Sat Jul 26 11:23:36 +0000 2014", "contributors_enabled": false, "time_zone": null, "protected": false, "translator_type": "none", "is_translator": false}, "geo": null, "in_reply_to_user_id_str": null, "lang": "en", "created_at": "Sat Oct 13 09:33:32 +0000 2018", "filter_level": "low", "in_reply_to_status_id_str": null, "place": null}
{"quote_count": 0, "quoted_status_permalink": {"url": "https://t.co/GfFglqQ0tJ", "expanded": "https://twitter.com/zlj517/status/1051025515774136321", "display": "twitter.com/zlj517/status/\u2026"}, "contributors": null, "truncated": false, "text": "RT @ZulfiRao1: For your info @husainhaqqani is a national of #Pakistan where you\u2019re only a guest.\nSo unbecoming of a diplomat to jibe at a\u2026", "is_quote_status": true, "in_reply_to_status_id": null, "reply_count": 0, "id": 1051043267020763136, "favorite_count": 0, "entities": {"user_mentions": [{"id": 1614645806, "indices": [3, 13], "id_str": "1614645806", "screen_name": "ZulfiRao1", "name": "Zulfi Rao"}, {"id": 80330381, "indices": [29, 43], "id_str": "80330381", "screen_name": "husainhaqqani", "name": "Husain Haqqani"}], "symbols": [], "hashtags": [{"indices": [61, 70], "text": "Pakistan"}], "urls": []}, "quoted_status_id": 1051025515774136321, "retweeted": false, "coordinates": null, "timestamp_ms": "1539423216954", "quoted_status": {"quote_count": 52, "contributors": null, "truncated": false, "text": "Joke of the day. A person without soul and nationality is joining a groundless attack against China. What a pity! https://t.co/nPCbYtoqal", "is_quote_status": true, "in_reply_to_status_id": null, "reply_count": 138, "id": 1051025515774136321, "favorite_count": 662, "entities": {"user_mentions": [], "symbols": [], "hashtags": [], "urls": [{"url": "https://t.co/nPCbYtoqal", "indices": [114, 137], "expanded_url": "https://twitter.com/husainhaqqani/status/1050852197406310401", "display_url": "twitter.com/husainhaqqani/\u2026"}]}, "quoted_status_id": 1050852197406310401, "retweeted": false, "coordinates": null, "source": "<a href=\"http://twitter.com/download/iphone\" rel=\"nofollow\">Twitter for iPhone</a>", "in_reply_to_screen_name": null, "id_str": "1051025515774136321", "display_text_range": [0, 113], "retweet_count": 283, "in_reply_to_user_id": null, "favorited": false, "user": {"follow_request_sent": null, "profile_use_background_image": true, "default_profile_image": false, "id": 141627220, "default_profile": true, "verified": true, "profile_image_url_https": "https://pbs.twimg.com/profile_images/1037023657183211520/dXqp3GvX_normal.jpg", "profile_sidebar_fill_color": "DDEEF6", "profile_text_color": "333333", "followers_count": 200384, "profile_sidebar_border_color": "C0DEED", "id_str": "141627220", "profile_background_color": "C0DEED", "listed_count": 281, "profile_background_image_url_https": "https://abs.twimg.com/images/themes/theme1/bg.png", "utc_offset": null, "statuses_count": 40280, "description": "DCM, Chinese Embassy. \u201cSeek knowledge even in China\u201d. \u201cChinese are awaking from heavy sleep. Fresh springs are bubbling forth from Himalayan heights\u201d.", "friends_count": 216866, "location": "Islamabad ", "profile_link_color": "1DA1F2", "profile_image_url": "http://pbs.twimg.com/profile_images/1037023657183211520/dXqp3GvX_normal.jpg", "following": null, "geo_enabled": true, "profile_banner_url": "https://pbs.twimg.com/profile_banners/141627220/1516457693", "profile_background_image_url": "http://abs.twimg.com/images/themes/theme1/bg.png", "name": "Lijian Zhao \u8d75\u7acb\u575a", "lang": "en", "profile_background_tile": false, "favourites_count": 75021, "screen_name": "zlj517", "notifications": null, "url": "http://pk.chineseembassy.org/eng/", "created_at": "Sat May 08 15:38:36 +0000 2010", "contributors_enabled": false, "time_zone": null, "protected": false, "translator_type": "none", "is_translator": false}, "geo": null, "in_reply_to_user_id_str": null, "possibly_sensitive": false, "lang": "en", "created_at": "Sat Oct 13 08:23:04 +0000 2018", "quoted_status_id_str": "1050852197406310401", "filter_level": "low", "in_reply_to_status_id_str": null, "place": null}, "source": "<a href=\"http://twitter.com/download/android\" rel=\"nofollow\">Twitter for Android</a>", "in_reply_to_screen_name": null, "id_str": "1051043267020763136", "retweet_count": 0, "in_reply_to_user_id": null, "favorited": false, "retweeted_status": {"quote_count": 1, "quoted_status_permalink": {"url": "https://t.co/GfFglqQ0tJ", "expanded": "https://twitter.com/zlj517/status/1051025515774136321", "display": "twitter.com/zlj517/status/\u2026"}, "contributors": null, "truncated": true, "text": "For your info @husainhaqqani is a national of #Pakistan where you\u2019re only a guest.\nSo unbecoming of a diplomat to j\u2026 https://t.co/xfD3nVL9W7", "is_quote_status": true, "in_reply_to_status_id": null, "reply_count": 3, "id": 1051038317188395008, "favorite_count": 15, "entities": {"user_mentions": [{"id": 80330381, "indices": [14, 28], "id_str": "80330381", "screen_name": "husainhaqqani", "name": "Husain Haqqani"}], "symbols": [], "hashtags": [{"indices": [46, 55], "text": "Pakistan"}], "urls": [{"url": "https://t.co/xfD3nVL9W7", "indices": [117, 140], "expanded_url": "https://twitter.com/i/web/status/1051038317188395008", "display_url": "twitter.com/i/web/status/1\u2026"}]}, "quoted_status_id": 1051025515774136321, "retweeted": false, "coordinates": null, "quoted_status": {"quote_count": 52, "contributors": null, "truncated": false, "text": "Joke of the day. A person without soul and nationality is joining a groundless attack against China. What a pity! https://t.co/nPCbYtoqal", "is_quote_status": true, "in_reply_to_status_id": null, "reply_count": 138, "id": 1051025515774136321, "favorite_count": 662, "entities": {"user_mentions": [], "symbols": [], "hashtags": [], "urls": [{"url": "https://t.co/nPCbYtoqal", "indices": [114, 137], "expanded_url": "https://twitter.com/husainhaqqani/status/1050852197406310401", "display_url": "twitter.com/husainhaqqani/\u2026"}]}, "quoted_status_id": 1050852197406310401, "retweeted": false, "coordinates": null, "source": "<a href=\"http://twitter.com/download/iphone\" rel=\"nofollow\">Twitter for iPhone</a>", "in_reply_to_screen_name": null, "id_str": "1051025515774136321", "display_text_range": [0, 113], "retweet_count": 283, "in_reply_to_user_id": null, "favorited": false, "user": {"follow_request_sent": null, "profile_use_background_image": true, "default_profile_image": false, "id": 141627220, "default_profile": true, "verified": true, "profile_image_url_https": "https://pbs.twimg.com/profile_images/1037023657183211520/dXqp3GvX_normal.jpg", "profile_sidebar_fill_color": "DDEEF6", "profile_text_color": "333333", "followers_count": 200384, "profile_sidebar_border_color": "C0DEED", "id_str": "141627220", "profile_background_color": "C0DEED", "listed_count": 281, "profile_background_image_url_https": "https://abs.twimg.com/images/themes/theme1/bg.png", "utc_offset": null, "statuses_count": 40280, "description": "DCM, Chinese Embassy. \u201cSeek knowledge even in China\u201d. \u201cChinese are awaking from heavy sleep. Fresh springs are bubbling forth from Himalayan heights\u201d.", "friends_count": 216866, "location": "Islamabad ", "profile_link_color": "1DA1F2", "profile_image_url": "http://pbs.twimg.com/profile_images/1037023657183211520/dXqp3GvX_normal.jpg", "following": null, "geo_enabled": true, "profile_banner_url": "https://pbs.twimg.com/profile_banners/141627220/1516457693", "profile_background_image_url": "http://abs.twimg.com/images/themes/theme1/bg.png", "name": "Lijian Zhao \u8d75\u7acb\u575a", "lang": "en", "profile_background_tile": false, "favourites_count": 75021, "screen_name": "zlj517", "notifications": null, "url": "http://pk.chineseembassy.org/eng/", "created_at": "Sat May 08 15:38:36 +0000 2010", "contributors_enabled": false, "time_zone": null, "protected": false, "translator_type": "none", "is_translator": false}, "geo": null, "in_reply_to_user_id_str": null, "possibly_sensitive": false, "lang": "en", "created_at": "Sat Oct 13 08:23:04 +0000 2018", "quoted_status_id_str": "1050852197406310401", "filter_level": "low", "in_reply_to_status_id_str": null, "place": null}, "source": "<a href=\"http://twitter.com/download/iphone\" rel=\"nofollow\">Twitter for iPhone</a>", "in_reply_to_screen_name": null, "id_str": "1051038317188395008", "display_text_range": [0, 140], "retweet_count": 13, "in_reply_to_user_id": null, "favorited": false, "user": {"follow_request_sent": null, "profile_use_background_image": false, "default_profile_image": false, "id": 1614645806, "default_profile": false, "verified": false, "profile_image_url_https": "https://pbs.twimg.com/profile_images/1005199530764226561/zMI29SfT_normal.jpg", "profile_sidebar_fill_color": "000000", "profile_text_color": "000000", "followers_count": 1385, "profile_sidebar_border_color": "000000", "id_str": "1614645806", "profile_background_color": "000000", "listed_count": 32, "profile_background_image_url_https": "https://abs.twimg.com/images/themes/theme18/bg.gif", "utc_offset": null, "statuses_count": 20310, "description": "Studied #Sociology #Development, & #Democracy. OpEds @dailytimespak articles @TheNewsonSunday. \nWorked in #SouthAsia & #Africa. #UnitedNations. RT \u2260 endorsement", "friends_count": 97, "location": "Islamabad, Pakistan", "profile_link_color": "1B95E0", "profile_image_url": "http://pbs.twimg.com/profile_images/1005199530764226561/zMI29SfT_normal.jpg", "following": null, "geo_enabled": true, "profile_banner_url": "https://pbs.twimg.com/profile_banners/1614645806/1537952601", "profile_background_image_url": "http://abs.twimg.com/images/themes/theme18/bg.gif", "name": "Zulfi Rao", "lang": "en", "profile_background_tile": false, "favourites_count": 6323, "screen_name": "ZulfiRao1", "notifications": null, "url": null, "created_at": "Tue Jul 23 07:26:41 +0000 2013", "contributors_enabled": false, "time_zone": null, "protected": false, "translator_type": "none", "is_translator": false}, "geo": null, "in_reply_to_user_id_str": null, "possibly_sensitive": false, "lang": "en", "extended_tweet": {"display_text_range": [0, 280], "entities": {"user_mentions": [{"id": 80330381, "indices": [14, 28], "id_str": "80330381", "screen_name": "husainhaqqani", "name": "Husain Haqqani"}], "symbols": [], "hashtags": [{"indices": [46, 55], "text": "Pakistan"}], "urls": [{"url": "https://t.co/GfFglqQ0tJ", "indices": [281, 304], "expanded_url": "https://twitter.com/zlj517/status/1051025515774136321", "display_url": "twitter.com/zlj517/status/\u2026"}]}, "full_text": "For your info @husainhaqqani is a national of #Pakistan where you\u2019re only a guest.\nSo unbecoming of a diplomat to jibe at a prominent Pakistani of international repute.\nAnd see in a rush of adrenaline what you forgot was to do your duty to clarify China\u2019s position on the subject. https://t.co/GfFglqQ0tJ"}, "created_at": "Sat Oct 13 09:13:56 +0000 2018", "quoted_status_id_str": "1051025515774136321", "filter_level": "low", "in_reply_to_status_id_str": null, "place": null}, "user": {"follow_request_sent": null, "profile_use_background_image": true, "default_profile_image": false, "id": 57584928, "default_profile": false, "verified": false, "profile_image_url_https": "https://pbs.twimg.com/profile_images/843716780233252865/bTZdHKEu_normal.jpg", "profile_sidebar_fill_color": "DAECF4", "profile_text_color": "663B12", "followers_count": 805, "profile_sidebar_border_color": "C6E2EE", "id_str": "57584928", "profile_background_color": "C6E2EE", "listed_count": 32, "profile_background_image_url_https": "https://abs.twimg.com/images/themes/theme2/bg.gif", "utc_offset": null, "statuses_count": 42540, "description": "Make Orwell fiction again...", "friends_count": 1581, "location": null, "profile_link_color": "1F98C7", "profile_image_url": "http://pbs.twimg.com/profile_images/843716780233252865/bTZdHKEu_normal.jpg", "following": null, "geo_enabled": false, "profile_background_image_url": "http://abs.twimg.com/images/themes/theme2/bg.gif", "name": "Dystopian", "lang": "en", "profile_background_tile": false, "favourites_count": 38309, "screen_name": "Deystopia", "notifications": null, "url": null, "created_at": "Fri Jul 17 07:53:00 +0000 2009", "contributors_enabled": false, "time_zone": null, "protected": false, "translator_type": "none", "is_translator": false}, "geo": null, "in_reply_to_user_id_str": null, "lang": "en", "created_at": "Sat Oct 13 09:33:36 +0000 2018", "quoted_status_id_str": "1051025515774136321", "filter_level": "low", "in_reply_to_status_id_str": null, "place": null}
