{"quote_count": 0, "contributors": null, "truncated": false, "text": "RT @WorldPTV: First ever international conference on mountains of #Pakistan begins in Paris today to showcase majestic mountain regions of\u2026", "is_quote_status": false, "in_reply_to_status_id": null, "reply_count": 0, "id": 1055346424014127104, "favorite_count": 0, "entities": {"user_mentions": [{"id": 1019455962, "indices": [3, 12], "id_str": "1019455962", "screen_name": "WorldPTV", "name": "PTV World"}], "symbols": [], "hashtags": [{"indices": [66, 75], "text": "Pakistan"}], "urls": []}, "retweeted": false, "coordinates": null, "timestamp_ms": "1540449169530", "source": "<a href=\"http://twitter.com/download/android\" rel=\"nofollow\">Twitter for Android</a>", "in_reply_to_screen_name": null, "id_str": "1055346424014127104", "retweet_count": 0, "in_reply_to_user_id": null, "favorited": false, "retweeted_status": {"quote_count": 0, "contributors": null, "truncated": true, "text": "First ever international conference on mountains of #Pakistan begins in Paris today to showcase majestic mountain r\u2026 https://t.co/WVTEUpAcBY", "is_quote_status": false, "in_reply_to_status_id": null, "reply_count": 0, "id": 1055342751997419520, "favorite_count": 14, "entities": {"user_mentions": [], "symbols": [], "hashtags": [{"indices": [52, 61], "text": "Pakistan"}], "urls": [{"url": "https://t.co/WVTEUpAcBY", "indices": [117, 140], "expanded_url": "https://twitter.com/i/web/status/1055342751997419520", "display_url": "twitter.com/i/web/status/1\u2026"}]}, "retweeted": false, "coordinates": null, "source": "<a href=\"http://twitter.com\" rel=\"nofollow\">Twitter Web Client</a>", "in_reply_to_screen_name": null, "id_str": "1055342751997419520", "display_text_range": [0, 140], "retweet_count": 5, "in_reply_to_user_id": null, "favorited": false, "user": {"follow_request_sent": null, "profile_use_background_image": true, "default_profile_image": false, "id": 1019455962, "default_profile": false, "verified": true, "profile_image_url_https": "https://pbs.twimg.com/profile_images/968925989429567488/HfI-mrKQ_normal.jpg", "profile_sidebar_fill_color": "E6F6F9", "profile_text_color": "333333", "followers_count": 279978, "profile_sidebar_border_color": "FFFFFF", "id_str": "1019455962", "profile_background_color": "DBE9ED", "listed_count": 314, "profile_background_image_url_https": "https://abs.twimg.com/images/themes/theme17/bg.gif", "utc_offset": null, "statuses_count": 62401, "description": "Official twitter handle of PTV-World, Pakistan's only English language channel, part of the State Broadcaster, PTV http://facebook.com/PTVWorld", "friends_count": 71, "location": "Islamabad", "profile_link_color": "CC3366", "profile_image_url": "http://pbs.twimg.com/profile_images/968925989429567488/HfI-mrKQ_normal.jpg", "following": null, "geo_enabled": false, "profile_banner_url": "https://pbs.twimg.com/profile_banners/1019455962/1537596203", "profile_background_image_url": "http://abs.twimg.com/images/themes/theme17/bg.gif", "name": "PTV World", "lang": "en", "profile_background_tile": false, "favourites_count": 184, "screen_name": "WorldPTV", "notifications": null, "url": "http://www.ptv.com.pk", "created_at": "Tue Dec 18 10:19:41 +0000 2012", "contributors_enabled": false, "time_zone": null, "protected": false, "translator_type": "none", "is_translator": false}, "geo": null, "in_reply_to_user_id_str": null, "possibly_sensitive": false, "lang": "en", "extended_tweet": {"display_text_range": [0, 134], "entities": {"user_mentions": [], "symbols": [], "hashtags": [{"indices": [52, 61], "text": "Pakistan"}], "urls": [], "media": [{"expanded_url": "https://twitter.com/WorldPTV/status/1055342751997419520/photo/1", "display_url": "pic.twitter.com/yAgVu2t8oN", "url": "https://t.co/yAgVu2t8oN", "media_url_https": "https://pbs.twimg.com/media/DqVUnG6WkAE9F7D.jpg", "id_str": "1055342718535241729", "sizes": {"small": {"h": 340, "resize": "fit", "w": 680}, "large": {"h": 512, "resize": "fit", "w": 1024}, "medium": {"h": 512, "resize": "fit", "w": 1024}, "thumb": {"h": 150, "resize": "crop", "w": 150}}, "indices": [135, 158], "type": "photo", "id": 1055342718535241729, "media_url": "http://pbs.twimg.com/media/DqVUnG6WkAE9F7D.jpg"}]}, "extended_entities": {"media": [{"expanded_url": "https://twitter.com/WorldPTV/status/1055342751997419520/photo/1", "display_url": "pic.twitter.com/yAgVu2t8oN", "url": "https://t.co/yAgVu2t8oN", "media_url_https": "https://pbs.twimg.com/media/DqVUnG6WkAE9F7D.jpg", "id_str": "1055342718535241729", "sizes": {"small": {"h": 340, "resize": "fit", "w": 680}, "large": {"h": 512, "resize": "fit", "w": 1024}, "medium": {"h": 512, "resize": "fit", "w": 1024}, "thumb": {"h": 150, "resize": "crop", "w": 150}}, "indices": [135, 158], "type": "photo", "id": 1055342718535241729, "media_url": "http://pbs.twimg.com/media/DqVUnG6WkAE9F7D.jpg"}]}, "full_text": "First ever international conference on mountains of #Pakistan begins in Paris today to showcase majestic mountain regions of Pakistan. https://t.co/yAgVu2t8oN"}, "created_at": "Thu Oct 25 06:18:14 +0000 2018", "filter_level": "low", "in_reply_to_status_id_str": null, "place": null}, "user": {"follow_request_sent": null, "profile_use_background_image": true, "default_profile_image": false, "id": 915452310142291968, "default_profile": true, "verified": false, "profile_image_url_https": "https://pbs.twimg.com/profile_images/916861132874412032/jrqTdnq6_normal.jpg", "profile_sidebar_fill_color": "DDEEF6", "profile_text_color": "333333", "followers_count": 17, "profile_sidebar_border_color": "C0DEED", "id_str": "915452310142291968", "profile_background_color": "F5F8FA", "listed_count": 0, "profile_background_image_url_https": "", "utc_offset": null, "statuses_count": 1049, "description": null, "friends_count": 60, "location": null, "profile_link_color": "1DA1F2", "profile_image_url": "http://pbs.twimg.com/profile_images/916861132874412032/jrqTdnq6_normal.jpg", "following": null, "geo_enabled": false, "profile_banner_url": "https://pbs.twimg.com/profile_banners/915452310142291968/1507431785", "profile_background_image_url": "", "name": "Muhammad Mateen", "lang": "en", "profile_background_tile": false, "favourites_count": 2150, "screen_name": "mateenfarooqpk", "notifications": null, "url": null, "created_at": "Wed Oct 04 05:43:33 +0000 2017", "contributors_enabled": false, "time_zone": null, "protected": false, "translator_type": "none", "is_translator": false}, "geo": null, "in_reply_to_user_id_str": null, "lang": "en", "created_at": "Thu Oct 25 06:32:49 +0000 2018", "filter_level": "low", "in_reply_to_status_id_str": null, "place": null}
{"quote_count": 0, "contributors": null, "truncated": true, "text": "28.#aafaque_ehsens_ideamines_sites #ideamines_assf #Science #Physics #video_Tutorial For #Students #Teachers\u2026 https://t.co/ImVng14L87", "is_quote_status": false, "in_reply_to_status_id": null, "reply_count": 0, "id": 1055346434218868736, "favorite_count": 0, "entities": {"user_mentions": [], "symbols": [], "hashtags": [{"indices": [3, 34], "text": "aafaque_ehsens_ideamines_sites"}, {"indices": [35, 50], "text": "ideamines_assf"}, {"indices": [51, 59], "text": "Science"}, {"indices": [60, 68], "text": "Physics"}, {"indices": [69, 84], "text": "video_Tutorial"}, {"indices": [89, 98], "text": "Students"}, {"indices": [99, 108], "text": "Teachers"}], "urls": [{"url": "https://t.co/ImVng14L87", "indices": [110, 133], "expanded_url": "https://twitter.com/i/web/status/1055346434218868736", "display_url": "twitter.com/i/web/status/1\u2026"}]}, "retweeted": false, "coordinates": null, "timestamp_ms": "1540449171963", "source": "<a href=\"http://www.DynamicTweets.com\" rel=\"nofollow\">Dynamic Tweets</a>", "in_reply_to_screen_name": null, "id_str": "1055346434218868736", "retweet_count": 0, "in_reply_to_user_id": null, "favorited": false, "user": {"follow_request_sent": null, "profile_use_background_image": true, "default_profile_image": false, "id": 236603274, "default_profile": false, "verified": false, "profile_image_url_https": "https://pbs.twimg.com/profile_images/1212406373/circonspect-2403_normal.gif", "profile_sidebar_fill_color": "DDEEF6", "profile_text_color": "333333", "followers_count": 490, "profile_sidebar_border_color": "C0DEED", "id_str": "236603274", "profile_background_color": "C0DEED", "listed_count": 153, "profile_background_image_url_https": "https://abs.twimg.com/images/themes/theme1/bg.png", "utc_offset": null, "statuses_count": 57124, "description": "Advertising professional, Pakistan. Site Staff  at http://commissionedwriting.com/imforums/index.php", "friends_count": 901, "location": "@aamera_mukhtar/twitter.com", "profile_link_color": "BD230F", "profile_image_url": "http://pbs.twimg.com/profile_images/1212406373/circonspect-2403_normal.gif", "following": null, "geo_enabled": false, "profile_banner_url": "https://pbs.twimg.com/profile_banners/236603274/1370777510", "profile_background_image_url": "http://abs.twimg.com/images/themes/theme1/bg.png", "name": "Aamera Mukhtar", "lang": "en", "profile_background_tile": false, "favourites_count": 79, "screen_name": "Aamera1", "notifications": null, "url": "http://commissionedwriting.com/imforums/index.php", "created_at": "Mon Jan 10 23:50:17 +0000 2011", "contributors_enabled": false, "time_zone": null, "protected": false, "translator_type": "none", "is_translator": false}, "geo": null, "in_reply_to_user_id_str": null, "possibly_sensitive": false, "lang": "en", "extended_tweet": {"display_text_range": [0, 247], "entities": {"user_mentions": [], "symbols": [], "hashtags": [{"indices": [3, 34], "text": "aafaque_ehsens_ideamines_sites"}, {"indices": [35, 50], "text": "ideamines_assf"}, {"indices": [51, 59], "text": "Science"}, {"indices": [60, 68], "text": "Physics"}, {"indices": [69, 84], "text": "video_Tutorial"}, {"indices": [89, 98], "text": "Students"}, {"indices": [99, 108], "text": "Teachers"}, {"indices": [109, 118], "text": "Pakistan"}, {"indices": [119, 123], "text": "FSc"}, {"indices": [151, 167], "text": "transport_ideas"}, {"indices": [168, 184], "text": "share_knowledge"}, {"indices": [185, 202], "text": "promote_learning"}, {"indices": [203, 217], "text": "enable_skills"}, {"indices": [218, 233], "text": "empower_people"}, {"indices": [234, 247], "text": "enrich_lives"}], "urls": [{"url": "https://t.co/LpwLeggf3U", "indices": [124, 147], "expanded_url": "http://bit.ly/2o0id2E", "display_url": "bit.ly/2o0id2E"}]}, "full_text": "28.#aafaque_ehsens_ideamines_sites #ideamines_assf #Science #Physics #video_Tutorial For #Students #Teachers #Pakistan #FSc https://t.co/LpwLeggf3U We #transport_ideas #share_knowledge #promote_learning #enable_skills #empower_people #enrich_lives"}, "created_at": "Thu Oct 25 06:32:51 +0000 2018", "filter_level": "low", "in_reply_to_status_id_str": null, "place": null}
{"quote_count": 0, "contributors": null, "truncated": false, "text": "RT @ShahNafisa: #PPP is the only party that has made a commitment in its #Manifesto2018 to recognise women agricultural workers. Previously\u2026", "is_quote_status": false, "in_reply_to_status_id": null, "reply_count": 0, "id": 1055346449150554112, "favorite_count": 0, "entities": {"user_mentions": [{"id": 1582096902, "indices": [3, 14], "id_str": "1582096902", "screen_name": "ShahNafisa", "name": "Nafisa Shah"}], "symbols": [], "hashtags": [{"indices": [16, 20], "text": "PPP"}, {"indices": [73, 87], "text": "Manifesto2018"}], "urls": []}, "retweeted": false, "coordinates": null, "timestamp_ms": "1540449175523", "source": "<a href=\"https://mobile.twitter.com\" rel=\"nofollow\">Twitter Lite</a>", "in_reply_to_screen_name": null, "id_str": "1055346449150554112", "retweet_count": 0, "in_reply_to_user_id": null, "favorited": false, "retweeted_status": {"quote_count": 0, "contributors": null, "truncated": true, "text": "#PPP is the only party that has made a commitment in its #Manifesto2018 to recognise women agricultural workers. Pr\u2026 https://t.co/wmDWj7Dwf5", "is_quote_status": false, "in_reply_to_status_id": null, "reply_count": 9, "id": 1055339318435147776, "favorite_count": 57, "entities": {"user_mentions": [], "symbols": [], "hashtags": [{"indices": [0, 4], "text": "PPP"}, {"indices": [57, 71], "text": "Manifesto2018"}], "urls": [{"url": "https://t.co/wmDWj7Dwf5", "indices": [117, 140], "expanded_url": "https://twitter.com/i/web/status/1055339318435147776", "display_url": "twitter.com/i/web/status/1\u2026"}]}, "retweeted": false, "coordinates": null, "source": "<a href=\"http://twitter.com/download/android\" rel=\"nofollow\">Twitter for Android</a>", "in_reply_to_screen_name": null, "id_str": "1055339318435147776", "display_text_range": [0, 140], "retweet_count": 30, "in_reply_to_user_id": null, "favorited": false, "user": {"follow_request_sent": null, "profile_use_background_image": true, "default_profile_image": false, "id": 1582096902, "default_profile": true, "verified": false, "profile_image_url_https": "https://pbs.twimg.com/profile_images/1030534509492625409/yP_TPDYs_normal.jpg", "profile_sidebar_fill_color": "DDEEF6", "profile_text_color": "333333", "followers_count": 307909, "profile_sidebar_border_color": "C0DEED", "id_str": "1582096902", "profile_background_color": "C0DEED", "listed_count": 213, "profile_background_image_url_https": "https://abs.twimg.com/images/themes/theme1/bg.png", "utc_offset": null, "statuses_count": 10877, "description": "Member National Assembly NA-208. Central Information Secretary, PPPP. Formerly a journalist; interest in anthropology; occasional artist and writer", "friends_count": 985, "location": "Pakistan", "profile_link_color": "1DA1F2", "profile_image_url": "http://pbs.twimg.com/profile_images/1030534509492625409/yP_TPDYs_normal.jpg", "following": null, "geo_enabled": false, "profile_banner_url": "https://pbs.twimg.com/profile_banners/1582096902/1514348220", "profile_background_image_url": "http://abs.twimg.com/images/themes/theme1/bg.png", "name": "Nafisa Shah", "lang": "en", "profile_background_tile": false, "favourites_count": 10066, "screen_name": "ShahNafisa", "notifications": null, "url": null, "created_at": "Wed Jul 10 03:45:03 +0000 2013", "contributors_enabled": false, "time_zone": null, "protected": false, "translator_type": "none", "is_translator": false}, "geo": null, "in_reply_to_user_id_str": null, "possibly_sensitive": false, "lang": "en", "extended_tweet": {"display_text_range": [0, 271], "entities": {"user_mentions": [{"id": 2772756692, "indices": [241, 255], "id_str": "2772756692", "screen_name": "CollectiveKHI", "name": "Collective"}, {"id": 339040963, "indices": [256, 271], "id_str": "339040963", "screen_name": "BBhuttoZardari", "name": "BilawalBhuttoZardari"}], "symbols": [], "hashtags": [{"indices": [0, 4], "text": "PPP"}, {"indices": [57, 71], "text": "Manifesto2018"}, {"indices": [130, 135], "text": "BISP"}, {"indices": [231, 240], "text": "Pakistan"}], "urls": [], "media": [{"expanded_url": "https://twitter.com/ShahNafisa/status/1055339318435147776/photo/1", "display_url": "pic.twitter.com/0dUcRySCPi", "url": "https://t.co/0dUcRySCPi", "media_url_https": "https://pbs.twimg.com/media/DqVRgHsU0AIz7pJ.jpg", "id_str": "1055339299950874626", "sizes": {"large": {"h": 2048, "resize": "fit", "w": 1536}, "small": {"h": 680, "resize": "fit", "w": 510}, "medium": {"h": 1200, "resize": "fit", "w": 900}, "thumb": {"h": 150, "resize": "crop", "w": 150}}, "indices": [272, 295], "type": "photo", "id": 1055339299950874626, "media_url": "http://pbs.twimg.com/media/DqVRgHsU0AIz7pJ.jpg"}]}, "extended_entities": {"media": [{"expanded_url": "https://twitter.com/ShahNafisa/status/1055339318435147776/photo/1", "display_url": "pic.twitter.com/0dUcRySCPi", "url": "https://t.co/0dUcRySCPi", "media_url_https": "https://pbs.twimg.com/media/DqVRgHsU0AIz7pJ.jpg", "id_str": "1055339299950874626", "sizes": {"large": {"h": 2048, "resize": "fit", "w": 1536}, "small": {"h": 680, "resize": "fit", "w": 510}, "medium": {"h": 1200, "resize": "fit", "w": 900}, "thumb": {"h": 150, "resize": "crop", "w": 150}}, "indices": [272, 295], "type": "photo", "id": 1055339299950874626, "media_url": "http://pbs.twimg.com/media/DqVRgHsU0AIz7pJ.jpg"}]}, "full_text": "#PPP is the only party that has made a commitment in its #Manifesto2018 to recognise women agricultural workers. Previously PPP's #BISP recognised poverty among women which led to cash transfers to more than 5 million women across #Pakistan @CollectiveKHI @BBhuttoZardari https://t.co/0dUcRySCPi"}, "created_at": "Thu Oct 25 06:04:35 +0000 2018", "filter_level": "low", "in_reply_to_status_id_str": null, "place": null}, "user": {"follow_request_sent": null, "profile_use_background_image": true, "default_profile_image": false, "id": 1038214223028006914, "default_profile": true, "verified": false, "profile_image_url_https": "https://pbs.twimg.com/profile_images/1042279160536858625/M1_duKNW_normal.jpg", "profile_sidebar_fill_color": "DDEEF6", "profile_text_color": "333333", "followers_count": 192, "profile_sidebar_border_color": "C0DEED", "id_str": "1038214223028006914", "profile_background_color": "F5F8FA", "listed_count": 0, "profile_background_image_url_https": "", "utc_offset": null, "statuses_count": 6609, "description": "We all can do just a little more by leaving this beautiful world a little better than we found it. Education is the only key to development for every nation.", "friends_count": 578, "location": "Earth", "profile_link_color": "1DA1F2", "profile_image_url": "http://pbs.twimg.com/profile_images/1042279160536858625/M1_duKNW_normal.jpg", "following": null, "geo_enabled": false, "profile_banner_url": "https://pbs.twimg.com/profile_banners/1038214223028006914/1537030892", "profile_background_image_url": "", "name": "Pacific", "lang": "en", "profile_background_tile": false, "favourites_count": 931, "screen_name": "PacificCare1", "notifications": null, "url": null, "created_at": "Fri Sep 07 23:55:34 +0000 2018", "contributors_enabled": false, "time_zone": null, "protected": false, "translator_type": "none", "is_translator": false}, "geo": null, "in_reply_to_user_id_str": null, "lang": "en", "created_at": "Thu Oct 25 06:32:55 +0000 2018", "filter_level": "low", "in_reply_to_status_id_str": null, "place": null}
{"quote_count": 0, "contributors": null, "truncated": true, "text": "NA speaker to issue Shahbaz\u2019s production order :PML-N\n#PMLN\n#production\n#order\n#Pakistan\n#Islamabad\u2026 https://t.co/H8qJhpk4xn", "is_quote_status": false, "in_reply_to_status_id": null, "reply_count": 0, "id": 1055346476149235712, "favorite_count": 0, "entities": {"user_mentions": [], "symbols": [], "hashtags": [{"indices": [54, 59], "text": "PMLN"}, {"indices": [60, 71], "text": "production"}, {"indices": [72, 78], "text": "order"}, {"indices": [79, 88], "text": "Pakistan"}, {"indices": [89, 99], "text": "Islamabad"}], "urls": [{"url": "https://t.co/H8qJhpk4xn", "indices": [101, 124], "expanded_url": "https://twitter.com/i/web/status/1055346476149235712", "display_url": "twitter.com/i/web/status/1\u2026"}]}, "retweeted": false, "coordinates": null, "timestamp_ms": "1540449181960", "source": "<a href=\"https://about.twitter.com/products/tweetdeck\" rel=\"nofollow\">TweetDeck</a>", "in_reply_to_screen_name": null, "id_str": "1055346476149235712", "display_text_range": [0, 140], "retweet_count": 0, "in_reply_to_user_id": null, "favorited": false, "user": {"follow_request_sent": null, "profile_use_background_image": false, "default_profile_image": false, "id": 3232584426, "default_profile": false, "verified": false, "profile_image_url_https": "https://pbs.twimg.com/profile_images/605374259389554689/PogxCG3n_normal.jpg", "profile_sidebar_fill_color": "000000", "profile_text_color": "000000", "followers_count": 1238, "profile_sidebar_border_color": "000000", "id_str": "3232584426", "profile_background_color": "000000", "listed_count": 254, "profile_background_image_url_https": "https://abs.twimg.com/images/themes/theme7/bg.gif", "utc_offset": null, "statuses_count": 149384, "description": "United New of India-News Agnecy", "friends_count": 5, "location": "New Delhi, Delhi", "profile_link_color": "ABB8C2", "profile_image_url": "http://pbs.twimg.com/profile_images/605374259389554689/PogxCG3n_normal.jpg", "following": null, "geo_enabled": false, "profile_background_image_url": "http://abs.twimg.com/images/themes/theme7/bg.gif", "name": "uniindianews", "lang": "en", "profile_background_tile": false, "favourites_count": 70, "screen_name": "uniindianews", "notifications": null, "url": "http://www.uniindia.com/", "created_at": "Mon Jun 01 14:00:31 +0000 2015", "contributors_enabled": false, "time_zone": null, "protected": false, "translator_type": "none", "is_translator": false}, "geo": null, "in_reply_to_user_id_str": null, "possibly_sensitive": false, "lang": "en", "extended_tweet": {"display_text_range": [0, 124], "entities": {"user_mentions": [], "symbols": [], "hashtags": [{"indices": [54, 59], "text": "PMLN"}, {"indices": [60, 71], "text": "production"}, {"indices": [72, 78], "text": "order"}, {"indices": [79, 88], "text": "Pakistan"}, {"indices": [89, 99], "text": "Islamabad"}], "urls": [{"url": "https://t.co/jVVvjEpeCv", "indices": [101, 124], "expanded_url": "http://www.uniindia.com/na-speaker-to-issue-shahbaz-s-production-order-pml-n/world/news/1388163.html", "display_url": "uniindia.com/na-speaker-to-\u2026"}], "media": [{"expanded_url": "https://twitter.com/uniindianews/status/1055346476149235712/photo/1", "display_url": "pic.twitter.com/VL15lIKzfO", "url": "https://t.co/VL15lIKzfO", "media_url_https": "https://pbs.twimg.com/media/DqVXU6sV4AE2g5V.jpg", "id_str": "1055345704552488961", "sizes": {"small": {"h": 350, "resize": "fit", "w": 595}, "large": {"h": 350, "resize": "fit", "w": 595}, "medium": {"h": 350, "resize": "fit", "w": 595}, "thumb": {"h": 150, "resize": "crop", "w": 150}}, "indices": [125, 148], "type": "photo", "id": 1055345704552488961, "media_url": "http://pbs.twimg.com/media/DqVXU6sV4AE2g5V.jpg"}]}, "extended_entities": {"media": [{"expanded_url": "https://twitter.com/uniindianews/status/1055346476149235712/photo/1", "display_url": "pic.twitter.com/VL15lIKzfO", "url": "https://t.co/VL15lIKzfO", "media_url_https": "https://pbs.twimg.com/media/DqVXU6sV4AE2g5V.jpg", "id_str": "1055345704552488961", "sizes": {"small": {"h": 350, "resize": "fit", "w": 595}, "large": {"h": 350, "resize": "fit", "w": 595}, "medium": {"h": 350, "resize": "fit", "w": 595}, "thumb": {"h": 150, "resize": "crop", "w": 150}}, "indices": [125, 148], "type": "photo", "id": 1055345704552488961, "media_url": "http://pbs.twimg.com/media/DqVXU6sV4AE2g5V.jpg"}]}, "full_text": "NA speaker to issue Shahbaz\u2019s production order :PML-N\n#PMLN\n#production\n#order\n#Pakistan\n#Islamabad\n\nhttps://t.co/jVVvjEpeCv https://t.co/VL15lIKzfO"}, "created_at": "Thu Oct 25 06:33:01 +0000 2018", "filter_level": "low", "in_reply_to_status_id_str": null, "place": null}
{"quote_count": 0, "contributors": null, "truncated": false, "text": "@Patriots_Bln #FCBalochistan #Balochistan #Pakistan #BalochistanisPakistan, Great.", "is_quote_status": false, "in_reply_to_status_id": 1055100633659908096, "reply_count": 0, "id": 1055346481161494529, "favorite_count": 0, "entities": {"user_mentions": [{"id": 732566376, "indices": [0, 13], "id_str": "732566376", "screen_name": "Patriots_Bln", "name": "Balochistan Patriots"}], "symbols": [], "hashtags": [{"indices": [14, 28], "text": "FCBalochistan"}, {"indices": [29, 41], "text": "Balochistan"}, {"indices": [42, 51], "text": "Pakistan"}, {"indices": [52, 74], "text": "BalochistanisPakistan"}], "urls": []}, "retweeted": false, "coordinates": null, "timestamp_ms": "1540449183155", "source": "<a href=\"http://twitter.com/download/android\" rel=\"nofollow\">Twitter for Android</a>", "in_reply_to_screen_name": "Patriots_Bln", "id_str": "1055346481161494529", "display_text_range": [14, 82], "retweet_count": 0, "in_reply_to_user_id": 732566376, "favorited": false, "user": {"follow_request_sent": null, "profile_use_background_image": true, "default_profile_image": false, "id": 1037031200769159169, "default_profile": true, "verified": false, "profile_image_url_https": "https://pbs.twimg.com/profile_images/1037252313029730304/sA8nP-DQ_normal.jpg", "profile_sidebar_fill_color": "DDEEF6", "profile_text_color": "333333", "followers_count": 20, "profile_sidebar_border_color": "C0DEED", "id_str": "1037031200769159169", "profile_background_color": "F5F8FA", "listed_count": 0, "profile_background_image_url_https": "", "utc_offset": null, "statuses_count": 836, "description": "Analyst", "friends_count": 40, "location": "Abu Dhabi, United Arab Emirate", "profile_link_color": "1DA1F2", "profile_image_url": "http://pbs.twimg.com/profile_images/1037252313029730304/sA8nP-DQ_normal.jpg", "following": null, "geo_enabled": false, "profile_background_image_url": "", "name": "Syed Saim", "lang": "en", "profile_background_tile": false, "favourites_count": 469, "screen_name": "SyedSai17681000", "notifications": null, "url": null, "created_at": "Tue Sep 04 17:34:40 +0000 2018", "contributors_enabled": false, "time_zone": null, "protected": false, "translator_type": "none", "is_translator": false}, "geo": null, "in_reply_to_user_id_str": "732566376", "lang": "en", "created_at": "Thu Oct 25 06:33:03 +0000 2018", "filter_level": "low", "in_reply_to_status_id_str": "1055100633659908096", "place": null}
{"quote_count": 0, "contributors": null, "truncated": false, "text": "RT @nadeem_nusrat: Press Release: Foreign aid or bailout packages can only delay, not prevent the inevitable. #Pakistan, a country with 200\u2026", "is_quote_status": false, "in_reply_to_status_id": null, "reply_count": 0, "id": 1055346495673778176, "favorite_count": 0, "entities": {"user_mentions": [{"id": 893792552, "indices": [3, 17], "id_str": "893792552", "screen_name": "nadeem_nusrat", "name": "Nadeem Nusrat"}], "symbols": [], "hashtags": [{"indices": [110, 119], "text": "Pakistan"}], "urls": []}, "retweeted": false, "coordinates": null, "timestamp_ms": "1540449186615", "source": "<a href=\"http://twitter.com/download/android\" rel=\"nofollow\">Twitter for Android</a>", "in_reply_to_screen_name": null, "id_str": "1055346495673778176", "retweet_count": 0, "in_reply_to_user_id": null, "favorited": false, "retweeted_status": {"quote_count": 1, "contributors": null, "truncated": true, "text": "Press Release: Foreign aid or bailout packages can only delay, not prevent the inevitable. #Pakistan, a country wit\u2026 https://t.co/6F3laI5Zut", "is_quote_status": false, "in_reply_to_status_id": null, "reply_count": 7, "id": 1055290598821892102, "favorite_count": 32, "entities": {"user_mentions": [], "symbols": [], "hashtags": [{"indices": [91, 100], "text": "Pakistan"}], "urls": [{"url": "https://t.co/6F3laI5Zut", "indices": [117, 140], "expanded_url": "https://twitter.com/i/web/status/1055290598821892102", "display_url": "twitter.com/i/web/status/1\u2026"}]}, "retweeted": false, "coordinates": null, "source": "<a href=\"http://twitter.com/download/iphone\" rel=\"nofollow\">Twitter for iPhone</a>", "in_reply_to_screen_name": null, "id_str": "1055290598821892102", "display_text_range": [0, 140], "retweet_count": 22, "in_reply_to_user_id": null, "favorited": false, "user": {"follow_request_sent": null, "profile_use_background_image": true, "default_profile_image": false, "id": 893792552, "default_profile": true, "verified": true, "profile_image_url_https": "https://pbs.twimg.com/profile_images/1039332191426306048/t7GqVJHx_normal.jpg", "profile_sidebar_fill_color": "DDEEF6", "profile_text_color": "333333", "followers_count": 53755, "profile_sidebar_border_color": "C0DEED", "id_str": "893792552", "profile_background_color": "C0DEED", "listed_count": 88, "profile_background_image_url_https": "https://abs.twimg.com/images/themes/theme1/bg.png", "utc_offset": null, "statuses_count": 8076, "description": "Chairperson: Voice of Karachi and South Asia Minorities Alliance Foundation.", "friends_count": 278, "location": "Washington, DC", "profile_link_color": "1DA1F2", "profile_image_url": "http://pbs.twimg.com/profile_images/1039332191426306048/t7GqVJHx_normal.jpg", "following": null, "geo_enabled": false, "profile_banner_url": "https://pbs.twimg.com/profile_banners/893792552/1520020375", "profile_background_image_url": "http://abs.twimg.com/images/themes/theme1/bg.png", "name": "Nadeem Nusrat", "lang": "en", "profile_background_tile": false, "favourites_count": 10104, "screen_name": "nadeem_nusrat", "notifications": null, "url": "http://www.voiceofkarachi.org", "created_at": "Sat Oct 20 18:38:00 +0000 2012", "contributors_enabled": false, "time_zone": null, "protected": false, "translator_type": "none", "is_translator": false}, "geo": null, "in_reply_to_user_id_str": null, "possibly_sensitive": false, "lang": "en", "extended_tweet": {"display_text_range": [0, 229], "entities": {"user_mentions": [], "symbols": [], "hashtags": [{"indices": [91, 100], "text": "Pakistan"}], "urls": [], "media": [{"expanded_url": "https://twitter.com/nadeem_nusrat/status/1055290598821892102/photo/1", "display_url": "pic.twitter.com/03OgmsGK80", "url": "https://t.co/03OgmsGK80", "media_url_https": "https://pbs.twimg.com/media/DqUlM-rX4AAi50K.jpg", "id_str": "1055290592601825280", "sizes": {"small": {"h": 680, "resize": "fit", "w": 528}, "large": {"h": 1599, "resize": "fit", "w": 1242}, "medium": {"h": 1200, "resize": "fit", "w": 932}, "thumb": {"h": 150, "resize": "crop", "w": 150}}, "indices": [230, 253], "type": "photo", "id": 1055290592601825280, "media_url": "http://pbs.twimg.com/media/DqUlM-rX4AAi50K.jpg"}, {"expanded_url": "https://twitter.com/nadeem_nusrat/status/1055290598821892102/photo/1", "display_url": "pic.twitter.com/03OgmsGK80", "url": "https://t.co/03OgmsGK80", "media_url_https": "https://pbs.twimg.com/media/DqUlM-rWkAA3zoN.jpg", "id_str": "1055290592601739264", "sizes": {"large": {"h": 1608, "resize": "fit", "w": 1242}, "small": {"h": 680, "resize": "fit", "w": 525}, "medium": {"h": 1200, "resize": "fit", "w": 927}, "thumb": {"h": 150, "resize": "crop", "w": 150}}, "indices": [230, 253], "type": "photo", "id": 1055290592601739264, "media_url": "http://pbs.twimg.com/media/DqUlM-rWkAA3zoN.jpg"}]}, "extended_entities": {"media": [{"expanded_url": "https://twitter.com/nadeem_nusrat/status/1055290598821892102/photo/1", "display_url": "pic.twitter.com/03OgmsGK80", "url": "https://t.co/03OgmsGK80", "media_url_https": "https://pbs.twimg.com/media/DqUlM-rX4AAi50K.jpg", "id_str": "1055290592601825280", "sizes": {"small": {"h": 680, "resize": "fit", "w": 528}, "large": {"h": 1599, "resize": "fit", "w": 1242}, "medium": {"h": 1200, "resize": "fit", "w": 932}, "thumb": {"h": 150, "resize": "crop", "w": 150}}, "indices": [230, 253], "type": "photo", "id": 1055290592601825280, "media_url": "http://pbs.twimg.com/media/DqUlM-rX4AAi50K.jpg"}, {"expanded_url": "https://twitter.com/nadeem_nusrat/status/1055290598821892102/photo/1", "display_url": "pic.twitter.com/03OgmsGK80", "url": "https://t.co/03OgmsGK80", "media_url_https": "https://pbs.twimg.com/media/DqUlM-rWkAA3zoN.jpg", "id_str": "1055290592601739264", "sizes": {"large": {"h": 1608, "resize": "fit", "w": 1242}, "small": {"h": 680, "resize": "fit", "w": 525}, "medium": {"h": 1200, "resize": "fit", "w": 927}, "thumb": {"h": 150, "resize": "crop", "w": 150}}, "indices": [230, 253], "type": "photo", "id": 1055290592601739264, "media_url": "http://pbs.twimg.com/media/DqUlM-rWkAA3zoN.jpg"}]}, "full_text": "Press Release: Foreign aid or bailout packages can only delay, not prevent the inevitable. #Pakistan, a country with 200 million population, cannot continue to survive on foreign charity, bailout packages and loans. Nadeem Nusrat https://t.co/03OgmsGK80"}, "created_at": "Thu Oct 25 02:50:59 +0000 2018", "filter_level": "low", "in_reply_to_status_id_str": null, "place": null}, "user": {"follow_request_sent": null, "profile_use_background_image": true, "default_profile_image": false, "id": 970705018075697152, "default_profile": true, "verified": false, "profile_image_url_https": "https://pbs.twimg.com/profile_images/971524311000473601/eaZUngni_normal.jpg", "profile_sidebar_fill_color": "DDEEF6", "profile_text_color": "333333", "followers_count": 32, "profile_sidebar_border_color": "C0DEED", "id_str": "970705018075697152", "profile_background_color": "F5F8FA", "listed_count": 0, "profile_background_image_url_https": "", "utc_offset": null, "statuses_count": 1489, "description": "\u200f\u067e\u0646\u062c\u0627\u0628\u06cc \u06a9\u0691\u06cc", "friends_count": 102, "location": "United States", "profile_link_color": "1DA1F2", "profile_image_url": "http://pbs.twimg.com/profile_images/971524311000473601/eaZUngni_normal.jpg", "following": null, "geo_enabled": false, "profile_banner_url": "https://pbs.twimg.com/profile_banners/970705018075697152/1520464419", "profile_background_image_url": "", "name": "Punjabi kurri", "lang": "en", "profile_background_tile": false, "favourites_count": 1544, "screen_name": "kuri223", "notifications": null, "url": null, "created_at": "Mon Mar 05 16:58:05 +0000 2018", "contributors_enabled": false, "time_zone": null, "protected": false, "translator_type": "none", "is_translator": false}, "geo": null, "in_reply_to_user_id_str": null, "lang": "en", "created_at": "Thu Oct 25 06:33:06 +0000 2018", "filter_level": "low", "in_reply_to_status_id_str": null, "place": null}
{"quote_count": 0, "contributors": null, "truncated": false, "text": "RT @defencedotpk: #Pakistan rejects Afghanistan's 'baseless' allegations on Kandahar attack.\n\nhttps://t.co/G4PJPSUT80", "is_quote_status": false, "in_reply_to_status_id": null, "reply_count": 0, "id": 1055346554209554432, "favorite_count": 0, "entities": {"user_mentions": [{"id": 2207990445, "indices": [3, 16], "id_str": "2207990445", "screen_name": "defencedotpk", "name": "Pakistan Defence"}], "symbols": [], "hashtags": [{"indices": [18, 27], "text": "Pakistan"}], "urls": [{"url": "https://t.co/G4PJPSUT80", "indices": [94, 117], "expanded_url": "https://defence.pk/pdf/threads/pakistan-rejects-afghanistans-baseless-allegations-on-kandahar-attack.583179/#.W9BnkHIk7X4.twitter", "display_url": "defence.pk/pdf/threads/pa\u2026"}]}, "retweeted": false, "coordinates": null, "timestamp_ms": "1540449200571", "source": "<a href=\"http://twitter.com/download/android\" rel=\"nofollow\">Twitter for Android</a>", "in_reply_to_screen_name": null, "id_str": "1055346554209554432", "retweet_count": 0, "in_reply_to_user_id": null, "favorited": false, "retweeted_status": {"quote_count": 2, "contributors": null, "truncated": false, "text": "#Pakistan rejects Afghanistan's 'baseless' allegations on Kandahar attack.\n\nhttps://t.co/G4PJPSUT80", "is_quote_status": false, "in_reply_to_status_id": null, "reply_count": 14, "id": 1055075905939390464, "favorite_count": 282, "source": "<a href=\"http://twitter.com/download/android\" rel=\"nofollow\">Twitter for Android</a>", "retweeted": false, "coordinates": null, "entities": {"user_mentions": [], "symbols": [], "hashtags": [{"indices": [0, 9], "text": "Pakistan"}], "urls": [{"url": "https://t.co/G4PJPSUT80", "indices": [76, 99], "expanded_url": "https://defence.pk/pdf/threads/pakistan-rejects-afghanistans-baseless-allegations-on-kandahar-attack.583179/#.W9BnkHIk7X4.twitter", "display_url": "defence.pk/pdf/threads/pa\u2026"}]}, "in_reply_to_screen_name": null, "id_str": "1055075905939390464", "retweet_count": 87, "in_reply_to_user_id": null, "favorited": false, "user": {"follow_request_sent": null, "profile_use_background_image": false, "default_profile_image": false, "id": 2207990445, "default_profile": false, "verified": false, "profile_image_url_https": "https://pbs.twimg.com/profile_images/1020919543445716992/8HY5Bgnk_normal.jpg", "profile_sidebar_fill_color": "000000", "profile_text_color": "000000", "followers_count": 109489, "profile_sidebar_border_color": "000000", "id_str": "2207990445", "profile_background_color": "000000", "listed_count": 133, "profile_background_image_url_https": "https://abs.twimg.com/images/themes/theme1/bg.png", "utc_offset": null, "statuses_count": 15494, "description": "We're a world leading online forum dedicated to Defense, Counterterrorism, Military Industry, Political & Global Affairs | Hit our website for FREE membership.", "friends_count": 292, "location": "\u067e\u0627\u06a9\u0633\u062a\u0627\u0646 \ud83c\uddf5\ud83c\uddf0", "profile_link_color": "1B95E0", "profile_image_url": "http://pbs.twimg.com/profile_images/1020919543445716992/8HY5Bgnk_normal.jpg", "following": null, "geo_enabled": false, "profile_banner_url": "https://pbs.twimg.com/profile_banners/2207990445/1539261825", "profile_background_image_url": "http://abs.twimg.com/images/themes/theme1/bg.png", "name": "Pakistan Defence", "lang": "en", "profile_background_tile": false, "favourites_count": 57591, "screen_name": "defencedotpk", "notifications": null, "url": "https://defence.pk/pdf/", "created_at": "Wed Dec 04 22:21:41 +0000 2013", "contributors_enabled": false, "time_zone": null, "protected": false, "translator_type": "none", "is_translator": false}, "geo": null, "in_reply_to_user_id_str": null, "possibly_sensitive": false, "lang": "en", "created_at": "Wed Oct 24 12:37:52 +0000 2018", "filter_level": "low", "in_reply_to_status_id_str": null, "place": null}, "user": {"follow_request_sent": null, "profile_use_background_image": true, "default_profile_image": false, "id": 1408533354, "default_profile": true, "verified": false, "profile_image_url_https": "https://pbs.twimg.com/profile_images/899017273989574656/7J9X-zzp_normal.jpg", "profile_sidebar_fill_color": "DDEEF6", "profile_text_color": "333333", "followers_count": 96, "profile_sidebar_border_color": "C0DEED", "id_str": "1408533354", "profile_background_color": "C0DEED", "listed_count": 1, "profile_background_image_url_https": "https://abs.twimg.com/images/themes/theme1/bg.png", "utc_offset": null, "statuses_count": 6230, "description": null, "friends_count": 227, "location": "saudiarabia", "profile_link_color": "1DA1F2", "profile_image_url": "http://pbs.twimg.com/profile_images/899017273989574656/7J9X-zzp_normal.jpg", "following": null, "geo_enabled": true, "profile_banner_url": "https://pbs.twimg.com/profile_banners/1408533354/1412874386", "profile_background_image_url": "http://abs.twimg.com/images/themes/theme1/bg.png", "name": "sadafahsan", "lang": "en", "profile_background_tile": false, "favourites_count": 3133, "screen_name": "sadafahsan2005", "notifications": null, "url": null, "created_at": "Mon May 06 19:36:16 +0000 2013", "contributors_enabled": false, "time_zone": null, "protected": false, "translator_type": "none", "is_translator": false}, "geo": null, "in_reply_to_user_id_str": null, "possibly_sensitive": false, "lang": "en", "created_at": "Thu Oct 25 06:33:20 +0000 2018", "filter_level": "low", "in_reply_to_status_id_str": null, "place": null}
{"quote_count": 0, "quoted_status_permalink": {"url": "https://t.co/FlqXQ803dW", "expanded": "https://twitter.com/ICC/status/1055152359305822208", "display": "twitter.com/ICC/status/105\u2026"}, "contributors": null, "truncated": false, "text": "@babarazam258  A Classic Innings!\n\n#ICC  #PAKvAUS #Cricket #UAE #AUSvPAK #Pakistan #Pakistani #pakistanis", "is_quote_status": true, "in_reply_to_status_id": null, "reply_count": 0, "id": 1055346585482260481, "favorite_count": 0, "entities": {"user_mentions": [{"id": 2526480081, "indices": [0, 13], "id_str": "2526480081", "screen_name": "babarazam258", "name": "Babar Azam"}], "symbols": [], "hashtags": [{"indices": [35, 39], "text": "ICC"}, {"indices": [41, 49], "text": "PAKvAUS"}, {"indices": [50, 58], "text": "Cricket"}, {"indices": [59, 63], "text": "UAE"}, {"indices": [64, 72], "text": "AUSvPAK"}, {"indices": [73, 82], "text": "Pakistan"}, {"indices": [83, 93], "text": "Pakistani"}, {"indices": [94, 105], "text": "pakistanis"}], "urls": []}, "quoted_status_id": 1055152359305822208, "retweeted": false, "coordinates": null, "timestamp_ms": "1540449208027", "quoted_status": {"quote_count": 3, "contributors": null, "truncated": true, "text": "Pakistan end their innings on 155/8 with Babar Azam carrying his bat with 68*.\n\nThey were seriously hampered by los\u2026 https://t.co/VYxOh1kklC", "is_quote_status": false, "in_reply_to_status_id": null, "reply_count": 41, "id": 1055152359305822208, "favorite_count": 907, "entities": {"user_mentions": [], "symbols": [], "hashtags": [], "urls": [{"url": "https://t.co/VYxOh1kklC", "indices": [117, 140], "expanded_url": "https://twitter.com/i/web/status/1055152359305822208", "display_url": "twitter.com/i/web/status/1\u2026"}]}, "retweeted": false, "coordinates": null, "source": "<a href=\"http://twitter.com\" rel=\"nofollow\">Twitter Web Client</a>", "in_reply_to_screen_name": null, "id_str": "1055152359305822208", "display_text_range": [0, 140], "retweet_count": 87, "in_reply_to_user_id": null, "favorited": false, "user": {"follow_request_sent": null, "profile_use_background_image": true, "default_profile_image": false, "id": 177547780, "default_profile": false, "verified": true, "profile_image_url_https": "https://pbs.twimg.com/profile_images/853850199609024512/Rjw4RCp7_normal.jpg", "profile_sidebar_fill_color": "DDEEF6", "profile_text_color": "333333", "followers_count": 8345296, "profile_sidebar_border_color": "FFFFFF", "id_str": "177547780", "profile_background_color": "000805", "listed_count": 4634, "profile_background_image_url_https": "https://abs.twimg.com/images/themes/theme1/bg.png", "utc_offset": null, "statuses_count": 66289, "description": "The official Twitter account of the International Cricket Council; world cricket\u2019s governing body.", "friends_count": 491, "location": "Dubai", "profile_link_color": "0084B4", "profile_image_url": "http://pbs.twimg.com/profile_images/853850199609024512/Rjw4RCp7_normal.jpg", "following": null, "geo_enabled": true, "profile_banner_url": "https://pbs.twimg.com/profile_banners/177547780/1540380907", "profile_background_image_url": "http://abs.twimg.com/images/themes/theme1/bg.png", "name": "ICC", "lang": "en", "profile_background_tile": false, "favourites_count": 645, "screen_name": "ICC", "notifications": null, "url": "http://www.icc-cricket.com", "created_at": "Thu Aug 12 12:32:41 +0000 2010", "contributors_enabled": false, "time_zone": null, "protected": false, "translator_type": "none", "is_translator": false}, "geo": null, "in_reply_to_user_id_str": null, "possibly_sensitive": false, "lang": "en", "extended_tweet": {"display_text_range": [0, 267], "entities": {"user_mentions": [], "symbols": [], "hashtags": [{"indices": [227, 235], "text": "PAKvAUS"}], "urls": [{"url": "https://t.co/5ra4WR5Cil", "indices": [244, 267], "expanded_url": "http://bit.ly/PakvAus3", "display_url": "bit.ly/PakvAus3"}], "media": [{"expanded_url": "https://twitter.com/ICC/status/1055152359305822208/photo/1", "display_url": "pic.twitter.com/uWgk2rUwQd", "url": "https://t.co/uWgk2rUwQd", "media_url_https": "https://pbs.twimg.com/media/DqSnal4XcAE96iz.jpg", "id_str": "1055152287998504961", "sizes": {"small": {"h": 454, "resize": "fit", "w": 680}, "large": {"h": 683, "resize": "fit", "w": 1024}, "medium": {"h": 683, "resize": "fit", "w": 1024}, "thumb": {"h": 150, "resize": "crop", "w": 150}}, "indices": [268, 291], "type": "photo", "id": 1055152287998504961, "media_url": "http://pbs.twimg.com/media/DqSnal4XcAE96iz.jpg"}]}, "extended_entities": {"media": [{"expanded_url": "https://twitter.com/ICC/status/1055152359305822208/photo/1", "display_url": "pic.twitter.com/uWgk2rUwQd", "url": "https://t.co/uWgk2rUwQd", "media_url_https": "https://pbs.twimg.com/media/DqSnal4XcAE96iz.jpg", "id_str": "1055152287998504961", "sizes": {"small": {"h": 454, "resize": "fit", "w": 680}, "large": {"h": 683, "resize": "fit", "w": 1024}, "medium": {"h": 683, "resize": "fit", "w": 1024}, "thumb": {"h": 150, "resize": "crop", "w": 150}}, "indices": [268, 291], "type": "photo", "id": 1055152287998504961, "media_url": "http://pbs.twimg.com/media/DqSnal4XcAE96iz.jpg"}]}, "full_text": "Pakistan end their innings on 155/8 with Babar Azam carrying his bat with 68*.\n\nThey were seriously hampered by losing five wickets in 10 balls late in their innings. Stanlake and Tye doing the damage with three wickets each.\n\n#PAKvAUS LIVE \u27a1\ufe0f https://t.co/5ra4WR5Cil https://t.co/uWgk2rUwQd"}, "created_at": "Wed Oct 24 17:41:40 +0000 2018", "filter_level": "low", "in_reply_to_status_id_str": null, "place": null}, "source": "<a href=\"http://twitter.com\" rel=\"nofollow\">Twitter Web Client</a>", "in_reply_to_screen_name": "babarazam258", "id_str": "1055346585482260481", "retweet_count": 0, "in_reply_to_user_id": 2526480081, "favorited": false, "user": {"follow_request_sent": null, "profile_use_background_image": true, "default_profile_image": false, "id": 579824802, "default_profile": false, "verified": false, "profile_image_url_https": "https://pbs.twimg.com/profile_images/989107761177858048/gDYJYgMn_normal.jpg", "profile_sidebar_fill_color": "000000", "profile_text_color": "000000", "followers_count": 98, "profile_sidebar_border_color": "000000", "id_str": "579824802", "profile_background_color": "000000", "listed_count": 6, "profile_background_image_url_https": "https://abs.twimg.com/images/themes/theme1/bg.png", "utc_offset": null, "statuses_count": 514, "description": null, "friends_count": 30, "location": null, "profile_link_color": "4A913C", "profile_image_url": "http://pbs.twimg.com/profile_images/989107761177858048/gDYJYgMn_normal.jpg", "following": null, "geo_enabled": true, "profile_banner_url": "https://pbs.twimg.com/profile_banners/579824802/1471542564", "profile_background_image_url": "http://abs.twimg.com/images/themes/theme1/bg.png", "name": "Asjad Wasi", "lang": "en", "profile_background_tile": true, "favourites_count": 413, "screen_name": "IMAsjadWasi", "notifications": null, "url": "https://www.facebook.com/AsjadWasi90", "created_at": "Mon May 14 10:12:55 +0000 2012", "contributors_enabled": false, "time_zone": null, "protected": false, "translator_type": "none", "is_translator": false}, "geo": null, "in_reply_to_user_id_str": "2526480081", "lang": "en", "created_at": "Thu Oct 25 06:33:28 +0000 2018", "quoted_status_id_str": "1055152359305822208", "filter_level": "low", "in_reply_to_status_id_str": null, "place": null}
{"quote_count": 0, "contributors": null, "truncated": true, "text": "Pakistan Armed Forces to Date has Contributed over 200000 Troops in 46 UN Missiosn in 28 Countries.We Also Pay trib\u2026 https://t.co/gN7cNxqcGd", "is_quote_status": false, "in_reply_to_status_id": null, "reply_count": 0, "id": 1055346608559349760, "favorite_count": 0, "entities": {"user_mentions": [], "symbols": [], "hashtags": [], "urls": [{"url": "https://t.co/gN7cNxqcGd", "indices": [117, 140], "expanded_url": "https://twitter.com/i/web/status/1055346608559349760", "display_url": "twitter.com/i/web/status/1\u2026"}]}, "retweeted": false, "coordinates": null, "timestamp_ms": "1540449213529", "source": "<a href=\"http://twitter.com/download/android\" rel=\"nofollow\">Twitter for Android</a>", "in_reply_to_screen_name": null, "id_str": "1055346608559349760", "display_text_range": [0, 140], "retweet_count": 0, "in_reply_to_user_id": null, "favorited": false, "user": {"follow_request_sent": null, "profile_use_background_image": true, "default_profile_image": false, "id": 2515384483, "default_profile": true, "verified": false, "profile_image_url_https": "https://pbs.twimg.com/profile_images/694725762662866944/MYeI8M7v_normal.jpg", "profile_sidebar_fill_color": "DDEEF6", "profile_text_color": "333333", "followers_count": 649, "profile_sidebar_border_color": "C0DEED", "id_str": "2515384483", "profile_background_color": "C0DEED", "listed_count": 0, "profile_background_image_url_https": "https://abs.twimg.com/images/themes/theme1/bg.png", "utc_offset": null, "statuses_count": 19360, "description": "Hussain O Minni Wa Anna Minnal Hussain A.S@Saying of the Prophet Muhammad (PBUH) Instagram AlLuR3  ( @allur3.allur3 ) Pakistan Army Zindabad\ud83d\udc95 Pakistan Zindabad", "friends_count": 924, "location": "Pakistan", "profile_link_color": "1DA1F2", "profile_image_url": "http://pbs.twimg.com/profile_images/694725762662866944/MYeI8M7v_normal.jpg", "following": null, "geo_enabled": true, "profile_banner_url": "https://pbs.twimg.com/profile_banners/2515384483/1537976009", "profile_background_image_url": "http://abs.twimg.com/images/themes/theme1/bg.png", "name": "\ud83c\udf20ALIALi\ud83c\uddf5\ud83c\uddf0", "lang": "en", "profile_background_tile": false, "favourites_count": 19660, "screen_name": "malkaesaba", "notifications": null, "url": null, "created_at": "Thu May 22 12:53:22 +0000 2014", "contributors_enabled": false, "time_zone": null, "protected": false, "translator_type": "none", "is_translator": false}, "geo": null, "in_reply_to_user_id_str": null, "possibly_sensitive": false, "lang": "en", "extended_tweet": {"display_text_range": [0, 280], "entities": {"user_mentions": [], "symbols": [], "hashtags": [{"indices": [247, 256], "text": "Pakistan"}, {"indices": [257, 278], "text": "PakistanArmyZindabad"}], "urls": [], "media": [{"additional_media_info": {"monetizable": false}, "expanded_url": "https://twitter.com/malkaesaba/status/1055346608559349760/video/1", "display_url": "pic.twitter.com/jSMtLKLvCz", "url": "https://t.co/jSMtLKLvCz", "media_url_https": "https://pbs.twimg.com/ext_tw_video_thumb/1055346505169670144/pu/img/LpgZKo_mLdOH_JT6.jpg", "video_info": {"aspect_ratio": [120, 67], "duration_millis": 44967, "variants": [{"url": "https://video.twimg.com/ext_tw_video/1055346505169670144/pu/vid/322x180/nkxGicZj5R89gxrw.mp4?tag=5", "bitrate": 256000, "content_type": "video/mp4"}, {"url": "https://video.twimg.com/ext_tw_video/1055346505169670144/pu/vid/480x268/whWP5Ld3g1EMZ5S6.mp4?tag=5", "bitrate": 832000, "content_type": "video/mp4"}, {"url": "https://video.twimg.com/ext_tw_video/1055346505169670144/pu/pl/tYYH03M_QN-iXG5p.m3u8?tag=5", "content_type": "application/x-mpegURL"}]}, "id_str": "1055346505169670144", "sizes": {"large": {"h": 268, "resize": "fit", "w": 480}, "small": {"h": 268, "resize": "fit", "w": 480}, "medium": {"h": 268, "resize": "fit", "w": 480}, "thumb": {"h": 150, "resize": "crop", "w": 150}}, "indices": [281, 304], "type": "video", "id": 1055346505169670144, "media_url": "http://pbs.twimg.com/ext_tw_video_thumb/1055346505169670144/pu/img/LpgZKo_mLdOH_JT6.jpg"}]}, "extended_entities": {"media": [{"additional_media_info": {"monetizable": false}, "expanded_url": "https://twitter.com/malkaesaba/status/1055346608559349760/video/1", "display_url": "pic.twitter.com/jSMtLKLvCz", "url": "https://t.co/jSMtLKLvCz", "media_url_https": "https://pbs.twimg.com/ext_tw_video_thumb/1055346505169670144/pu/img/LpgZKo_mLdOH_JT6.jpg", "video_info": {"aspect_ratio": [120, 67], "duration_millis": 44967, "variants": [{"url": "https://video.twimg.com/ext_tw_video/1055346505169670144/pu/vid/322x180/nkxGicZj5R89gxrw.mp4?tag=5", "bitrate": 256000, "content_type": "video/mp4"}, {"url": "https://video.twimg.com/ext_tw_video/1055346505169670144/pu/vid/480x268/whWP5Ld3g1EMZ5S6.mp4?tag=5", "bitrate": 832000, "content_type": "video/mp4"}, {"url": "https://video.twimg.com/ext_tw_video/1055346505169670144/pu/pl/tYYH03M_QN-iXG5p.m3u8?tag=5", "content_type": "application/x-mpegURL"}]}, "id_str": "1055346505169670144", "sizes": {"large": {"h": 268, "resize": "fit", "w": 480}, "small": {"h": 268, "resize": "fit", "w": 480}, "medium": {"h": 268, "resize": "fit", "w": 480}, "thumb": {"h": 150, "resize": "crop", "w": 150}}, "indices": [281, 304], "type": "video", "id": 1055346505169670144, "media_url": "http://pbs.twimg.com/ext_tw_video_thumb/1055346505169670144/pu/img/LpgZKo_mLdOH_JT6.jpg"}]}, "full_text": "Pakistan Armed Forces to Date has Contributed over 200000 Troops in 46 UN Missiosn in 28 Countries.We Also Pay tribute to our 156 peace Keepers who Sacrificed their Lives for Global Peace.Pakistan Armed Extend best Wishes to UN on its 73rd UN Day\n#Pakistan\n#PakistanArmyZindabad\ud83c\uddf5\ud83c\uddf0 https://t.co/jSMtLKLvCz"}, "created_at": "Thu Oct 25 06:33:33 +0000 2018", "filter_level": "low", "in_reply_to_status_id_str": null, "place": null}
{"quote_count": 0, "quoted_status_permalink": {"url": "https://t.co/WDmRVnZYuX", "expanded": "https://twitter.com/nadeemmalik/status/1055139344133120000", "display": "twitter.com/nadeemmalik/st\u2026"}, "contributors": null, "truncated": false, "text": "Malik saab app ny ya sawal nai kiya bibi sy ky lng ki tafseel b dy duu barri mahar bani ho gi", "is_quote_status": true, "in_reply_to_status_id": null, "reply_count": 0, "id": 1055346620244680704, "favorite_count": 0, "entities": {"user_mentions": [], "symbols": [], "hashtags": [], "urls": []}, "quoted_status_id": 1055139344133120000, "retweeted": false, "coordinates": null, "timestamp_ms": "1540449216315", "quoted_status": {"quote_count": 6, "contributors": null, "truncated": true, "text": "\u0648\u0632\u06cc\u0631 \u0627\u0639\u0638\u0645 \u06a9\u0648 \u067e\u0627\u0631\u0644\u06cc\u0645\u06cc\u0646\u0679 \u0645\u06cc\u06ba \u0622 \u06a9\u0631 \u062f\u0648\u0631\u06c1 \u0633\u0639\u0648\u062f\u06cc \u0639\u0631\u0628 \u067e\u0631 \u0648\u0636\u0627\u062d\u062a \u062f\u06cc\u0646\u06cc \u0686\u0627\u06c1\u06cc\u06d2 \n\u0631\u06c1\u0646\u0645\u0627 \u0645\u0633\u0644\u0645 \u0644\u06cc\u06af \u0646 \u0645\u0627\u0626\u0632\u06c1 \u062d\u0645\u06cc\u062f\n@MaizaHameed\u2026 https://t.co/Lm6fNfssZC", "is_quote_status": false, "in_reply_to_status_id": null, "reply_count": 52, "id": 1055139344133120000, "favorite_count": 123, "entities": {"user_mentions": [{"id": 290673966, "indices": [96, 108], "id_str": "290673966", "screen_name": "MaizaHameed", "name": "Maiza Hameed Gujjar"}], "symbols": [], "hashtags": [], "urls": [{"url": "https://t.co/Lm6fNfssZC", "indices": [110, 133], "expanded_url": "https://twitter.com/i/web/status/1055139344133120000", "display_url": "twitter.com/i/web/status/1\u2026"}]}, "retweeted": false, "coordinates": null, "source": "<a href=\"https://about.twitter.com/products/tweetdeck\" rel=\"nofollow\">TweetDeck</a>", "in_reply_to_screen_name": null, "id_str": "1055139344133120000", "display_text_range": [0, 140], "retweet_count": 20, "in_reply_to_user_id": null, "favorited": false, "user": {"follow_request_sent": null, "profile_use_background_image": true, "default_profile_image": false, "id": 39927901, "default_profile": false, "verified": true, "profile_image_url_https": "https://pbs.twimg.com/profile_images/641138923608018944/NRvVns5y_normal.jpg", "profile_sidebar_fill_color": "D1D6DA", "profile_text_color": "9C9BA4", "followers_count": 2232211, "profile_sidebar_border_color": "FFFFFF", "id_str": "39927901", "profile_background_color": "090909", "listed_count": 1204, "profile_background_image_url_https": "https://abs.twimg.com/images/themes/theme1/bg.png", "utc_offset": null, "statuses_count": 510, "description": "#NadeemMalikLive -:- (Mon to Thur 8pm \ud83c\uddf5\ud83c\uddf0) Only ID on Facebook & Twitter @nadeemmalik (Managed by Team) - Watch Live: http://youtube.com/NadeemMalikLive", "friends_count": 530, "location": "ISLAMABAD", "profile_link_color": "1C88D6", "profile_image_url": "http://pbs.twimg.com/profile_images/641138923608018944/NRvVns5y_normal.jpg", "following": null, "geo_enabled": false, "profile_banner_url": "https://pbs.twimg.com/profile_banners/39927901/1537789205", "profile_background_image_url": "http://abs.twimg.com/images/themes/theme1/bg.png", "name": "Nadeem Malik", "lang": "en", "profile_background_tile": false, "favourites_count": 1, "screen_name": "nadeemmalik", "notifications": null, "url": "http://youtube.com/NadeemMalikLive", "created_at": "Thu May 14 04:33:26 +0000 2009", "contributors_enabled": false, "time_zone": null, "protected": false, "translator_type": "regular", "is_translator": false}, "geo": null, "in_reply_to_user_id_str": null, "possibly_sensitive": false, "lang": "ur", "extended_tweet": {"display_text_range": [0, 145], "entities": {"user_mentions": [{"id": 290673966, "indices": [96, 108], "id_str": "290673966", "screen_name": "MaizaHameed", "name": "Maiza Hameed Gujjar"}], "symbols": [], "hashtags": [{"indices": [110, 126], "text": "NadeemMalikLive"}, {"indices": [127, 135], "text": "HUMNews"}, {"indices": [136, 145], "text": "Pakistan"}], "urls": [], "media": [{"additional_media_info": {"monetizable": false}, "expanded_url": "https://twitter.com/nadeemmalik/status/1055139344133120000/video/1", "display_url": "pic.twitter.com/Em8gpjMlcz", "url": "https://t.co/Em8gpjMlcz", "media_url_https": "https://pbs.twimg.com/ext_tw_video_thumb/1055138958244495361/pu/img/PQfjMhs5nlTKx0ty.jpg", "video_info": {"aspect_ratio": [427, 240], "duration_millis": 91400, "variants": [{"url": "https://video.twimg.com/ext_tw_video/1055138958244495361/pu/pl/UGm6yeYqYUNQkS67.m3u8?tag=5", "content_type": "application/x-mpegURL"}, {"url": "https://video.twimg.com/ext_tw_video/1055138958244495361/pu/vid/854x480/X2CW3hJPqolm0f8s.mp4?tag=5", "bitrate": 2176000, "content_type": "video/mp4"}, {"url": "https://video.twimg.com/ext_tw_video/1055138958244495361/pu/vid/320x180/XjPGra-ktQF6gOms.mp4?tag=5", "bitrate": 256000, "content_type": "video/mp4"}, {"url": "https://video.twimg.com/ext_tw_video/1055138958244495361/pu/vid/640x360/n-Rd8mUa8UhO7a0r.mp4?tag=5", "bitrate": 832000, "content_type": "video/mp4"}]}, "id_str": "1055138958244495361", "sizes": {"large": {"h": 480, "resize": "fit", "w": 854}, "small": {"h": 382, "resize": "fit", "w": 680}, "medium": {"h": 480, "resize": "fit", "w": 854}, "thumb": {"h": 150, "resize": "crop", "w": 150}}, "indices": [146, 169], "type": "video", "id": 1055138958244495361, "media_url": "http://pbs.twimg.com/ext_tw_video_thumb/1055138958244495361/pu/img/PQfjMhs5nlTKx0ty.jpg"}]}, "extended_entities": {"media": [{"additional_media_info": {"monetizable": false}, "expanded_url": "https://twitter.com/nadeemmalik/status/1055139344133120000/video/1", "display_url": "pic.twitter.com/Em8gpjMlcz", "url": "https://t.co/Em8gpjMlcz", "media_url_https": "https://pbs.twimg.com/ext_tw_video_thumb/1055138958244495361/pu/img/PQfjMhs5nlTKx0ty.jpg", "video_info": {"aspect_ratio": [427, 240], "duration_millis": 91400, "variants": [{"url": "https://video.twimg.com/ext_tw_video/1055138958244495361/pu/pl/UGm6yeYqYUNQkS67.m3u8?tag=5", "content_type": "application/x-mpegURL"}, {"url": "https://video.twimg.com/ext_tw_video/1055138958244495361/pu/vid/854x480/X2CW3hJPqolm0f8s.mp4?tag=5", "bitrate": 2176000, "content_type": "video/mp4"}, {"url": "https://video.twimg.com/ext_tw_video/1055138958244495361/pu/vid/320x180/XjPGra-ktQF6gOms.mp4?tag=5", "bitrate": 256000, "content_type": "video/mp4"}, {"url": "https://video.twimg.com/ext_tw_video/1055138958244495361/pu/vid/640x360/n-Rd8mUa8UhO7a0r.mp4?tag=5", "bitrate": 832000, "content_type": "video/mp4"}]}, "id_str": "1055138958244495361", "sizes": {"large": {"h": 480, "resize": "fit", "w": 854}, "small": {"h": 382, "resize": "fit", "w": 680}, "medium": {"h": 480, "resize": "fit", "w": 854}, "thumb": {"h": 150, "resize": "crop", "w": 150}}, "indices": [146, 169], "type": "video", "id": 1055138958244495361, "media_url": "http://pbs.twimg.com/ext_tw_video_thumb/1055138958244495361/pu/img/PQfjMhs5nlTKx0ty.jpg"}]}, "full_text": "\u0648\u0632\u06cc\u0631 \u0627\u0639\u0638\u0645 \u06a9\u0648 \u067e\u0627\u0631\u0644\u06cc\u0645\u06cc\u0646\u0679 \u0645\u06cc\u06ba \u0622 \u06a9\u0631 \u062f\u0648\u0631\u06c1 \u0633\u0639\u0648\u062f\u06cc \u0639\u0631\u0628 \u067e\u0631 \u0648\u0636\u0627\u062d\u062a \u062f\u06cc\u0646\u06cc \u0686\u0627\u06c1\u06cc\u06d2 \n\u0631\u06c1\u0646\u0645\u0627 \u0645\u0633\u0644\u0645 \u0644\u06cc\u06af \u0646 \u0645\u0627\u0626\u0632\u06c1 \u062d\u0645\u06cc\u062f\n@MaizaHameed \n#NadeemMalikLive #HUMNews #Pakistan https://t.co/Em8gpjMlcz"}, "created_at": "Wed Oct 24 16:49:57 +0000 2018", "filter_level": "low", "in_reply_to_status_id_str": null, "place": null}, "source": "<a href=\"http://twitter.com/download/iphone\" rel=\"nofollow\">Twitter for iPhone</a>", "in_reply_to_screen_name": null, "id_str": "1055346620244680704", "retweet_count": 0, "in_reply_to_user_id": null, "favorited": false, "user": {"follow_request_sent": null, "profile_use_background_image": true, "default_profile_image": false, "id": 948457952171741184, "default_profile": true, "verified": false, "profile_image_url_https": "https://pbs.twimg.com/profile_images/948461683126820864/2eZzV1ai_normal.jpg", "profile_sidebar_fill_color": "DDEEF6", "profile_text_color": "333333", "followers_count": 7, "profile_sidebar_border_color": "C0DEED", "id_str": "948457952171741184", "profile_background_color": "F5F8FA", "listed_count": 0, "profile_background_image_url_https": "", "utc_offset": null, "statuses_count": 108, "description": null, "friends_count": 25, "location": "Sharjah, United Arab Emirates", "profile_link_color": "1DA1F2", "profile_image_url": "http://pbs.twimg.com/profile_images/948461683126820864/2eZzV1ai_normal.jpg", "following": null, "geo_enabled": false, "profile_banner_url": "https://pbs.twimg.com/profile_banners/948457952171741184/1514965905", "profile_background_image_url": "", "name": "farhanrana21", "lang": "en", "profile_background_tile": false, "favourites_count": 213, "screen_name": "farhanrana21", "notifications": null, "url": null, "created_at": "Wed Jan 03 07:36:12 +0000 2018", "contributors_enabled": false, "time_zone": null, "protected": false, "translator_type": "none", "is_translator": false}, "geo": null, "in_reply_to_user_id_str": null, "lang": "in", "created_at": "Thu Oct 25 06:33:36 +0000 2018", "quoted_status_id_str": "1055139344133120000", "filter_level": "low", "in_reply_to_status_id_str": null, "place": null}
{"quote_count": 0, "contributors": null, "truncated": false, "text": "@Patriots_Bln #FCBalochistan #Balochistan #Pakistan #BalochistanisPakistan, GREAT.", "is_quote_status": false, "in_reply_to_status_id": 1055100322228641793, "reply_count": 0, "id": 1055346648753283072, "favorite_count": 0, "entities": {"user_mentions": [{"id": 732566376, "indices": [0, 13], "id_str": "732566376", "screen_name": "Patriots_Bln", "name": "Balochistan Patriots"}], "symbols": [], "hashtags": [{"indices": [14, 28], "text": "FCBalochistan"}, {"indices": [29, 41], "text": "Balochistan"}, {"indices": [42, 51], "text": "Pakistan"}, {"indices": [52, 74], "text": "BalochistanisPakistan"}], "urls": []}, "retweeted": false, "coordinates": null, "timestamp_ms": "1540449223112", "source": "<a href=\"http://twitter.com/download/android\" rel=\"nofollow\">Twitter for Android</a>", "in_reply_to_screen_name": "Patriots_Bln", "id_str": "1055346648753283072", "display_text_range": [14, 82], "retweet_count": 0, "in_reply_to_user_id": 732566376, "favorited": false, "user": {"follow_request_sent": null, "profile_use_background_image": true, "default_profile_image": false, "id": 1037031200769159169, "default_profile": true, "verified": false, "profile_image_url_https": "https://pbs.twimg.com/profile_images/1037252313029730304/sA8nP-DQ_normal.jpg", "profile_sidebar_fill_color": "DDEEF6", "profile_text_color": "333333", "followers_count": 20, "profile_sidebar_border_color": "C0DEED", "id_str": "1037031200769159169", "profile_background_color": "F5F8FA", "listed_count": 0, "profile_background_image_url_https": "", "utc_offset": null, "statuses_count": 838, "description": "Analyst", "friends_count": 40, "location": "Abu Dhabi, United Arab Emirate", "profile_link_color": "1DA1F2", "profile_image_url": "http://pbs.twimg.com/profile_images/1037252313029730304/sA8nP-DQ_normal.jpg", "following": null, "geo_enabled": false, "profile_background_image_url": "", "name": "Syed Saim", "lang": "en", "profile_background_tile": false, "favourites_count": 470, "screen_name": "SyedSai17681000", "notifications": null, "url": null, "created_at": "Tue Sep 04 17:34:40 +0000 2018", "contributors_enabled": false, "time_zone": null, "protected": false, "translator_type": "none", "is_translator": false}, "geo": null, "in_reply_to_user_id_str": "732566376", "lang": "en", "created_at": "Thu Oct 25 06:33:43 +0000 2018", "filter_level": "low", "in_reply_to_status_id_str": "1055100322228641793", "place": null}
