{"quote_count": 0, "quoted_status_permalink": {"url": "https://t.co/fZw4geDQx1", "expanded": "https://twitter.com/ur9912/status/1055137776310448128", "display": "twitter.com/ur9912/status/\u2026"}, "contributors": null, "truncated": false, "text": "RT @KashmireGirl: \u062d\u0642\u06cc\u0642\u062a \u06c1\u06d2 \u06a9\u06c1 \u06a9\u0686\u06be \u0644\u0648\u06af #\u067e\u06cc\u062f\u0627 \u06c1\u06cc #\u067e\u0627\u06a9\u0633\u062a\u0627\u0646 \u0633\u06d2 #\u0646\u0641\u0631\u062a \u06a9\u0631\u0646\u06d2 \u06a9\u06d2 \u0644\u06cc\u06d2 \u06c1\u0648\u0626\u06d2 \u06c1\u06cc\u06ba\u06d4\u06d4\n\n\u0627\u0648\u0631 \u06cc\u06c1 \u0628\u06be\u06cc \u062d\u0642\u06cc\u0642\u062a \u06c1\u06d2 \u06a9\u06c1 \u06a9\u0686\u06be\n #\u067e\u0627\u06a9\u0633\u062a\u0627\u0646\u06cc_\u0634\u0627\u06c1\u06cc\u0646 \u0628\u06be\u06cc \u067e\u06cc\u2026", "is_quote_status": true, "in_reply_to_status_id": null, "reply_count": 0, "id": 1055361536368279552, "favorite_count": 0, "entities": {"user_mentions": [{"id": 1000111218487627776, "indices": [3, 16], "id_str": "1000111218487627776", "screen_name": "KashmireGirl", "name": "Social_Girl."}], "symbols": [], "hashtags": [{"indices": [38, 43], "text": "\u067e\u06cc\u062f\u0627"}, {"indices": [47, 55], "text": "\u067e\u0627\u06a9\u0633\u062a\u0627\u0646"}, {"indices": [59, 64], "text": "\u0646\u0641\u0631\u062a"}, {"indices": [117, 132], "text": "\u067e\u0627\u06a9\u0633\u062a\u0627\u0646\u06cc_\u0634\u0627\u06c1\u06cc\u0646"}], "urls": []}, "quoted_status_id": 1055137776310448128, "retweeted": false, "coordinates": null, "timestamp_ms": "1540452772596", "quoted_status": {"quote_count": 0, "contributors": null, "truncated": true, "text": "#Kashmir\nFirst Consignment of Aitihasik\nParts and daily necessaties from\nChina soon to reach #Pakistan.\n\nDeath knel\u2026 https://t.co/VVuNgS0v5J", "is_quote_status": false, "in_reply_to_status_id": null, "reply_count": 0, "id": 1055137776310448128, "favorite_count": 0, "entities": {"user_mentions": [], "symbols": [], "hashtags": [{"indices": [0, 8], "text": "Kashmir"}, {"indices": [93, 102], "text": "Pakistan"}], "urls": [{"url": "https://t.co/VVuNgS0v5J", "indices": [117, 140], "expanded_url": "https://twitter.com/i/web/status/1055137776310448128", "display_url": "twitter.com/i/web/status/1\u2026"}]}, "retweeted": false, "coordinates": null, "source": "<a href=\"http://twitter.com/download/android\" rel=\"nofollow\">Twitter for Android</a>", "in_reply_to_screen_name": null, "id_str": "1055137776310448128", "retweet_count": 0, "in_reply_to_user_id": null, "favorited": false, "user": {"follow_request_sent": null, "profile_use_background_image": true, "default_profile_image": false, "id": 1023521420905603072, "default_profile": true, "verified": false, "profile_image_url_https": "https://pbs.twimg.com/profile_images/1029576653821759488/668uO7S5_normal.jpg", "profile_sidebar_fill_color": "DDEEF6", "profile_text_color": "333333", "followers_count": 28, "profile_sidebar_border_color": "C0DEED", "id_str": "1023521420905603072", "profile_background_color": "F5F8FA", "listed_count": 0, "profile_background_image_url_https": "", "utc_offset": null, "statuses_count": 1926, "description": null, "friends_count": 89, "location": "India", "profile_link_color": "1DA1F2", "profile_image_url": "http://pbs.twimg.com/profile_images/1029576653821759488/668uO7S5_normal.jpg", "following": null, "geo_enabled": false, "profile_banner_url": "https://pbs.twimg.com/profile_banners/1023521420905603072/1534305176", "profile_background_image_url": "", "name": "sunny", "lang": "en", "profile_background_tile": false, "favourites_count": 1585, "screen_name": "ur9912", "notifications": null, "url": null, "created_at": "Sun Jul 29 10:51:37 +0000 2018", "contributors_enabled": false, "time_zone": null, "protected": false, "translator_type": "none", "is_translator": false}, "geo": null, "in_reply_to_user_id_str": null, "possibly_sensitive": false, "lang": "en", "extended_tweet": {"display_text_range": [0, 256], "entities": {"user_mentions": [{"id": 352184105, "indices": [223, 231], "id_str": "352184105", "screen_name": "pid_gov", "name": "Govt of Pakistan"}], "symbols": [], "hashtags": [{"indices": [0, 8], "text": "Kashmir"}, {"indices": [93, 102], "text": "Pakistan"}, {"indices": [120, 130], "text": "Pakistani"}, {"indices": [131, 140], "text": "INDUSTRY"}, {"indices": [198, 211], "text": "NayaPakistan"}, {"indices": [212, 217], "text": "CPEC"}, {"indices": [218, 222], "text": "IMF"}], "urls": [{"url": "https://t.co/Iypdrw6GT4", "indices": [233, 256], "expanded_url": "https://www.thenews.com.pk/latest/384965-china-launches-new-rail-road-cargo-linking-lanzhou-with-islamabad", "display_url": "thenews.com.pk/latest/384965-\u2026"}]}, "full_text": "#Kashmir\nFirst Consignment of Aitihasik\nParts and daily necessaties from\nChina soon to reach #Pakistan.\n\nDeath knell of #Pakistani\n#INDUSTRY. .!!\n\nCan pakistan afford huge\nCheap Chinese goods ..??\n\n#NayaPakistan\n#CPEC\n#IMF\n@pid_gov\n\nhttps://t.co/Iypdrw6GT4"}, "created_at": "Wed Oct 24 16:43:44 +0000 2018", "filter_level": "low", "in_reply_to_status_id_str": null, "place": null}, "source": "<a href=\"http://twitter.com/download/android\" rel=\"nofollow\">Twitter for Android</a>", "in_reply_to_screen_name": null, "id_str": "1055361536368279552", "retweet_count": 0, "in_reply_to_user_id": null, "favorited": false, "retweeted_status": {"quote_count": 1, "quoted_status_permalink": {"url": "https://t.co/fZw4geDQx1", "expanded": "https://twitter.com/ur9912/status/1055137776310448128", "display": "twitter.com/ur9912/status/\u2026"}, "contributors": null, "truncated": true, "text": "\u062d\u0642\u06cc\u0642\u062a \u06c1\u06d2 \u06a9\u06c1 \u06a9\u0686\u06be \u0644\u0648\u06af #\u067e\u06cc\u062f\u0627 \u06c1\u06cc #\u067e\u0627\u06a9\u0633\u062a\u0627\u0646 \u0633\u06d2 #\u0646\u0641\u0631\u062a \u06a9\u0631\u0646\u06d2 \u06a9\u06d2 \u0644\u06cc\u06d2 \u06c1\u0648\u0626\u06d2 \u06c1\u06cc\u06ba\u06d4\u06d4\n\n\u0627\u0648\u0631 \u06cc\u06c1 \u0628\u06be\u06cc \u062d\u0642\u06cc\u0642\u062a \u06c1\u06d2 \u06a9\u06c1 \u06a9\u0686\u06be\n #\u067e\u0627\u06a9\u0633\u062a\u0627\u0646\u06cc_\u0634\u0627\u06c1\u06cc\u0646\u2026 https://t.co/DHTEGZAYnI", "is_quote_status": true, "in_reply_to_status_id": null, "reply_count": 1, "id": 1055307835192545281, "favorite_count": 5, "entities": {"user_mentions": [], "symbols": [], "hashtags": [{"indices": [20, 25], "text": "\u067e\u06cc\u062f\u0627"}, {"indices": [29, 37], "text": "\u067e\u0627\u06a9\u0633\u062a\u0627\u0646"}, {"indices": [41, 46], "text": "\u0646\u0641\u0631\u062a"}, {"indices": [99, 114], "text": "\u067e\u0627\u06a9\u0633\u062a\u0627\u0646\u06cc_\u0634\u0627\u06c1\u06cc\u0646"}], "urls": [{"url": "https://t.co/DHTEGZAYnI", "indices": [116, 139], "expanded_url": "https://twitter.com/i/web/status/1055307835192545281", "display_url": "twitter.com/i/web/status/1\u2026"}]}, "quoted_status_id": 1055137776310448128, "retweeted": false, "coordinates": null, "quoted_status": {"quote_count": 0, "contributors": null, "truncated": true, "text": "#Kashmir\nFirst Consignment of Aitihasik\nParts and daily necessaties from\nChina soon to reach #Pakistan.\n\nDeath knel\u2026 https://t.co/VVuNgS0v5J", "is_quote_status": false, "in_reply_to_status_id": null, "reply_count": 0, "id": 1055137776310448128, "favorite_count": 0, "entities": {"user_mentions": [], "symbols": [], "hashtags": [{"indices": [0, 8], "text": "Kashmir"}, {"indices": [93, 102], "text": "Pakistan"}], "urls": [{"url": "https://t.co/VVuNgS0v5J", "indices": [117, 140], "expanded_url": "https://twitter.com/i/web/status/1055137776310448128", "display_url": "twitter.com/i/web/status/1\u2026"}]}, "retweeted": false, "coordinates": null, "source": "<a href=\"http://twitter.com/download/android\" rel=\"nofollow\">Twitter for Android</a>", "in_reply_to_screen_name": null, "id_str": "1055137776310448128", "retweet_count": 0, "in_reply_to_user_id": null, "favorited": false, "user": {"follow_request_sent": null, "profile_use_background_image": true, "default_profile_image": false, "id": 1023521420905603072, "default_profile": true, "verified": false, "profile_image_url_https": "https://pbs.twimg.com/profile_images/1029576653821759488/668uO7S5_normal.jpg", "profile_sidebar_fill_color": "DDEEF6", "profile_text_color": "333333", "followers_count": 28, "profile_sidebar_border_color": "C0DEED", "id_str": "1023521420905603072", "profile_background_color": "F5F8FA", "listed_count": 0, "profile_background_image_url_https": "", "utc_offset": null, "statuses_count": 1926, "description": null, "friends_count": 89, "location": "India", "profile_link_color": "1DA1F2", "profile_image_url": "http://pbs.twimg.com/profile_images/1029576653821759488/668uO7S5_normal.jpg", "following": null, "geo_enabled": false, "profile_banner_url": "https://pbs.twimg.com/profile_banners/1023521420905603072/1534305176", "profile_background_image_url": "", "name": "sunny", "lang": "en", "profile_background_tile": false, "favourites_count": 1585, "screen_name": "ur9912", "notifications": null, "url": null, "created_at": "Sun Jul 29 10:51:37 +0000 2018", "contributors_enabled": false, "time_zone": null, "protected": false, "translator_type": "none", "is_translator": false}, "geo": null, "in_reply_to_user_id_str": null, "possibly_sensitive": false, "lang": "en", "extended_tweet": {"display_text_range": [0, 256], "entities": {"user_mentions": [{"id": 352184105, "indices": [223, 231], "id_str": "352184105", "screen_name": "pid_gov", "name": "Govt of Pakistan"}], "symbols": [], "hashtags": [{"indices": [0, 8], "text": "Kashmir"}, {"indices": [93, 102], "text": "Pakistan"}, {"indices": [120, 130], "text": "Pakistani"}, {"indices": [131, 140], "text": "INDUSTRY"}, {"indices": [198, 211], "text": "NayaPakistan"}, {"indices": [212, 217], "text": "CPEC"}, {"indices": [218, 222], "text": "IMF"}], "urls": [{"url": "https://t.co/Iypdrw6GT4", "indices": [233, 256], "expanded_url": "https://www.thenews.com.pk/latest/384965-china-launches-new-rail-road-cargo-linking-lanzhou-with-islamabad", "display_url": "thenews.com.pk/latest/384965-\u2026"}]}, "full_text": "#Kashmir\nFirst Consignment of Aitihasik\nParts and daily necessaties from\nChina soon to reach #Pakistan.\n\nDeath knell of #Pakistani\n#INDUSTRY. .!!\n\nCan pakistan afford huge\nCheap Chinese goods ..??\n\n#NayaPakistan\n#CPEC\n#IMF\n@pid_gov\n\nhttps://t.co/Iypdrw6GT4"}, "created_at": "Wed Oct 24 16:43:44 +0000 2018", "filter_level": "low", "in_reply_to_status_id_str": null, "place": null}, "source": "<a href=\"http://twitter.com/download/android\" rel=\"nofollow\">Twitter for Android</a>", "in_reply_to_screen_name": null, "id_str": "1055307835192545281", "display_text_range": [0, 140], "retweet_count": 1, "in_reply_to_user_id": null, "favorited": false, "user": {"follow_request_sent": null, "profile_use_background_image": true, "default_profile_image": false, "id": 1000111218487627776, "default_profile": true, "verified": false, "profile_image_url_https": "https://pbs.twimg.com/profile_images/1054288524441280513/kJOfJbCD_normal.jpg", "profile_sidebar_fill_color": "DDEEF6", "profile_text_color": "333333", "followers_count": 925, "profile_sidebar_border_color": "C0DEED", "id_str": "1000111218487627776", "profile_background_color": "F5F8FA", "listed_count": 0, "profile_background_image_url_https": "", "utc_offset": null, "statuses_count": 4228, "description": "#Kashmiri_Writter.Kashmiries Love humanity& @peace.Give&take Respect. Will be @retweeter Queen of ur tweets if u follow me.i follow those who follow @Humanity.", "friends_count": 954, "location": "Jammu And Kashmir", "profile_link_color": "1DA1F2", "profile_image_url": "http://pbs.twimg.com/profile_images/1054288524441280513/kJOfJbCD_normal.jpg", "following": null, "geo_enabled": true, "profile_banner_url": "https://pbs.twimg.com/profile_banners/1000111218487627776/1535370304", "profile_background_image_url": "", "name": "Social_Girl.", "lang": "en", "profile_background_tile": false, "favourites_count": 9036, "screen_name": "KashmireGirl", "notifications": null, "url": null, "created_at": "Fri May 25 20:27:50 +0000 2018", "contributors_enabled": false, "time_zone": null, "protected": false, "translator_type": "none", "is_translator": false}, "geo": null, "in_reply_to_user_id_str": null, "possibly_sensitive": false, "lang": "ur", "extended_tweet": {"display_text_range": [0, 275], "entities": {"user_mentions": [], "symbols": [], "hashtags": [{"indices": [20, 25], "text": "\u067e\u06cc\u062f\u0627"}, {"indices": [29, 37], "text": "\u067e\u0627\u06a9\u0633\u062a\u0627\u0646"}, {"indices": [41, 46], "text": "\u0646\u0641\u0631\u062a"}, {"indices": [99, 114], "text": "\u067e\u0627\u06a9\u0633\u062a\u0627\u0646\u06cc_\u0634\u0627\u06c1\u06cc\u0646"}, {"indices": [262, 269], "text": "\u0643\u0634\u0645\u064a\u0631\u064a"}], "urls": [{"url": "https://t.co/fZw4geDQx1", "indices": [276, 299], "expanded_url": "https://twitter.com/ur9912/status/1055137776310448128", "display_url": "twitter.com/ur9912/status/\u2026"}]}, "full_text": "\u062d\u0642\u06cc\u0642\u062a \u06c1\u06d2 \u06a9\u06c1 \u06a9\u0686\u06be \u0644\u0648\u06af #\u067e\u06cc\u062f\u0627 \u06c1\u06cc #\u067e\u0627\u06a9\u0633\u062a\u0627\u0646 \u0633\u06d2 #\u0646\u0641\u0631\u062a \u06a9\u0631\u0646\u06d2 \u06a9\u06d2 \u0644\u06cc\u06d2 \u06c1\u0648\u0626\u06d2 \u06c1\u06cc\u06ba\u06d4\u06d4\n\n\u0627\u0648\u0631 \u06cc\u06c1 \u0628\u06be\u06cc \u062d\u0642\u06cc\u0642\u062a \u06c1\u06d2 \u06a9\u06c1 \u06a9\u0686\u06be\n #\u067e\u0627\u06a9\u0633\u062a\u0627\u0646\u06cc_\u0634\u0627\u06c1\u06cc\u0646 \u0628\u06be\u06cc \u067e\u06cc\u062f\u0627 \u067e\u0627\u06a9\u0633\u062a\u0627\u0646 \u06a9\u06cc \u0628\u0633\u062a\u06cc \u06a9\u0631\u0648\u0627\u0646\u06d2 \u06a9\u06d2 \u0644\u06cc\u06d2 \u06c1\u0648\u0626\u06d2\u06c1\u06cc\u06ba\u06d4\u06d4\u06d4\u06d4\n\n\u0686\u0644\u0648 \u06c1\u0645\u06cc\u06ba support \u0646\u06c1\u06cc\u06ba \u06a9\u0631\u062a\u06d2 \u06c1\u0648 \u062a\u0648 atlest  \u0627\u067e\u0646\u06d2\u067e\u0627\u06a9\u0633\u062a\u0627\u0646 \u06a9\u0648 \u06c1\u06ccdefend \u06a9\u0631 \u0644\u0648\u06cc\u0627\u0631! \u06a9\u06c1 \u06cc\u06c1 \u06a9\u0627\u0645 \u0628\u06be\u06cc \u0627\u0628 \u06c1\u0645 #\u0643\u0634\u0645\u064a\u0631\u064a \u06a9\u0631\u06d2\u061f\u061f https://t.co/fZw4geDQx1"}, "created_at": "Thu Oct 25 03:59:29 +0000 2018", "quoted_status_id_str": "1055137776310448128", "filter_level": "low", "in_reply_to_status_id_str": null, "place": {"country_code": "CN", "url": "https://api.twitter.com/1.1/geo/id/7589e3f2b73287da.json", "country": "People's Republic of China", "place_type": "admin", "bounding_box": {"type": "Polygon", "coordinates": [[[72.529465, 32.27554], [72.529465, 37.07827], [80.328644, 37.07827], [80.328644, 32.27554]]]}, "full_name": "Jammu And Kashmir", "attributes": {}, "id": "7589e3f2b73287da", "name": "Jammu And Kashmir"}}, "user": {"follow_request_sent": null, "profile_use_background_image": true, "default_profile_image": false, "id": 1025434685051162624, "default_profile": true, "verified": false, "profile_image_url_https": "https://pbs.twimg.com/profile_images/1054102438414872581/LtmmzsST_normal.jpg", "profile_sidebar_fill_color": "DDEEF6", "profile_text_color": "333333", "followers_count": 1394, "profile_sidebar_border_color": "C0DEED", "id_str": "1025434685051162624", "profile_background_color": "F5F8FA", "listed_count": 0, "profile_background_image_url_https": "", "utc_offset": null, "statuses_count": 2026, "description": "A Proud Pakistan\u00a1 \ud83c\uddf5\ud83c\uddf0 \u2665\ufe0f \ud83c\udf41                                           ||\u274cNo DM\u274c ||", "friends_count": 1375, "location": "Pakistan", "profile_link_color": "1DA1F2", "profile_image_url": "http://pbs.twimg.com/profile_images/1054102438414872581/LtmmzsST_normal.jpg", "following": null, "geo_enabled": false, "profile_banner_url": "https://pbs.twimg.com/profile_banners/1025434685051162624/1540152129", "profile_background_image_url": "", "name": "Nimra Samar\u2661", "lang": "en", "profile_background_tile": false, "favourites_count": 8986, "screen_name": "NimraSamar", "notifications": null, "url": null, "created_at": "Fri Aug 03 17:34:15 +0000 2018", "contributors_enabled": false, "time_zone": null, "protected": false, "translator_type": "none", "is_translator": false}, "geo": null, "in_reply_to_user_id_str": null, "lang": "ur", "created_at": "Thu Oct 25 07:32:52 +0000 2018", "quoted_status_id_str": "1055137776310448128", "filter_level": "low", "in_reply_to_status_id_str": null, "place": null}
{"quote_count": 0, "contributors": null, "truncated": false, "text": "Policeman Martyred In Targeted Gun Attack In #Quetta #Pakistan #Security https://t.co/kzbycT4XDa https://t.co/Bp11kqDVyI", "is_quote_status": false, "in_reply_to_status_id": null, "reply_count": 0, "id": 1055361548430958592, "favorite_count": 0, "entities": {"user_mentions": [], "symbols": [], "hashtags": [{"indices": [45, 52], "text": "Quetta"}, {"indices": [53, 62], "text": "Pakistan"}, {"indices": [63, 72], "text": "Security"}], "urls": [{"url": "https://t.co/kzbycT4XDa", "indices": [73, 96], "expanded_url": "https://www.riskmap.com/incidents/488787/?utm_campaign=riskmap_", "display_url": "riskmap.com/incidents/4887\u2026"}], "media": [{"expanded_url": "https://twitter.com/riskmap_/status/1055361548430958592/photo/1", "display_url": "pic.twitter.com/Bp11kqDVyI", "url": "https://t.co/Bp11kqDVyI", "media_url_https": "https://pbs.twimg.com/media/DqVlvCCU8AAcjuU.jpg", "id_str": "1055361546363138048", "sizes": {"large": {"h": 400, "resize": "fit", "w": 600}, "small": {"h": 400, "resize": "fit", "w": 600}, "medium": {"h": 400, "resize": "fit", "w": 600}, "thumb": {"h": 150, "resize": "crop", "w": 150}}, "indices": [97, 120], "type": "photo", "id": 1055361546363138048, "media_url": "http://pbs.twimg.com/media/DqVlvCCU8AAcjuU.jpg"}]}, "retweeted": false, "coordinates": null, "timestamp_ms": "1540452775472", "source": "<a href=\"https://dlvrit.com/\" rel=\"nofollow\">dlvr.it</a>", "in_reply_to_screen_name": null, "id_str": "1055361548430958592", "display_text_range": [0, 96], "retweet_count": 0, "in_reply_to_user_id": null, "favorited": false, "user": {"follow_request_sent": null, "profile_use_background_image": false, "default_profile_image": false, "id": 4782164908, "default_profile": false, "verified": false, "profile_image_url_https": "https://pbs.twimg.com/profile_images/836621505358401540/HPDjsN3P_normal.jpg", "profile_sidebar_fill_color": "000000", "profile_text_color": "000000", "followers_count": 15380, "profile_sidebar_border_color": "000000", "id_str": "4782164908", "profile_background_color": "000000", "listed_count": 629, "profile_background_image_url_https": "https://abs.twimg.com/images/themes/theme1/bg.png", "utc_offset": null, "statuses_count": 116724, "description": "Official twitter of RiskMap the free security, health, hazard, humanitarian and political risk platform. #riskmap", "friends_count": 9522, "location": "Cardiff, Wales", "profile_link_color": "FF585B", "profile_image_url": "http://pbs.twimg.com/profile_images/836621505358401540/HPDjsN3P_normal.jpg", "following": null, "geo_enabled": true, "profile_banner_url": "https://pbs.twimg.com/profile_banners/4782164908/1488301098", "profile_background_image_url": "http://abs.twimg.com/images/themes/theme1/bg.png", "name": "RiskMap", "lang": "en-gb", "profile_background_tile": false, "favourites_count": 4709, "screen_name": "riskmap_", "notifications": null, "url": "https://www.riskmap.com", "created_at": "Tue Jan 12 07:38:14 +0000 2016", "contributors_enabled": false, "time_zone": null, "protected": false, "translator_type": "none", "is_translator": false}, "geo": null, "in_reply_to_user_id_str": null, "possibly_sensitive": false, "lang": "en", "created_at": "Thu Oct 25 07:32:55 +0000 2018", "filter_level": "low", "in_reply_to_status_id_str": null, "place": null, "extended_entities": {"media": [{"expanded_url": "https://twitter.com/riskmap_/status/1055361548430958592/photo/1", "display_url": "pic.twitter.com/Bp11kqDVyI", "url": "https://t.co/Bp11kqDVyI", "media_url_https": "https://pbs.twimg.com/media/DqVlvCCU8AAcjuU.jpg", "id_str": "1055361546363138048", "sizes": {"large": {"h": 400, "resize": "fit", "w": 600}, "small": {"h": 400, "resize": "fit", "w": 600}, "medium": {"h": 400, "resize": "fit", "w": 600}, "thumb": {"h": 150, "resize": "crop", "w": 150}}, "indices": [97, 120], "type": "photo", "id": 1055361546363138048, "media_url": "http://pbs.twimg.com/media/DqVlvCCU8AAcjuU.jpg"}]}}
{"quote_count": 0, "contributors": null, "truncated": false, "text": "RT @EjazChaudhary: \u0627\u06cc\u0646 \u0627\u06d2 133  \u0645\u06cc\u06ba \"\u06a9\u0644\u06cc\u0646 \u0627\u06cc\u0646\u0688 \u06af\u0631\u06cc\u0646 \u067e\u0627\u06a9\u0633\u062a\u0627\u0646\" \u067e\u0631\u0648\u06af\u0631\u0627\u0645 \u06a9\u06d2 \u062a\u062d\u062a \u0634\u062c\u0631\u06a9\u0627\u0631\u06cc \u0645\u06c1\u0645 \u06a9\u0627 \u0622\u063a\u0627\u0632 \u06a9\u0631 \u062f\u06cc\u0627 \u06af\u06cc\u0627 \u06d4\n\u0622\u067e\u06a9\u0627 \u062a\u0639\u0627\u0648\u0646 \u0622\u067e \u06a9\u06d2 \u0627\u067e\u0646\u06d2 \u0634\u06c1\u0631 \u06a9\u06cc\u0644\u06cc\u06d2\u2026", "is_quote_status": false, "in_reply_to_status_id": null, "reply_count": 0, "id": 1055361554756104192, "favorite_count": 0, "entities": {"user_mentions": [{"id": 289299061, "indices": [3, 17], "id_str": "289299061", "screen_name": "EjazChaudhary", "name": "Ejaz Chaudhary"}], "symbols": [], "hashtags": [], "urls": []}, "retweeted": false, "coordinates": null, "timestamp_ms": "1540452776980", "source": "<a href=\"http://twitter.com/download/android\" rel=\"nofollow\">Twitter for Android</a>", "in_reply_to_screen_name": null, "id_str": "1055361554756104192", "retweet_count": 0, "in_reply_to_user_id": null, "favorited": false, "retweeted_status": {"quote_count": 0, "contributors": null, "truncated": true, "text": "\u0627\u06cc\u0646 \u0627\u06d2 133  \u0645\u06cc\u06ba \"\u06a9\u0644\u06cc\u0646 \u0627\u06cc\u0646\u0688 \u06af\u0631\u06cc\u0646 \u067e\u0627\u06a9\u0633\u062a\u0627\u0646\" \u067e\u0631\u0648\u06af\u0631\u0627\u0645 \u06a9\u06d2 \u062a\u062d\u062a \u0634\u062c\u0631\u06a9\u0627\u0631\u06cc \u0645\u06c1\u0645 \u06a9\u0627 \u0622\u063a\u0627\u0632 \u06a9\u0631 \u062f\u06cc\u0627 \u06af\u06cc\u0627 \u06d4\n\u0622\u067e\u06a9\u0627 \u062a\u0639\u0627\u0648\u0646 \u0622\u067e \u06a9\u06d2 \u0627\u067e\u0646\u06d2 \u0634\u06c1\u0631\u2026 https://t.co/LNLXv1wB9q", "is_quote_status": false, "in_reply_to_status_id": null, "reply_count": 1, "id": 1055358635499499521, "favorite_count": 42, "entities": {"user_mentions": [], "symbols": [], "hashtags": [], "urls": [{"url": "https://t.co/LNLXv1wB9q", "indices": [116, 139], "expanded_url": "https://twitter.com/i/web/status/1055358635499499521", "display_url": "twitter.com/i/web/status/1\u2026"}]}, "retweeted": false, "coordinates": null, "source": "<a href=\"http://twitter.com/download/android\" rel=\"nofollow\">Twitter for Android</a>", "in_reply_to_screen_name": null, "id_str": "1055358635499499521", "display_text_range": [0, 140], "retweet_count": 6, "in_reply_to_user_id": null, "favorited": false, "user": {"follow_request_sent": null, "profile_use_background_image": true, "default_profile_image": false, "id": 289299061, "default_profile": true, "verified": false, "profile_image_url_https": "https://pbs.twimg.com/profile_images/1009082240255561729/ot3S3LsT_normal.jpg", "profile_sidebar_fill_color": "DDEEF6", "profile_text_color": "333333", "followers_count": 490111, "profile_sidebar_border_color": "C0DEED", "id_str": "289299061", "profile_background_color": "C0DEED", "listed_count": 206, "profile_background_image_url_https": "https://abs.twimg.com/images/themes/theme1/bg.png", "utc_offset": null, "statuses_count": 9691, "description": "Civil Engineer, Businessman & PTI worker. Ex-President of Pakistan Tehreek e Insaf Punjab. NA133 PTI Candidate", "friends_count": 78, "location": "Lahore, Pakistan", "profile_link_color": "1DA1F2", "profile_image_url": "http://pbs.twimg.com/profile_images/1009082240255561729/ot3S3LsT_normal.jpg", "following": null, "geo_enabled": true, "profile_banner_url": "https://pbs.twimg.com/profile_banners/289299061/1530284498", "profile_background_image_url": "http://abs.twimg.com/images/themes/theme1/bg.png", "name": "Ejaz Chaudhary", "lang": "en", "profile_background_tile": false, "favourites_count": 178, "screen_name": "EjazChaudhary", "notifications": null, "url": "https://www.facebook.com/ejazchaudhary1", "created_at": "Thu Apr 28 11:52:21 +0000 2011", "contributors_enabled": false, "time_zone": null, "protected": false, "translator_type": "none", "is_translator": false}, "geo": null, "in_reply_to_user_id_str": null, "possibly_sensitive": false, "lang": "ur", "extended_tweet": {"display_text_range": [0, 245], "entities": {"user_mentions": [], "symbols": [], "hashtags": [{"indices": [179, 198], "text": "CleanGreenPakistan"}, {"indices": [199, 203], "text": "PTI"}, {"indices": [204, 211], "text": "Lahore"}, {"indices": [212, 229], "text": "PunjabGovernment"}, {"indices": [230, 235], "text": "PMIK"}, {"indices": [236, 245], "text": "Pakistan"}], "urls": [], "media": [{"additional_media_info": {"monetizable": false}, "expanded_url": "https://twitter.com/EjazChaudhary/status/1055358635499499521/video/1", "display_url": "pic.twitter.com/PV6lz397kK", "url": "https://t.co/PV6lz397kK", "media_url_https": "https://pbs.twimg.com/ext_tw_video_thumb/1055357140850872321/pu/img/gC7_GlGV-PJLnKqB.jpg", "video_info": {"aspect_ratio": [16, 9], "duration_millis": 85218, "variants": [{"url": "https://video.twimg.com/ext_tw_video/1055357140850872321/pu/vid/320x180/3rUlrmy4KbSym_Wl.mp4?tag=5", "bitrate": 256000, "content_type": "video/mp4"}, {"url": "https://video.twimg.com/ext_tw_video/1055357140850872321/pu/pl/2sxx3a4v2wjK3-KZ.m3u8?tag=5", "content_type": "application/x-mpegURL"}, {"url": "https://video.twimg.com/ext_tw_video/1055357140850872321/pu/vid/640x360/D1amT8Z-n0yaewc9.mp4?tag=5", "bitrate": 832000, "content_type": "video/mp4"}]}, "id_str": "1055357140850872321", "sizes": {"large": {"h": 360, "resize": "fit", "w": 640}, "small": {"h": 360, "resize": "fit", "w": 640}, "medium": {"h": 360, "resize": "fit", "w": 640}, "thumb": {"h": 150, "resize": "crop", "w": 150}}, "indices": [246, 269], "type": "video", "id": 1055357140850872321, "media_url": "http://pbs.twimg.com/ext_tw_video_thumb/1055357140850872321/pu/img/gC7_GlGV-PJLnKqB.jpg"}]}, "extended_entities": {"media": [{"additional_media_info": {"monetizable": false}, "expanded_url": "https://twitter.com/EjazChaudhary/status/1055358635499499521/video/1", "display_url": "pic.twitter.com/PV6lz397kK", "url": "https://t.co/PV6lz397kK", "media_url_https": "https://pbs.twimg.com/ext_tw_video_thumb/1055357140850872321/pu/img/gC7_GlGV-PJLnKqB.jpg", "video_info": {"aspect_ratio": [16, 9], "duration_millis": 85218, "variants": [{"url": "https://video.twimg.com/ext_tw_video/1055357140850872321/pu/vid/320x180/3rUlrmy4KbSym_Wl.mp4?tag=5", "bitrate": 256000, "content_type": "video/mp4"}, {"url": "https://video.twimg.com/ext_tw_video/1055357140850872321/pu/pl/2sxx3a4v2wjK3-KZ.m3u8?tag=5", "content_type": "application/x-mpegURL"}, {"url": "https://video.twimg.com/ext_tw_video/1055357140850872321/pu/vid/640x360/D1amT8Z-n0yaewc9.mp4?tag=5", "bitrate": 832000, "content_type": "video/mp4"}]}, "id_str": "1055357140850872321", "sizes": {"large": {"h": 360, "resize": "fit", "w": 640}, "small": {"h": 360, "resize": "fit", "w": 640}, "medium": {"h": 360, "resize": "fit", "w": 640}, "thumb": {"h": 150, "resize": "crop", "w": 150}}, "indices": [246, 269], "type": "video", "id": 1055357140850872321, "media_url": "http://pbs.twimg.com/ext_tw_video_thumb/1055357140850872321/pu/img/gC7_GlGV-PJLnKqB.jpg"}]}, "full_text": "\u0627\u06cc\u0646 \u0627\u06d2 133  \u0645\u06cc\u06ba \"\u06a9\u0644\u06cc\u0646 \u0627\u06cc\u0646\u0688 \u06af\u0631\u06cc\u0646 \u067e\u0627\u06a9\u0633\u062a\u0627\u0646\" \u067e\u0631\u0648\u06af\u0631\u0627\u0645 \u06a9\u06d2 \u062a\u062d\u062a \u0634\u062c\u0631\u06a9\u0627\u0631\u06cc \u0645\u06c1\u0645 \u06a9\u0627 \u0622\u063a\u0627\u0632 \u06a9\u0631 \u062f\u06cc\u0627 \u06af\u06cc\u0627 \u06d4\n\u0622\u067e\u06a9\u0627 \u062a\u0639\u0627\u0648\u0646 \u0622\u067e \u06a9\u06d2 \u0627\u067e\u0646\u06d2 \u0634\u06c1\u0631 \u06a9\u06cc\u0644\u06cc\u06d2\u06d4\u062c\u0648 \u0628\u0646\u06d2 \u06af\u0627 \u0622\u067e \u06a9\u06cc \u067e\u06c1\u0686\u0627\u0646\n\u0635\u0627\u0641 \u06c1\u0648\u06af\u0627 \u06c1\u0631 \u0634\u06c1\u0631. \u0646\u06cc\u0627 \u0628\u0646\u06d2 \u06af\u0627 \u067e\u0627\u06a9\u0633\u062a\u0627\u0646\n#CleanGreenPakistan\n#PTI #Lahore #PunjabGovernment #PMIK #Pakistan https://t.co/PV6lz397kK"}, "created_at": "Thu Oct 25 07:21:20 +0000 2018", "filter_level": "low", "in_reply_to_status_id_str": null, "place": null}, "user": {"follow_request_sent": null, "profile_use_background_image": false, "default_profile_image": false, "id": 3309096559, "default_profile": false, "verified": false, "profile_image_url_https": "https://pbs.twimg.com/profile_images/1050326315230998528/7VJn2csD_normal.jpg", "profile_sidebar_fill_color": "000000", "profile_text_color": "000000", "followers_count": 516, "profile_sidebar_border_color": "000000", "id_str": "3309096559", "profile_background_color": "000000", "listed_count": 3, "profile_background_image_url_https": "https://abs.twimg.com/images/themes/theme1/bg.png", "utc_offset": null, "statuses_count": 8721, "description": "Blogger | Social Media Activist |\n \ud83c\uddf5\ud83c\uddf0Ambassador\ud83c\uddf5\ud83c\uddf0", "friends_count": 165, "location": "Pakistan", "profile_link_color": "19CF86", "profile_image_url": "http://pbs.twimg.com/profile_images/1050326315230998528/7VJn2csD_normal.jpg", "following": null, "geo_enabled": false, "profile_banner_url": "https://pbs.twimg.com/profile_banners/3309096559/1539252282", "profile_background_image_url": "http://abs.twimg.com/images/themes/theme1/bg.png", "name": "Osama HT", "lang": "en", "profile_background_tile": false, "favourites_count": 2933, "screen_name": "realOsamaHT", "notifications": null, "url": null, "created_at": "Fri Aug 07 20:31:24 +0000 2015", "contributors_enabled": false, "time_zone": null, "protected": false, "translator_type": "none", "is_translator": false}, "geo": null, "in_reply_to_user_id_str": null, "lang": "ur", "created_at": "Thu Oct 25 07:32:56 +0000 2018", "filter_level": "low", "in_reply_to_status_id_str": null, "place": null}
{"quote_count": 0, "contributors": null, "truncated": false, "text": "RT @ShahNafisa: #PPP is the only party that has made a commitment in its #Manifesto2018 to recognise women agricultural workers. Previously\u2026", "is_quote_status": false, "in_reply_to_status_id": null, "reply_count": 0, "id": 1055361567938744320, "favorite_count": 0, "entities": {"user_mentions": [{"id": 1582096902, "indices": [3, 14], "id_str": "1582096902", "screen_name": "ShahNafisa", "name": "Nafisa Shah"}], "symbols": [], "hashtags": [{"indices": [16, 20], "text": "PPP"}, {"indices": [73, 87], "text": "Manifesto2018"}], "urls": []}, "retweeted": false, "coordinates": null, "timestamp_ms": "1540452780123", "source": "<a href=\"http://twitter.com/download/android\" rel=\"nofollow\">Twitter for Android</a>", "in_reply_to_screen_name": null, "id_str": "1055361567938744320", "retweet_count": 0, "in_reply_to_user_id": null, "favorited": false, "retweeted_status": {"quote_count": 5, "contributors": null, "truncated": true, "text": "#PPP is the only party that has made a commitment in its #Manifesto2018 to recognise women agricultural workers. Pr\u2026 https://t.co/wmDWj7Dwf5", "is_quote_status": false, "in_reply_to_status_id": null, "reply_count": 17, "id": 1055339318435147776, "favorite_count": 109, "entities": {"user_mentions": [], "symbols": [], "hashtags": [{"indices": [0, 4], "text": "PPP"}, {"indices": [57, 71], "text": "Manifesto2018"}], "urls": [{"url": "https://t.co/wmDWj7Dwf5", "indices": [117, 140], "expanded_url": "https://twitter.com/i/web/status/1055339318435147776", "display_url": "twitter.com/i/web/status/1\u2026"}]}, "retweeted": false, "coordinates": null, "source": "<a href=\"http://twitter.com/download/android\" rel=\"nofollow\">Twitter for Android</a>", "in_reply_to_screen_name": null, "id_str": "1055339318435147776", "display_text_range": [0, 140], "retweet_count": 51, "in_reply_to_user_id": null, "favorited": false, "user": {"follow_request_sent": null, "profile_use_background_image": true, "default_profile_image": false, "id": 1582096902, "default_profile": true, "verified": false, "profile_image_url_https": "https://pbs.twimg.com/profile_images/1030534509492625409/yP_TPDYs_normal.jpg", "profile_sidebar_fill_color": "DDEEF6", "profile_text_color": "333333", "followers_count": 307928, "profile_sidebar_border_color": "C0DEED", "id_str": "1582096902", "profile_background_color": "C0DEED", "listed_count": 213, "profile_background_image_url_https": "https://abs.twimg.com/images/themes/theme1/bg.png", "utc_offset": null, "statuses_count": 10877, "description": "Member National Assembly NA-208. Central Information Secretary, PPPP. Formerly a journalist; interest in anthropology; occasional artist and writer", "friends_count": 985, "location": "Pakistan", "profile_link_color": "1DA1F2", "profile_image_url": "http://pbs.twimg.com/profile_images/1030534509492625409/yP_TPDYs_normal.jpg", "following": null, "geo_enabled": false, "profile_banner_url": "https://pbs.twimg.com/profile_banners/1582096902/1514348220", "profile_background_image_url": "http://abs.twimg.com/images/themes/theme1/bg.png", "name": "Nafisa Shah", "lang": "en", "profile_background_tile": false, "favourites_count": 10066, "screen_name": "ShahNafisa", "notifications": null, "url": null, "created_at": "Wed Jul 10 03:45:03 +0000 2013", "contributors_enabled": false, "time_zone": null, "protected": false, "translator_type": "none", "is_translator": false}, "geo": null, "in_reply_to_user_id_str": null, "possibly_sensitive": false, "lang": "en", "extended_tweet": {"display_text_range": [0, 271], "entities": {"user_mentions": [{"id": 2772756692, "indices": [241, 255], "id_str": "2772756692", "screen_name": "CollectiveKHI", "name": "Collective"}, {"id": 339040963, "indices": [256, 271], "id_str": "339040963", "screen_name": "BBhuttoZardari", "name": "BilawalBhuttoZardari"}], "symbols": [], "hashtags": [{"indices": [0, 4], "text": "PPP"}, {"indices": [57, 71], "text": "Manifesto2018"}, {"indices": [130, 135], "text": "BISP"}, {"indices": [231, 240], "text": "Pakistan"}], "urls": [], "media": [{"expanded_url": "https://twitter.com/ShahNafisa/status/1055339318435147776/photo/1", "display_url": "pic.twitter.com/0dUcRySCPi", "url": "https://t.co/0dUcRySCPi", "media_url_https": "https://pbs.twimg.com/media/DqVRgHsU0AIz7pJ.jpg", "id_str": "1055339299950874626", "sizes": {"large": {"h": 2048, "resize": "fit", "w": 1536}, "small": {"h": 680, "resize": "fit", "w": 510}, "medium": {"h": 1200, "resize": "fit", "w": 900}, "thumb": {"h": 150, "resize": "crop", "w": 150}}, "indices": [272, 295], "type": "photo", "id": 1055339299950874626, "media_url": "http://pbs.twimg.com/media/DqVRgHsU0AIz7pJ.jpg"}]}, "extended_entities": {"media": [{"expanded_url": "https://twitter.com/ShahNafisa/status/1055339318435147776/photo/1", "display_url": "pic.twitter.com/0dUcRySCPi", "url": "https://t.co/0dUcRySCPi", "media_url_https": "https://pbs.twimg.com/media/DqVRgHsU0AIz7pJ.jpg", "id_str": "1055339299950874626", "sizes": {"large": {"h": 2048, "resize": "fit", "w": 1536}, "small": {"h": 680, "resize": "fit", "w": 510}, "medium": {"h": 1200, "resize": "fit", "w": 900}, "thumb": {"h": 150, "resize": "crop", "w": 150}}, "indices": [272, 295], "type": "photo", "id": 1055339299950874626, "media_url": "http://pbs.twimg.com/media/DqVRgHsU0AIz7pJ.jpg"}]}, "full_text": "#PPP is the only party that has made a commitment in its #Manifesto2018 to recognise women agricultural workers. Previously PPP's #BISP recognised poverty among women which led to cash transfers to more than 5 million women across #Pakistan @CollectiveKHI @BBhuttoZardari https://t.co/0dUcRySCPi"}, "created_at": "Thu Oct 25 06:04:35 +0000 2018", "filter_level": "low", "in_reply_to_status_id_str": null, "place": null}, "user": {"follow_request_sent": null, "profile_use_background_image": true, "default_profile_image": false, "id": 831921273676636160, "default_profile": true, "verified": false, "profile_image_url_https": "https://pbs.twimg.com/profile_images/1054611875827249152/ATyXNquE_normal.jpg", "profile_sidebar_fill_color": "DDEEF6", "profile_text_color": "333333", "followers_count": 2387, "profile_sidebar_border_color": "C0DEED", "id_str": "831921273676636160", "profile_background_color": "F5F8FA", "listed_count": 4, "profile_background_image_url_https": "", "utc_offset": null, "statuses_count": 33965, "description": "i am worker of pakistan peoples party khairpur. jeye bhutto jeye awam jeye adi nafisa shah i love ppp", "friends_count": 699, "location": "khairpur", "profile_link_color": "1DA1F2", "profile_image_url": "http://pbs.twimg.com/profile_images/1054611875827249152/ATyXNquE_normal.jpg", "following": null, "geo_enabled": true, "profile_banner_url": "https://pbs.twimg.com/profile_banners/831921273676636160/1517685403", "profile_background_image_url": "", "name": "Abid Tanwari\ud83c\uddf1\ud83c\uddfe", "lang": "en", "profile_background_tile": false, "favourites_count": 63490, "screen_name": "AbidTanwari22", "notifications": null, "url": "http://www.fbAbidtanwari.com", "created_at": "Wed Feb 15 17:41:02 +0000 2017", "contributors_enabled": false, "time_zone": null, "protected": false, "translator_type": "none", "is_translator": false}, "geo": null, "in_reply_to_user_id_str": null, "lang": "en", "created_at": "Thu Oct 25 07:33:00 +0000 2018", "filter_level": "low", "in_reply_to_status_id_str": null, "place": null}
{"quote_count": 0, "contributors": null, "truncated": false, "text": "RT @malkaesaba: Pakistan Armed Forces to Date has Contributed over 200000 Troops in 46 UN Missiosn in 28 Countries.We Also Pay tribute to o\u2026", "is_quote_status": false, "in_reply_to_status_id": null, "reply_count": 0, "id": 1055361597315653634, "favorite_count": 0, "entities": {"user_mentions": [{"id": 2515384483, "indices": [3, 14], "id_str": "2515384483", "screen_name": "malkaesaba", "name": "\ud83c\udf20ALIALi\ud83c\uddf5\ud83c\uddf0"}], "symbols": [], "hashtags": [], "urls": []}, "retweeted": false, "coordinates": null, "timestamp_ms": "1540452787127", "source": "<a href=\"http://twitter.com/download/iphone\" rel=\"nofollow\">Twitter for iPhone</a>", "in_reply_to_screen_name": null, "id_str": "1055361597315653634", "retweet_count": 0, "in_reply_to_user_id": null, "favorited": false, "retweeted_status": {"quote_count": 1, "contributors": null, "truncated": true, "text": "Pakistan Armed Forces to Date has Contributed over 200000 Troops in 46 UN Missiosn in 28 Countries.We Also Pay trib\u2026 https://t.co/gN7cNxqcGd", "is_quote_status": false, "in_reply_to_status_id": null, "reply_count": 1, "id": 1055346608559349760, "favorite_count": 1, "entities": {"user_mentions": [], "symbols": [], "hashtags": [], "urls": [{"url": "https://t.co/gN7cNxqcGd", "indices": [117, 140], "expanded_url": "https://twitter.com/i/web/status/1055346608559349760", "display_url": "twitter.com/i/web/status/1\u2026"}]}, "retweeted": false, "coordinates": null, "source": "<a href=\"http://twitter.com/download/android\" rel=\"nofollow\">Twitter for Android</a>", "in_reply_to_screen_name": null, "id_str": "1055346608559349760", "display_text_range": [0, 140], "retweet_count": 3, "in_reply_to_user_id": null, "favorited": false, "user": {"follow_request_sent": null, "profile_use_background_image": true, "default_profile_image": false, "id": 2515384483, "default_profile": true, "verified": false, "profile_image_url_https": "https://pbs.twimg.com/profile_images/694725762662866944/MYeI8M7v_normal.jpg", "profile_sidebar_fill_color": "DDEEF6", "profile_text_color": "333333", "followers_count": 649, "profile_sidebar_border_color": "C0DEED", "id_str": "2515384483", "profile_background_color": "C0DEED", "listed_count": 0, "profile_background_image_url_https": "https://abs.twimg.com/images/themes/theme1/bg.png", "utc_offset": null, "statuses_count": 19362, "description": "Hussain O Minni Wa Anna Minnal Hussain A.S@Saying of the Prophet Muhammad (PBUH) Instagram AlLuR3  ( @allur3.allur3 ) Pakistan Army Zindabad\ud83d\udc95 Pakistan Zindabad", "friends_count": 924, "location": "Pakistan", "profile_link_color": "1DA1F2", "profile_image_url": "http://pbs.twimg.com/profile_images/694725762662866944/MYeI8M7v_normal.jpg", "following": null, "geo_enabled": true, "profile_banner_url": "https://pbs.twimg.com/profile_banners/2515384483/1537976009", "profile_background_image_url": "http://abs.twimg.com/images/themes/theme1/bg.png", "name": "\ud83c\udf20ALIALi\ud83c\uddf5\ud83c\uddf0", "lang": "en", "profile_background_tile": false, "favourites_count": 19659, "screen_name": "malkaesaba", "notifications": null, "url": null, "created_at": "Thu May 22 12:53:22 +0000 2014", "contributors_enabled": false, "time_zone": null, "protected": false, "translator_type": "none", "is_translator": false}, "geo": null, "in_reply_to_user_id_str": null, "possibly_sensitive": false, "lang": "en", "extended_tweet": {"display_text_range": [0, 280], "entities": {"user_mentions": [], "symbols": [], "hashtags": [{"indices": [247, 256], "text": "Pakistan"}, {"indices": [257, 278], "text": "PakistanArmyZindabad"}], "urls": [], "media": [{"additional_media_info": {"monetizable": false}, "expanded_url": "https://twitter.com/malkaesaba/status/1055346608559349760/video/1", "display_url": "pic.twitter.com/jSMtLKLvCz", "url": "https://t.co/jSMtLKLvCz", "media_url_https": "https://pbs.twimg.com/ext_tw_video_thumb/1055346505169670144/pu/img/LpgZKo_mLdOH_JT6.jpg", "video_info": {"aspect_ratio": [120, 67], "duration_millis": 44967, "variants": [{"url": "https://video.twimg.com/ext_tw_video/1055346505169670144/pu/vid/322x180/nkxGicZj5R89gxrw.mp4?tag=5", "bitrate": 256000, "content_type": "video/mp4"}, {"url": "https://video.twimg.com/ext_tw_video/1055346505169670144/pu/vid/480x268/whWP5Ld3g1EMZ5S6.mp4?tag=5", "bitrate": 832000, "content_type": "video/mp4"}, {"url": "https://video.twimg.com/ext_tw_video/1055346505169670144/pu/pl/tYYH03M_QN-iXG5p.m3u8?tag=5", "content_type": "application/x-mpegURL"}]}, "id_str": "1055346505169670144", "sizes": {"large": {"h": 268, "resize": "fit", "w": 480}, "small": {"h": 268, "resize": "fit", "w": 480}, "medium": {"h": 268, "resize": "fit", "w": 480}, "thumb": {"h": 150, "resize": "crop", "w": 150}}, "indices": [281, 304], "type": "video", "id": 1055346505169670144, "media_url": "http://pbs.twimg.com/ext_tw_video_thumb/1055346505169670144/pu/img/LpgZKo_mLdOH_JT6.jpg"}]}, "extended_entities": {"media": [{"additional_media_info": {"monetizable": false}, "expanded_url": "https://twitter.com/malkaesaba/status/1055346608559349760/video/1", "display_url": "pic.twitter.com/jSMtLKLvCz", "url": "https://t.co/jSMtLKLvCz", "media_url_https": "https://pbs.twimg.com/ext_tw_video_thumb/1055346505169670144/pu/img/LpgZKo_mLdOH_JT6.jpg", "video_info": {"aspect_ratio": [120, 67], "duration_millis": 44967, "variants": [{"url": "https://video.twimg.com/ext_tw_video/1055346505169670144/pu/vid/322x180/nkxGicZj5R89gxrw.mp4?tag=5", "bitrate": 256000, "content_type": "video/mp4"}, {"url": "https://video.twimg.com/ext_tw_video/1055346505169670144/pu/vid/480x268/whWP5Ld3g1EMZ5S6.mp4?tag=5", "bitrate": 832000, "content_type": "video/mp4"}, {"url": "https://video.twimg.com/ext_tw_video/1055346505169670144/pu/pl/tYYH03M_QN-iXG5p.m3u8?tag=5", "content_type": "application/x-mpegURL"}]}, "id_str": "1055346505169670144", "sizes": {"large": {"h": 268, "resize": "fit", "w": 480}, "small": {"h": 268, "resize": "fit", "w": 480}, "medium": {"h": 268, "resize": "fit", "w": 480}, "thumb": {"h": 150, "resize": "crop", "w": 150}}, "indices": [281, 304], "type": "video", "id": 1055346505169670144, "media_url": "http://pbs.twimg.com/ext_tw_video_thumb/1055346505169670144/pu/img/LpgZKo_mLdOH_JT6.jpg"}]}, "full_text": "Pakistan Armed Forces to Date has Contributed over 200000 Troops in 46 UN Missiosn in 28 Countries.We Also Pay tribute to our 156 peace Keepers who Sacrificed their Lives for Global Peace.Pakistan Armed Extend best Wishes to UN on its 73rd UN Day\n#Pakistan\n#PakistanArmyZindabad\ud83c\uddf5\ud83c\uddf0 https://t.co/jSMtLKLvCz"}, "created_at": "Thu Oct 25 06:33:33 +0000 2018", "filter_level": "low", "in_reply_to_status_id_str": null, "place": null}, "user": {"follow_request_sent": null, "profile_use_background_image": true, "default_profile_image": false, "id": 376922724, "default_profile": true, "verified": false, "profile_image_url_https": "https://pbs.twimg.com/profile_images/1054096132576567303/KgE5yNhG_normal.jpg", "profile_sidebar_fill_color": "DDEEF6", "profile_text_color": "333333", "followers_count": 1356, "profile_sidebar_border_color": "C0DEED", "id_str": "376922724", "profile_background_color": "C0DEED", "listed_count": 8, "profile_background_image_url_https": "https://abs.twimg.com/images/themes/theme1/bg.png", "utc_offset": null, "statuses_count": 57239, "description": null, "friends_count": 1390, "location": "north east", "profile_link_color": "1DA1F2", "profile_image_url": "http://pbs.twimg.com/profile_images/1054096132576567303/KgE5yNhG_normal.jpg", "following": null, "geo_enabled": true, "profile_banner_url": "https://pbs.twimg.com/profile_banners/376922724/1540150962", "profile_background_image_url": "http://abs.twimg.com/images/themes/theme1/bg.png", "name": "Muzaffar awan", "lang": "en", "profile_background_tile": false, "favourites_count": 82523, "screen_name": "007touch", "notifications": null, "url": null, "created_at": "Tue Sep 20 18:30:59 +0000 2011", "contributors_enabled": false, "time_zone": null, "protected": false, "translator_type": "none", "is_translator": false}, "geo": null, "in_reply_to_user_id_str": null, "lang": "en", "created_at": "Thu Oct 25 07:33:07 +0000 2018", "filter_level": "low", "in_reply_to_status_id_str": null, "place": null}
{"quote_count": 0, "quoted_status_permalink": {"url": "https://t.co/aK0QcLYtyZ", "expanded": "https://twitter.com/koolkopper/status/1055254745898737664", "display": "twitter.com/koolkopper/sta\u2026"}, "contributors": null, "truncated": false, "text": "RT @mazdaki: Nizam of Hyderabad used to give dole to the House of Saud; we have come a long way to live on #Saudi handouts. It certainly wi\u2026", "is_quote_status": true, "in_reply_to_status_id": null, "reply_count": 0, "id": 1055361615330267136, "favorite_count": 0, "entities": {"user_mentions": [{"id": 139897603, "indices": [3, 11], "id_str": "139897603", "screen_name": "mazdaki", "name": "Mohammad Taqi"}], "symbols": [], "hashtags": [{"indices": [107, 113], "text": "Saudi"}], "urls": []}, "quoted_status_id": 1055254745898737664, "retweeted": false, "coordinates": null, "timestamp_ms": "1540452791422", "quoted_status": {"quote_count": 2, "contributors": null, "truncated": false, "text": "PM Imran says \u2018time not far when Pakistan will be offering loans to other countries\u2019.\ud83d\ude11\n\nNot in this century I believe.", "is_quote_status": false, "in_reply_to_status_id": null, "reply_count": 7, "id": 1055254745898737664, "favorite_count": 17, "source": "<a href=\"http://twitter.com/download/iphone\" rel=\"nofollow\">Twitter for iPhone</a>", "retweeted": false, "coordinates": null, "entities": {"user_mentions": [], "symbols": [], "hashtags": [], "urls": []}, "in_reply_to_screen_name": null, "id_str": "1055254745898737664", "retweet_count": 2, "in_reply_to_user_id": null, "favorited": false, "user": {"follow_request_sent": null, "profile_use_background_image": true, "default_profile_image": false, "id": 66018693, "default_profile": true, "verified": false, "profile_image_url_https": "https://pbs.twimg.com/profile_images/1052778212487569408/-1New20Z_normal.jpg", "profile_sidebar_fill_color": "DDEEF6", "profile_text_color": "333333", "followers_count": 4646, "profile_sidebar_border_color": "C0DEED", "id_str": "66018693", "profile_background_color": "C0DEED", "listed_count": 34, "profile_background_image_url_https": "https://abs.twimg.com/images/themes/theme1/bg.png", "utc_offset": null, "statuses_count": 25399, "description": "A desert dweller. Fond of reading, poetry, sports, music & movies, with special interest in history & politics.", "friends_count": 409, "location": "Peshawar/Lakki Marwat/Pakistan", "profile_link_color": "1DA1F2", "profile_image_url": "http://pbs.twimg.com/profile_images/1052778212487569408/-1New20Z_normal.jpg", "following": null, "geo_enabled": false, "profile_banner_url": "https://pbs.twimg.com/profile_banners/66018693/1539403552", "profile_background_image_url": "http://abs.twimg.com/images/themes/theme1/bg.png", "name": "Abdul Majeed Khan Marwat", "lang": "en", "profile_background_tile": false, "favourites_count": 38207, "screen_name": "koolkopper", "notifications": null, "url": null, "created_at": "Sun Aug 16 01:10:00 +0000 2009", "contributors_enabled": false, "time_zone": null, "protected": false, "translator_type": "none", "is_translator": false}, "geo": null, "in_reply_to_user_id_str": null, "lang": "en", "created_at": "Thu Oct 25 00:28:31 +0000 2018", "filter_level": "low", "in_reply_to_status_id_str": null, "place": null}, "source": "<a href=\"http://twitter.com/download/android\" rel=\"nofollow\">Twitter for Android</a>", "in_reply_to_screen_name": null, "id_str": "1055361615330267136", "retweet_count": 0, "in_reply_to_user_id": null, "favorited": false, "retweeted_status": {"quote_count": 0, "quoted_status_permalink": {"url": "https://t.co/aK0QcLYtyZ", "expanded": "https://twitter.com/koolkopper/status/1055254745898737664", "display": "twitter.com/koolkopper/sta\u2026"}, "contributors": null, "truncated": true, "text": "Nizam of Hyderabad used to give dole to the House of Saud; we have come a long way to live on #Saudi handouts. It c\u2026 https://t.co/1Af4qVFxaP", "is_quote_status": true, "in_reply_to_status_id": null, "reply_count": 3, "id": 1055256856543879176, "favorite_count": 23, "entities": {"user_mentions": [], "symbols": [], "hashtags": [{"indices": [94, 100], "text": "Saudi"}], "urls": [{"url": "https://t.co/1Af4qVFxaP", "indices": [117, 140], "expanded_url": "https://twitter.com/i/web/status/1055256856543879176", "display_url": "twitter.com/i/web/status/1\u2026"}]}, "quoted_status_id": 1055254745898737664, "retweeted": false, "coordinates": null, "quoted_status": {"quote_count": 2, "contributors": null, "truncated": false, "text": "PM Imran says \u2018time not far when Pakistan will be offering loans to other countries\u2019.\ud83d\ude11\n\nNot in this century I believe.", "is_quote_status": false, "in_reply_to_status_id": null, "reply_count": 7, "id": 1055254745898737664, "favorite_count": 17, "source": "<a href=\"http://twitter.com/download/iphone\" rel=\"nofollow\">Twitter for iPhone</a>", "retweeted": false, "coordinates": null, "entities": {"user_mentions": [], "symbols": [], "hashtags": [], "urls": []}, "in_reply_to_screen_name": null, "id_str": "1055254745898737664", "retweet_count": 2, "in_reply_to_user_id": null, "favorited": false, "user": {"follow_request_sent": null, "profile_use_background_image": true, "default_profile_image": false, "id": 66018693, "default_profile": true, "verified": false, "profile_image_url_https": "https://pbs.twimg.com/profile_images/1052778212487569408/-1New20Z_normal.jpg", "profile_sidebar_fill_color": "DDEEF6", "profile_text_color": "333333", "followers_count": 4646, "profile_sidebar_border_color": "C0DEED", "id_str": "66018693", "profile_background_color": "C0DEED", "listed_count": 34, "profile_background_image_url_https": "https://abs.twimg.com/images/themes/theme1/bg.png", "utc_offset": null, "statuses_count": 25399, "description": "A desert dweller. Fond of reading, poetry, sports, music & movies, with special interest in history & politics.", "friends_count": 409, "location": "Peshawar/Lakki Marwat/Pakistan", "profile_link_color": "1DA1F2", "profile_image_url": "http://pbs.twimg.com/profile_images/1052778212487569408/-1New20Z_normal.jpg", "following": null, "geo_enabled": false, "profile_banner_url": "https://pbs.twimg.com/profile_banners/66018693/1539403552", "profile_background_image_url": "http://abs.twimg.com/images/themes/theme1/bg.png", "name": "Abdul Majeed Khan Marwat", "lang": "en", "profile_background_tile": false, "favourites_count": 38207, "screen_name": "koolkopper", "notifications": null, "url": null, "created_at": "Sun Aug 16 01:10:00 +0000 2009", "contributors_enabled": false, "time_zone": null, "protected": false, "translator_type": "none", "is_translator": false}, "geo": null, "in_reply_to_user_id_str": null, "lang": "en", "created_at": "Thu Oct 25 00:28:31 +0000 2018", "filter_level": "low", "in_reply_to_status_id_str": null, "place": null}, "source": "<a href=\"http://twitter.com/download/iphone\" rel=\"nofollow\">Twitter for iPhone</a>", "in_reply_to_screen_name": null, "id_str": "1055256856543879176", "display_text_range": [0, 140], "retweet_count": 6, "in_reply_to_user_id": null, "favorited": false, "user": {"follow_request_sent": null, "profile_use_background_image": true, "default_profile_image": false, "id": 139897603, "default_profile": true, "verified": true, "profile_image_url_https": "https://pbs.twimg.com/profile_images/1017426421570994177/nimRd5rA_normal.jpg", "profile_sidebar_fill_color": "DDEEF6", "profile_text_color": "333333", "followers_count": 87671, "profile_sidebar_border_color": "C0DEED", "id_str": "139897603", "profile_background_color": "C0DEED", "listed_count": 411, "profile_background_image_url_https": "https://abs.twimg.com/images/themes/theme1/bg.png", "utc_offset": null, "statuses_count": 127151, "description": "Columnist, Doctor. Views @thewire_in, @theworldpost. Views personal; disclaimers apply", "friends_count": 957, "location": "Gainesville & Peshawar", "profile_link_color": "1DA1F2", "profile_image_url": "http://pbs.twimg.com/profile_images/1017426421570994177/nimRd5rA_normal.jpg", "following": null, "geo_enabled": true, "profile_banner_url": "https://pbs.twimg.com/profile_banners/139897603/1531408338", "profile_background_image_url": "http://abs.twimg.com/images/themes/theme1/bg.png", "name": "Mohammad Taqi", "lang": "en", "profile_background_tile": false, "favourites_count": 69246, "screen_name": "mazdaki", "notifications": null, "url": "http://www.huffingtonpost.com/author/mohammad-taqi", "created_at": "Tue May 04 00:31:46 +0000 2010", "contributors_enabled": false, "time_zone": null, "protected": false, "translator_type": "regular", "is_translator": false}, "geo": null, "in_reply_to_user_id_str": null, "possibly_sensitive": false, "lang": "en", "extended_tweet": {"display_text_range": [0, 182], "entities": {"user_mentions": [], "symbols": [], "hashtags": [{"indices": [94, 100], "text": "Saudi"}, {"indices": [173, 182], "text": "Pakistan"}], "urls": [{"url": "https://t.co/aK0QcLYtyZ", "indices": [183, 206], "expanded_url": "https://twitter.com/koolkopper/status/1055254745898737664", "display_url": "twitter.com/koolkopper/sta\u2026"}]}, "full_text": "Nizam of Hyderabad used to give dole to the House of Saud; we have come a long way to live on #Saudi handouts. It certainly will take forever to restore the status quo ante\n#Pakistan https://t.co/aK0QcLYtyZ"}, "created_at": "Thu Oct 25 00:36:54 +0000 2018", "quoted_status_id_str": "1055254745898737664", "filter_level": "low", "in_reply_to_status_id_str": null, "place": null}, "user": {"follow_request_sent": null, "profile_use_background_image": true, "default_profile_image": false, "id": 256899782, "default_profile": true, "verified": false, "profile_image_url_https": "https://pbs.twimg.com/profile_images/927540071527538688/Q8Nc3JXu_normal.jpg", "profile_sidebar_fill_color": "DDEEF6", "profile_text_color": "333333", "followers_count": 355, "profile_sidebar_border_color": "C0DEED", "id_str": "256899782", "profile_background_color": "C0DEED", "listed_count": 21, "profile_background_image_url_https": "https://abs.twimg.com/images/themes/theme1/bg.png", "utc_offset": null, "statuses_count": 6425, "description": "Youth Activist, youth empowerment #Peace. President and founder of Optimistic Youth Network. Founder of Swat Youth Assembly, (Views R personal, RTs\u2260Endorsements", "friends_count": 290, "location": "Swat, Pakistan", "profile_link_color": "1DA1F2", "profile_image_url": "http://pbs.twimg.com/profile_images/927540071527538688/Q8Nc3JXu_normal.jpg", "following": null, "geo_enabled": true, "profile_banner_url": "https://pbs.twimg.com/profile_banners/256899782/1526287732", "profile_background_image_url": "http://abs.twimg.com/images/themes/theme1/bg.png", "name": "ismailSwati", "lang": "en", "profile_background_tile": false, "favourites_count": 249, "screen_name": "ismailswati", "notifications": null, "url": "http://www.oyn.org.pk/", "created_at": "Thu Feb 24 09:01:50 +0000 2011", "contributors_enabled": false, "time_zone": null, "protected": false, "translator_type": "none", "is_translator": false}, "geo": null, "in_reply_to_user_id_str": null, "lang": "en", "created_at": "Thu Oct 25 07:33:11 +0000 2018", "quoted_status_id_str": "1055254745898737664", "filter_level": "low", "in_reply_to_status_id_str": null, "place": null}
{"quote_count": 0, "contributors": null, "truncated": false, "text": "RT @myraemacdonald: #Saudi Arabia pledges $6bn package to #Pakistan. (Guessing this buys time but does not reduce #IMF pressure for reform,\u2026", "is_quote_status": false, "in_reply_to_status_id": null, "reply_count": 0, "id": 1055361636599504897, "favorite_count": 0, "entities": {"user_mentions": [{"id": 14889248, "indices": [3, 18], "id_str": "14889248", "screen_name": "myraemacdonald", "name": "Myra MacDonald"}], "symbols": [], "hashtags": [{"indices": [20, 26], "text": "Saudi"}, {"indices": [58, 67], "text": "Pakistan"}, {"indices": [114, 118], "text": "IMF"}], "urls": []}, "retweeted": false, "coordinates": null, "timestamp_ms": "1540452796493", "source": "<a href=\"http://twitter.com/download/android\" rel=\"nofollow\">Twitter for Android</a>", "in_reply_to_screen_name": null, "id_str": "1055361636599504897", "retweet_count": 0, "in_reply_to_user_id": null, "favorited": false, "retweeted_status": {"quote_count": 0, "contributors": null, "truncated": true, "text": "#Saudi Arabia pledges $6bn package to #Pakistan. (Guessing this buys time but does not reduce #IMF pressure for ref\u2026 https://t.co/aJAAZqDB8j", "is_quote_status": false, "in_reply_to_status_id": null, "reply_count": 0, "id": 1055134663998615552, "favorite_count": 2, "entities": {"user_mentions": [], "symbols": [], "hashtags": [{"indices": [0, 6], "text": "Saudi"}, {"indices": [38, 47], "text": "Pakistan"}, {"indices": [94, 98], "text": "IMF"}], "urls": [{"url": "https://t.co/aJAAZqDB8j", "indices": [117, 140], "expanded_url": "https://twitter.com/i/web/status/1055134663998615552", "display_url": "twitter.com/i/web/status/1\u2026"}]}, "retweeted": false, "coordinates": null, "source": "<a href=\"http://twitter.com\" rel=\"nofollow\">Twitter Web Client</a>", "in_reply_to_screen_name": null, "id_str": "1055134663998615552", "retweet_count": 3, "in_reply_to_user_id": null, "favorited": false, "user": {"follow_request_sent": null, "profile_use_background_image": true, "default_profile_image": false, "id": 14889248, "default_profile": true, "verified": false, "profile_image_url_https": "https://pbs.twimg.com/profile_images/433348200175382528/o-qLj4Fg_normal.jpeg", "profile_sidebar_fill_color": "DDEEF6", "profile_text_color": "333333", "followers_count": 34343, "profile_sidebar_border_color": "C0DEED", "id_str": "14889248", "profile_background_color": "C0DEED", "listed_count": 514, "profile_background_image_url_https": "https://abs.twimg.com/images/themes/theme1/bg.png", "utc_offset": null, "statuses_count": 38792, "description": "South Asia specialist. Author of \"Heights of Madness\" and \"Defeat is an Orphan; How Pakistan Lost the Great South Asian War.\"", "friends_count": 1342, "location": "Scotland", "profile_link_color": "1DA1F2", "profile_image_url": "http://pbs.twimg.com/profile_images/433348200175382528/o-qLj4Fg_normal.jpeg", "following": null, "geo_enabled": false, "profile_background_image_url": "http://abs.twimg.com/images/themes/theme1/bg.png", "name": "Myra MacDonald", "lang": "en", "profile_background_tile": false, "favourites_count": 14055, "screen_name": "myraemacdonald", "notifications": null, "url": null, "created_at": "Sat May 24 07:55:39 +0000 2008", "contributors_enabled": false, "time_zone": null, "protected": false, "translator_type": "none", "is_translator": false}, "geo": null, "in_reply_to_user_id_str": null, "possibly_sensitive": false, "lang": "en", "extended_tweet": {"display_text_range": [0, 231], "entities": {"user_mentions": [], "symbols": [], "hashtags": [{"indices": [0, 6], "text": "Saudi"}, {"indices": [38, 47], "text": "Pakistan"}, {"indices": [94, 98], "text": "IMF"}], "urls": [{"url": "https://t.co/0SkQtwwR4K", "indices": [208, 231], "expanded_url": "https://www.dawn.com/news/1440974", "display_url": "dawn.com/news/1440974"}]}, "full_text": "#Saudi Arabia pledges $6bn package to #Pakistan. (Guessing this buys time but does not reduce #IMF pressure for reform, which is based on the needs of the economy, rather than the size of required IMF loan)\n https://t.co/0SkQtwwR4K"}, "created_at": "Wed Oct 24 16:31:22 +0000 2018", "filter_level": "low", "in_reply_to_status_id_str": null, "place": null}, "user": {"follow_request_sent": null, "profile_use_background_image": true, "default_profile_image": false, "id": 256899782, "default_profile": true, "verified": false, "profile_image_url_https": "https://pbs.twimg.com/profile_images/927540071527538688/Q8Nc3JXu_normal.jpg", "profile_sidebar_fill_color": "DDEEF6", "profile_text_color": "333333", "followers_count": 355, "profile_sidebar_border_color": "C0DEED", "id_str": "256899782", "profile_background_color": "C0DEED", "listed_count": 21, "profile_background_image_url_https": "https://abs.twimg.com/images/themes/theme1/bg.png", "utc_offset": null, "statuses_count": 6426, "description": "Youth Activist, youth empowerment #Peace. President and founder of Optimistic Youth Network. Founder of Swat Youth Assembly, (Views R personal, RTs\u2260Endorsements", "friends_count": 290, "location": "Swat, Pakistan", "profile_link_color": "1DA1F2", "profile_image_url": "http://pbs.twimg.com/profile_images/927540071527538688/Q8Nc3JXu_normal.jpg", "following": null, "geo_enabled": true, "profile_banner_url": "https://pbs.twimg.com/profile_banners/256899782/1526287732", "profile_background_image_url": "http://abs.twimg.com/images/themes/theme1/bg.png", "name": "ismailSwati", "lang": "en", "profile_background_tile": false, "favourites_count": 249, "screen_name": "ismailswati", "notifications": null, "url": "http://www.oyn.org.pk/", "created_at": "Thu Feb 24 09:01:50 +0000 2011", "contributors_enabled": false, "time_zone": null, "protected": false, "translator_type": "none", "is_translator": false}, "geo": null, "in_reply_to_user_id_str": null, "lang": "en", "created_at": "Thu Oct 25 07:33:16 +0000 2018", "filter_level": "low", "in_reply_to_status_id_str": null, "place": null}
