{"quote_count": 0, "contributors": null, "truncated": false, "text": "RT @pooja303singh: Goat salon in #Pakistan. \ud83d\ude4a\ud83d\ude31\nSajna hai Mujhe Sajna k liye ... to nhi \ud83e\udd14\ud83e\udd14\ud83d\ude4a\ud83d\ude4a\ud83d\ude48\ud83d\ude48\ud83d\ude48\ud83d\ude48 https://t.co/OXobc5rQJ7", "is_quote_status": false, "in_reply_to_status_id": null, "reply_count": 0, "id": 1053987529592991744, "favorite_count": 0, "entities": {"user_mentions": [{"id": 2399166697, "indices": [3, 17], "id_str": "2399166697", "screen_name": "pooja303singh", "name": "Pooja Singh \ud83c\uddee\ud83c\uddf3"}], "symbols": [], "hashtags": [{"indices": [33, 42], "text": "Pakistan"}], "urls": [], "media": [{"additional_media_info": {"monetizable": false}, "source_user_id": 1402562467, "source_status_id_str": "1025868159537041409", "expanded_url": "https://twitter.com/riteshadesai/status/1025868159537041409/video/1", "display_url": "pic.twitter.com/OXobc5rQJ7", "url": "https://t.co/OXobc5rQJ7", "media_url_https": "https://pbs.twimg.com/ext_tw_video_thumb/1025867139297804288/pu/img/iXms1Gl4RXS3oVB_.jpg", "source_user_id_str": "1402562467", "source_status_id": 1025868159537041409, "id_str": "1025867139297804288", "sizes": {"small": {"h": 224, "resize": "fit", "w": 400}, "large": {"h": 224, "resize": "fit", "w": 400}, "medium": {"h": 224, "resize": "fit", "w": 400}, "thumb": {"h": 150, "resize": "crop", "w": 150}}, "indices": [96, 119], "type": "photo", "id": 1025867139297804288, "media_url": "http://pbs.twimg.com/ext_tw_video_thumb/1025867139297804288/pu/img/iXms1Gl4RXS3oVB_.jpg"}]}, "retweeted": false, "coordinates": null, "timestamp_ms": "1540125183853", "source": "<a href=\"http://twitter.com/download/android\" rel=\"nofollow\">Twitter for Android</a>", "in_reply_to_screen_name": null, "id_str": "1053987529592991744", "retweet_count": 0, "in_reply_to_user_id": null, "favorited": false, "retweeted_status": {"quote_count": 4, "contributors": null, "truncated": false, "text": "Goat salon in #Pakistan. \ud83d\ude4a\ud83d\ude31\nSajna hai Mujhe Sajna k liye ... to nhi \ud83e\udd14\ud83e\udd14\ud83d\ude4a\ud83d\ude4a\ud83d\ude48\ud83d\ude48\ud83d\ude48\ud83d\ude48 https://t.co/OXobc5rQJ7", "is_quote_status": false, "in_reply_to_status_id": null, "reply_count": 16, "id": 1053962371834753024, "favorite_count": 92, "source": "<a href=\"http://twitter.com/download/iphone\" rel=\"nofollow\">Twitter for iPhone</a>", "retweeted": false, "coordinates": null, "entities": {"user_mentions": [], "symbols": [], "hashtags": [{"indices": [14, 23], "text": "Pakistan"}], "urls": [], "media": [{"additional_media_info": {"monetizable": false}, "source_user_id": 1402562467, "source_status_id_str": "1025868159537041409", "expanded_url": "https://twitter.com/riteshadesai/status/1025868159537041409/video/1", "display_url": "pic.twitter.com/OXobc5rQJ7", "url": "https://t.co/OXobc5rQJ7", "media_url_https": "https://pbs.twimg.com/ext_tw_video_thumb/1025867139297804288/pu/img/iXms1Gl4RXS3oVB_.jpg", "source_user_id_str": "1402562467", "source_status_id": 1025868159537041409, "id_str": "1025867139297804288", "sizes": {"small": {"h": 224, "resize": "fit", "w": 400}, "large": {"h": 224, "resize": "fit", "w": 400}, "medium": {"h": 224, "resize": "fit", "w": 400}, "thumb": {"h": 150, "resize": "crop", "w": 150}}, "indices": [77, 100], "type": "photo", "id": 1025867139297804288, "media_url": "http://pbs.twimg.com/ext_tw_video_thumb/1025867139297804288/pu/img/iXms1Gl4RXS3oVB_.jpg"}]}, "in_reply_to_screen_name": null, "id_str": "1053962371834753024", "retweet_count": 55, "in_reply_to_user_id": null, "favorited": false, "user": {"follow_request_sent": null, "profile_use_background_image": false, "default_profile_image": false, "id": 2399166697, "default_profile": false, "verified": false, "profile_image_url_https": "https://pbs.twimg.com/profile_images/1042048621640867842/S14caiqu_normal.jpg", "profile_sidebar_fill_color": "000000", "profile_text_color": "000000", "followers_count": 21918, "profile_sidebar_border_color": "000000", "id_str": "2399166697", "profile_background_color": "000000", "listed_count": 47, "profile_background_image_url_https": "https://abs.twimg.com/images/themes/theme1/bg.png", "utc_offset": null, "statuses_count": 68926, "description": ".Proud Indian/Proud Hindu/Nation First/Love our army.#ExSecular Rts are strictly not endorsements.", "friends_count": 425, "location": "Lucknow, India", "profile_link_color": "DD2E44", "profile_image_url": "http://pbs.twimg.com/profile_images/1042048621640867842/S14caiqu_normal.jpg", "following": null, "geo_enabled": true, "profile_banner_url": "https://pbs.twimg.com/profile_banners/2399166697/1500825191", "profile_background_image_url": "http://abs.twimg.com/images/themes/theme1/bg.png", "name": "Pooja Singh \ud83c\uddee\ud83c\uddf3", "lang": "en", "profile_background_tile": false, "favourites_count": 10378, "screen_name": "pooja303singh", "notifications": null, "url": null, "created_at": "Thu Mar 20 06:40:17 +0000 2014", "contributors_enabled": false, "time_zone": null, "protected": false, "translator_type": "none", "is_translator": false}, "geo": null, "in_reply_to_user_id_str": null, "possibly_sensitive": true, "lang": "hi", "created_at": "Sun Oct 21 10:53:05 +0000 2018", "filter_level": "low", "in_reply_to_status_id_str": null, "place": null, "extended_entities": {"media": [{"additional_media_info": {"monetizable": false}, "source_user_id": 1402562467, "source_status_id_str": "1025868159537041409", "expanded_url": "https://twitter.com/riteshadesai/status/1025868159537041409/video/1", "display_url": "pic.twitter.com/OXobc5rQJ7", "url": "https://t.co/OXobc5rQJ7", "media_url_https": "https://pbs.twimg.com/ext_tw_video_thumb/1025867139297804288/pu/img/iXms1Gl4RXS3oVB_.jpg", "source_user_id_str": "1402562467", "source_status_id": 1025868159537041409, "video_info": {"aspect_ratio": [25, 14], "duration_millis": 74880, "variants": [{"url": "https://video.twimg.com/ext_tw_video/1025867139297804288/pu/pl/UrhNbnd8g2qaNfjo.m3u8?tag=5", "content_type": "application/x-mpegURL"}, {"url": "https://video.twimg.com/ext_tw_video/1025867139297804288/pu/vid/400x224/V0ddWapTE9bQjlQX.mp4?tag=5", "bitrate": 256000, "content_type": "video/mp4"}]}, "id_str": "1025867139297804288", "sizes": {"small": {"h": 224, "resize": "fit", "w": 400}, "large": {"h": 224, "resize": "fit", "w": 400}, "medium": {"h": 224, "resize": "fit", "w": 400}, "thumb": {"h": 150, "resize": "crop", "w": 150}}, "indices": [77, 100], "type": "video", "id": 1025867139297804288, "media_url": "http://pbs.twimg.com/ext_tw_video_thumb/1025867139297804288/pu/img/iXms1Gl4RXS3oVB_.jpg"}]}}, "user": {"follow_request_sent": null, "profile_use_background_image": true, "default_profile_image": false, "id": 3233471070, "default_profile": true, "verified": false, "profile_image_url_https": "https://pbs.twimg.com/profile_images/618073293610881024/8fINuTl5_normal.jpg", "profile_sidebar_fill_color": "DDEEF6", "profile_text_color": "333333", "followers_count": 230, "profile_sidebar_border_color": "C0DEED", "id_str": "3233471070", "profile_background_color": "C0DEED", "listed_count": 9, "profile_background_image_url_https": "https://abs.twimg.com/images/themes/theme1/bg.png", "utc_offset": null, "statuses_count": 4024, "description": "All latest AllTimeHit updates and all hit news in every field. RT us and we'll same. Follows us and get followed. Have a great AllTimeHit...", "friends_count": 932, "location": "New Delhi, India", "profile_link_color": "1DA1F2", "profile_image_url": "http://pbs.twimg.com/profile_images/618073293610881024/8fINuTl5_normal.jpg", "following": null, "geo_enabled": false, "profile_banner_url": "https://pbs.twimg.com/profile_banners/3233471070/1436194785", "profile_background_image_url": "http://abs.twimg.com/images/themes/theme1/bg.png", "name": "AllTimeHit", "lang": "en", "profile_background_tile": false, "favourites_count": 114, "screen_name": "AllTimeHitCom", "notifications": null, "url": null, "created_at": "Tue Jun 02 13:04:41 +0000 2015", "contributors_enabled": false, "time_zone": null, "protected": false, "translator_type": "none", "is_translator": false}, "geo": null, "in_reply_to_user_id_str": null, "possibly_sensitive": false, "lang": "hi", "created_at": "Sun Oct 21 12:33:03 +0000 2018", "filter_level": "low", "in_reply_to_status_id_str": null, "place": null, "extended_entities": {"media": [{"additional_media_info": {"monetizable": false}, "source_user_id": 1402562467, "source_status_id_str": "1025868159537041409", "expanded_url": "https://twitter.com/riteshadesai/status/1025868159537041409/video/1", "display_url": "pic.twitter.com/OXobc5rQJ7", "url": "https://t.co/OXobc5rQJ7", "media_url_https": "https://pbs.twimg.com/ext_tw_video_thumb/1025867139297804288/pu/img/iXms1Gl4RXS3oVB_.jpg", "source_user_id_str": "1402562467", "source_status_id": 1025868159537041409, "video_info": {"aspect_ratio": [25, 14], "duration_millis": 74880, "variants": [{"url": "https://video.twimg.com/ext_tw_video/1025867139297804288/pu/pl/UrhNbnd8g2qaNfjo.m3u8?tag=5", "content_type": "application/x-mpegURL"}, {"url": "https://video.twimg.com/ext_tw_video/1025867139297804288/pu/vid/400x224/V0ddWapTE9bQjlQX.mp4?tag=5", "bitrate": 256000, "content_type": "video/mp4"}]}, "id_str": "1025867139297804288", "sizes": {"small": {"h": 224, "resize": "fit", "w": 400}, "large": {"h": 224, "resize": "fit", "w": 400}, "medium": {"h": 224, "resize": "fit", "w": 400}, "thumb": {"h": 150, "resize": "crop", "w": 150}}, "indices": [96, 119], "type": "video", "id": 1025867139297804288, "media_url": "http://pbs.twimg.com/ext_tw_video_thumb/1025867139297804288/pu/img/iXms1Gl4RXS3oVB_.jpg"}]}}
{"quote_count": 0, "contributors": null, "truncated": false, "text": "RT @KoblerinPAK: \u062f\u0646\u06cc\u0627 \u0645\u06cc\u06ba #Pakistan \u0627\u0646 \u0645\u0644\u06a9\u0648\u06ba \u0645\u06cc\u06ba \u0633\u0631\u0641\u06c1\u0631\u0633\u062a \u06c1\u06d2 \u062c\u0648 #Orange \ud83c\udf4a \u0628\u06cc\u0646\u0627\u0644\u0627\u0642\u0648\u0627\u0645\u06cc \u0645\u0646\u0688\u06cc \u0645\u06cc\u06ba \u0628\u06cc\u0686\u062a\u06d2 \u06c1\u06cc\u06ba \u0627\u0648\u0631 #Sargodha \u0645\u06cc\u06ba \u06cc\u06c1 \u0628\u06c1\u062a\u0631\u06cc\u0646 \u067e\u06cc\u062f\u0627 \u06c1\u0648\u2026", "is_quote_status": false, "in_reply_to_status_id": null, "reply_count": 0, "id": 1053987558353448962, "favorite_count": 0, "entities": {"user_mentions": [{"id": 895226615130705920, "indices": [3, 15], "id_str": "895226615130705920", "screen_name": "KoblerinPAK", "name": "Martin Kobler"}], "symbols": [], "hashtags": [{"indices": [26, 35], "text": "Pakistan"}, {"indices": [63, 70], "text": "Orange"}, {"indices": [108, 117], "text": "Sargodha"}], "urls": []}, "retweeted": false, "coordinates": null, "timestamp_ms": "1540125190710", "source": "<a href=\"http://twitter.com/download/android\" rel=\"nofollow\">Twitter for Android</a>", "in_reply_to_screen_name": null, "id_str": "1053987558353448962", "retweet_count": 0, "in_reply_to_user_id": null, "favorited": false, "retweeted_status": {"quote_count": 3, "contributors": null, "truncated": true, "text": "\u062f\u0646\u06cc\u0627 \u0645\u06cc\u06ba #Pakistan \u0627\u0646 \u0645\u0644\u06a9\u0648\u06ba \u0645\u06cc\u06ba \u0633\u0631\u0641\u06c1\u0631\u0633\u062a \u06c1\u06d2 \u062c\u0648 #Orange \ud83c\udf4a \u0628\u06cc\u0646\u0627\u0644\u0627\u0642\u0648\u0627\u0645\u06cc \u0645\u0646\u0688\u06cc \u0645\u06cc\u06ba \u0628\u06cc\u0686\u062a\u06d2 \u06c1\u06cc\u06ba \u0627\u0648\u0631 #Sargodha \u0645\u06cc\u06ba \u06cc\u06c1 \u0628\u06c1\u062a\u0631\u06cc\u0646\u2026 https://t.co/uDssAvWzaj", "is_quote_status": false, "in_reply_to_status_id": null, "reply_count": 16, "id": 1053979297243906049, "favorite_count": 361, "entities": {"user_mentions": [], "symbols": [], "hashtags": [{"indices": [9, 18], "text": "Pakistan"}, {"indices": [46, 53], "text": "Orange"}, {"indices": [91, 100], "text": "Sargodha"}], "urls": [{"url": "https://t.co/uDssAvWzaj", "indices": [116, 139], "expanded_url": "https://twitter.com/i/web/status/1053979297243906049", "display_url": "twitter.com/i/web/status/1\u2026"}]}, "retweeted": false, "coordinates": null, "source": "<a href=\"https://www.hootsuite.com\" rel=\"nofollow\">Hootsuite Inc.</a>", "in_reply_to_screen_name": null, "id_str": "1053979297243906049", "display_text_range": [0, 140], "retweet_count": 67, "in_reply_to_user_id": null, "favorited": false, "user": {"follow_request_sent": null, "profile_use_background_image": true, "default_profile_image": false, "id": 895226615130705920, "default_profile": true, "verified": false, "profile_image_url_https": "https://pbs.twimg.com/profile_images/895849141686988801/X7jEvU_3_normal.jpg", "profile_sidebar_fill_color": "DDEEF6", "profile_text_color": "333333", "followers_count": 111165, "profile_sidebar_border_color": "C0DEED", "id_str": "895226615130705920", "profile_background_color": "F5F8FA", "listed_count": 95, "profile_background_image_url_https": "", "utc_offset": null, "statuses_count": 2076, "description": "German Ambassador to Pakistan.", "friends_count": 478, "location": "Islamabad", "profile_link_color": "1DA1F2", "profile_image_url": "http://pbs.twimg.com/profile_images/895849141686988801/X7jEvU_3_normal.jpg", "following": null, "geo_enabled": true, "profile_banner_url": "https://pbs.twimg.com/profile_banners/895226615130705920/1529078832", "profile_background_image_url": "", "name": "Martin Kobler", "lang": "en", "profile_background_tile": false, "favourites_count": 2146, "screen_name": "KoblerinPAK", "notifications": null, "url": "http://www.facebook.com/GermanEmbassyIslamabad", "created_at": "Wed Aug 09 10:13:52 +0000 2017", "contributors_enabled": false, "time_zone": null, "protected": false, "translator_type": "none", "is_translator": false}, "geo": null, "in_reply_to_user_id_str": null, "possibly_sensitive": false, "lang": "ur", "extended_tweet": {"display_text_range": [0, 241], "entities": {"user_mentions": [], "symbols": [], "hashtags": [{"indices": [9, 18], "text": "Pakistan"}, {"indices": [46, 53], "text": "Orange"}, {"indices": [91, 100], "text": "Sargodha"}], "urls": [], "media": [{"expanded_url": "https://twitter.com/KoblerinPAK/status/1053979297243906049/photo/1", "display_url": "pic.twitter.com/hktde0SXdm", "url": "https://t.co/hktde0SXdm", "media_url_https": "https://pbs.twimg.com/media/DqB8lbfWoAAw-ax.jpg", "id_str": "1053979295280963584", "sizes": {"large": {"h": 1200, "resize": "fit", "w": 1600}, "small": {"h": 510, "resize": "fit", "w": 680}, "medium": {"h": 900, "resize": "fit", "w": 1200}, "thumb": {"h": 150, "resize": "crop", "w": 150}}, "indices": [242, 265], "type": "photo", "id": 1053979295280963584, "media_url": "http://pbs.twimg.com/media/DqB8lbfWoAAw-ax.jpg"}, {"expanded_url": "https://twitter.com/KoblerinPAK/status/1053979297243906049/photo/1", "display_url": "pic.twitter.com/hktde0SXdm", "url": "https://t.co/hktde0SXdm", "media_url_https": "https://pbs.twimg.com/media/DqB8la4WkAA8A4H.jpg", "id_str": "1053979295117381632", "sizes": {"small": {"h": 510, "resize": "fit", "w": 680}, "large": {"h": 1200, "resize": "fit", "w": 1600}, "medium": {"h": 900, "resize": "fit", "w": 1200}, "thumb": {"h": 150, "resize": "crop", "w": 150}}, "indices": [242, 265], "type": "photo", "id": 1053979295117381632, "media_url": "http://pbs.twimg.com/media/DqB8la4WkAA8A4H.jpg"}]}, "extended_entities": {"media": [{"expanded_url": "https://twitter.com/KoblerinPAK/status/1053979297243906049/photo/1", "display_url": "pic.twitter.com/hktde0SXdm", "url": "https://t.co/hktde0SXdm", "media_url_https": "https://pbs.twimg.com/media/DqB8lbfWoAAw-ax.jpg", "id_str": "1053979295280963584", "sizes": {"large": {"h": 1200, "resize": "fit", "w": 1600}, "small": {"h": 510, "resize": "fit", "w": 680}, "medium": {"h": 900, "resize": "fit", "w": 1200}, "thumb": {"h": 150, "resize": "crop", "w": 150}}, "indices": [242, 265], "type": "photo", "id": 1053979295280963584, "media_url": "http://pbs.twimg.com/media/DqB8lbfWoAAw-ax.jpg"}, {"expanded_url": "https://twitter.com/KoblerinPAK/status/1053979297243906049/photo/1", "display_url": "pic.twitter.com/hktde0SXdm", "url": "https://t.co/hktde0SXdm", "media_url_https": "https://pbs.twimg.com/media/DqB8la4WkAA8A4H.jpg", "id_str": "1053979295117381632", "sizes": {"small": {"h": 510, "resize": "fit", "w": 680}, "large": {"h": 1200, "resize": "fit", "w": 1600}, "medium": {"h": 900, "resize": "fit", "w": 1200}, "thumb": {"h": 150, "resize": "crop", "w": 150}}, "indices": [242, 265], "type": "photo", "id": 1053979295117381632, "media_url": "http://pbs.twimg.com/media/DqB8la4WkAA8A4H.jpg"}]}, "full_text": "\u062f\u0646\u06cc\u0627 \u0645\u06cc\u06ba #Pakistan \u0627\u0646 \u0645\u0644\u06a9\u0648\u06ba \u0645\u06cc\u06ba \u0633\u0631\u0641\u06c1\u0631\u0633\u062a \u06c1\u06d2 \u062c\u0648 #Orange \ud83c\udf4a \u0628\u06cc\u0646\u0627\u0644\u0627\u0642\u0648\u0627\u0645\u06cc \u0645\u0646\u0688\u06cc \u0645\u06cc\u06ba \u0628\u06cc\u0686\u062a\u06d2 \u06c1\u06cc\u06ba \u0627\u0648\u0631 #Sargodha \u0645\u06cc\u06ba \u06cc\u06c1 \u0628\u06c1\u062a\u0631\u06cc\u0646 \u067e\u06cc\u062f\u0627 \u06c1\u0648\u062a\u0627 \u06c1\u06d2\u06d4 \u06a9\u0626 \u0642\u0633\u0645\u06cc\u06ba \u062f\u06cc\u06a9\u06be \u06a9\u0631 \u062d\u06cc\u0631\u062a \u06c1\u0648\u0626 \u06a9\u0646\u0648 \u0645\u0627\u0644\u0679\u0627 \u0645\u0633\u0645\u06cc \u0641\u0631\u0648\u0679\u0631 \u06a9\u06be\u0679\u0627 \u0633\u0646\u06af\u062a\u0631\u0627 \u06d4\u06d4 \u0627\u0628\u06be\u06cc \u06a9\u0686\u06d2 \u06c1\u06cc\u06ba \u0645\u06cc\u06ba \u062f\u0633\u0645\u0628\u0631 \u0645\u06cc\u06ba \u0627\u0646 \u06a9\u0648 \u06a9\u06be\u0627\u0646\u06d2 \u067e\u06be\u0631 \u0622\u0648\u06ba \u06af\u0627! https://t.co/hktde0SXdm"}, "created_at": "Sun Oct 21 12:00:21 +0000 2018", "filter_level": "low", "in_reply_to_status_id_str": null, "place": null}, "user": {"follow_request_sent": null, "profile_use_background_image": true, "default_profile_image": false, "id": 2201027295, "default_profile": true, "verified": false, "profile_image_url_https": "https://pbs.twimg.com/profile_images/736896121763692544/0d4zMfnZ_normal.jpg", "profile_sidebar_fill_color": "DDEEF6", "profile_text_color": "333333", "followers_count": 1338, "profile_sidebar_border_color": "C0DEED", "id_str": "2201027295", "profile_background_color": "C0DEED", "listed_count": 8, "profile_background_image_url_https": "https://abs.twimg.com/images/themes/theme1/bg.png", "utc_offset": null, "statuses_count": 62612, "description": "I believe in Man is nothing but a beautiful jumble of habits still search in perfection of my life", "friends_count": 3102, "location": "Jeddah, Saudi Arabia", "profile_link_color": "1DA1F2", "profile_image_url": "http://pbs.twimg.com/profile_images/736896121763692544/0d4zMfnZ_normal.jpg", "following": null, "geo_enabled": true, "profile_banner_url": "https://pbs.twimg.com/profile_banners/2201027295/1416969489", "profile_background_image_url": "http://abs.twimg.com/images/themes/theme1/bg.png", "name": "\u0627\u0628\u0648\u062d\u0633\u0646", "lang": "en", "profile_background_tile": false, "favourites_count": 67430, "screen_name": "nanjum39", "notifications": null, "url": null, "created_at": "Fri Nov 29 22:38:02 +0000 2013", "contributors_enabled": false, "time_zone": null, "protected": false, "translator_type": "none", "is_translator": false}, "geo": null, "in_reply_to_user_id_str": null, "lang": "ur", "created_at": "Sun Oct 21 12:33:10 +0000 2018", "filter_level": "low", "in_reply_to_status_id_str": null, "place": null}
{"quote_count": 0, "contributors": null, "truncated": false, "text": "RT @ammarmasood3: \u0635\u062d\u0627\u0641\u06cc\u0648\u06ba \u06a9\u06d2 \u0644\u0626\u06d2 \u0645\u062d\u0641\u0648\u0638 \u0645\u0642\u0627\u0645 \u0627\u0628 \u0633\u0648\u0634\u0644 \u0645\u06cc\u0688\u06cc\u0627 \u06c1\u06cc \u0631\u06c1 \u06af\u06cc\u0627 \u06c1\u06d2\n\u06cc\u06c1\u0627\u06ba \u0641\u06cc \u0627\u0644\u062d\u0627\u0644 \u0646\u06c1 \u06a9\u0648\u0626\u06cc \u0646\u0648\u06a9\u0631\u06cc \u0633\u06d2 \u0646\u06a9\u0627\u0644 \u0633\u06a9\u062a\u0627 \u06c1\u06d2 \u0646\u06c1 \u062a\u0646\u062e\u0648\u0627\u06c1 \u06a9\u0627\u0679 \u0633\u06a9\u062a\u0627 \u06c1\u06d2 \u0627\u0648\u2026", "is_quote_status": false, "in_reply_to_status_id": null, "reply_count": 0, "id": 1053987565731266561, "favorite_count": 0, "entities": {"user_mentions": [{"id": 623939944, "indices": [3, 16], "id_str": "623939944", "screen_name": "ammarmasood3", "name": "Ammar Masood"}], "symbols": [], "hashtags": [], "urls": []}, "retweeted": false, "coordinates": null, "timestamp_ms": "1540125192469", "source": "<a href=\"http://twitter.com/download/android\" rel=\"nofollow\">Twitter for Android</a>", "in_reply_to_screen_name": null, "id_str": "1053987565731266561", "retweet_count": 0, "in_reply_to_user_id": null, "favorited": false, "retweeted_status": {"quote_count": 56, "contributors": null, "truncated": true, "text": "\u0635\u062d\u0627\u0641\u06cc\u0648\u06ba \u06a9\u06d2 \u0644\u0626\u06d2 \u0645\u062d\u0641\u0648\u0638 \u0645\u0642\u0627\u0645 \u0627\u0628 \u0633\u0648\u0634\u0644 \u0645\u06cc\u0688\u06cc\u0627 \u06c1\u06cc \u0631\u06c1 \u06af\u06cc\u0627 \u06c1\u06d2\n\u06cc\u06c1\u0627\u06ba \u0641\u06cc \u0627\u0644\u062d\u0627\u0644 \u0646\u06c1 \u06a9\u0648\u0626\u06cc \u0646\u0648\u06a9\u0631\u06cc \u0633\u06d2 \u0646\u06a9\u0627\u0644 \u0633\u06a9\u062a\u0627 \u06c1\u06d2 \u0646\u06c1 \u062a\u0646\u062e\u0648\u0627\u06c1 \u06a9\u0627\u0679 \u0633\u06a9\u062a\u0627\u2026 https://t.co/YSOQFbOYg3", "is_quote_status": false, "in_reply_to_status_id": null, "reply_count": 249, "id": 1053613693123076098, "favorite_count": 4230, "entities": {"user_mentions": [], "symbols": [], "hashtags": [], "urls": [{"url": "https://t.co/YSOQFbOYg3", "indices": [117, 140], "expanded_url": "https://twitter.com/i/web/status/1053613693123076098", "display_url": "twitter.com/i/web/status/1\u2026"}]}, "retweeted": false, "coordinates": null, "source": "<a href=\"http://twitter.com/download/iphone\" rel=\"nofollow\">Twitter for iPhone</a>", "in_reply_to_screen_name": null, "id_str": "1053613693123076098", "retweet_count": 950, "in_reply_to_user_id": null, "favorited": false, "user": {"follow_request_sent": null, "profile_use_background_image": true, "default_profile_image": false, "id": 623939944, "default_profile": true, "verified": true, "profile_image_url_https": "https://pbs.twimg.com/profile_images/993548187293159425/Yv0DOA0r_normal.jpg", "profile_sidebar_fill_color": "DDEEF6", "profile_text_color": "333333", "followers_count": 76186, "profile_sidebar_border_color": "C0DEED", "id_str": "623939944", "profile_background_color": "C0DEED", "listed_count": 150, "profile_background_image_url_https": "https://abs.twimg.com/images/themes/theme1/bg.png", "utc_offset": null, "statuses_count": 81686, "description": "Host . Raatgaye http://Ptv. Media Consultant FMR Dir 92 News FMR Dir PD Dunya Tv FMR. Dir marketing PTV,Columnist jang,Short Story writer http://www.aaap.com.pk", "friends_count": 3271, "location": "Islamabad ", "profile_link_color": "1DA1F2", "profile_image_url": "http://pbs.twimg.com/profile_images/993548187293159425/Yv0DOA0r_normal.jpg", "following": null, "geo_enabled": true, "profile_banner_url": "https://pbs.twimg.com/profile_banners/623939944/1468489664", "profile_background_image_url": "http://abs.twimg.com/images/themes/theme1/bg.png", "name": "Ammar Masood", "lang": "en", "profile_background_tile": false, "favourites_count": 109929, "screen_name": "ammarmasood3", "notifications": null, "url": "http://www.facebook.com/ammar.masood.31", "created_at": "Sun Jul 01 17:33:52 +0000 2012", "contributors_enabled": false, "time_zone": null, "protected": false, "translator_type": "none", "is_translator": false}, "geo": null, "in_reply_to_user_id_str": null, "lang": "ur", "extended_tweet": {"display_text_range": [0, 185], "entities": {"user_mentions": [], "symbols": [], "hashtags": [{"indices": [162, 171], "text": "pakistan"}, {"indices": [172, 185], "text": "chainedmedia"}], "urls": []}, "full_text": "\u0635\u062d\u0627\u0641\u06cc\u0648\u06ba \u06a9\u06d2 \u0644\u0626\u06d2 \u0645\u062d\u0641\u0648\u0638 \u0645\u0642\u0627\u0645 \u0627\u0628 \u0633\u0648\u0634\u0644 \u0645\u06cc\u0688\u06cc\u0627 \u06c1\u06cc \u0631\u06c1 \u06af\u06cc\u0627 \u06c1\u06d2\n\u06cc\u06c1\u0627\u06ba \u0641\u06cc \u0627\u0644\u062d\u0627\u0644 \u0646\u06c1 \u06a9\u0648\u0626\u06cc \u0646\u0648\u06a9\u0631\u06cc \u0633\u06d2 \u0646\u06a9\u0627\u0644 \u0633\u06a9\u062a\u0627 \u06c1\u06d2 \u0646\u06c1 \u062a\u0646\u062e\u0648\u0627\u06c1 \u06a9\u0627\u0679 \u0633\u06a9\u062a\u0627 \u06c1\u06d2 \u0627\u0648\u0631 \u0646\u06c1 \u06c1\u06cc \u0627\u0634\u0627\u0639\u062a \u067e\u0631 \u0627\u0628\u06be\u06cc \u062a\u06a9 \u06a9\u0648\u0626\u06cc \u067e\u0627\u0628\u0646\u062f\u06cc \u06c1\u06d2\n\n#pakistan #chainedmedia"}, "created_at": "Sat Oct 20 11:47:34 +0000 2018", "filter_level": "low", "in_reply_to_status_id_str": null, "place": null}, "user": {"follow_request_sent": null, "profile_use_background_image": true, "default_profile_image": false, "id": 37177835, "default_profile": true, "verified": false, "profile_image_url_https": "https://pbs.twimg.com/profile_images/980248856121298944/IwO4nyYh_normal.jpg", "profile_sidebar_fill_color": "DDEEF6", "profile_text_color": "333333", "followers_count": 186, "profile_sidebar_border_color": "C0DEED", "id_str": "37177835", "profile_background_color": "C0DEED", "listed_count": 2, "profile_background_image_url_https": "https://abs.twimg.com/images/themes/theme1/bg.png", "utc_offset": null, "statuses_count": 14781, "description": "A believer", "friends_count": 328, "location": "Karachi, Pakistan", "profile_link_color": "1DA1F2", "profile_image_url": "http://pbs.twimg.com/profile_images/980248856121298944/IwO4nyYh_normal.jpg", "following": null, "geo_enabled": true, "profile_banner_url": "https://pbs.twimg.com/profile_banners/37177835/1522544513", "profile_background_image_url": "http://abs.twimg.com/images/themes/theme1/bg.png", "name": "Abdul Qayyum", "lang": "en", "profile_background_tile": false, "favourites_count": 9114, "screen_name": "qayyumster", "notifications": null, "url": null, "created_at": "Sat May 02 10:52:01 +0000 2009", "contributors_enabled": false, "time_zone": null, "protected": false, "translator_type": "none", "is_translator": false}, "geo": null, "in_reply_to_user_id_str": null, "lang": "ur", "created_at": "Sun Oct 21 12:33:12 +0000 2018", "filter_level": "low", "in_reply_to_status_id_str": null, "place": null}
{"quote_count": 0, "contributors": null, "truncated": false, "text": "RT @KoblerinPAK: \u062f\u0646\u06cc\u0627 \u0645\u06cc\u06ba #Pakistan \u0627\u0646 \u0645\u0644\u06a9\u0648\u06ba \u0645\u06cc\u06ba \u0633\u0631\u0641\u06c1\u0631\u0633\u062a \u06c1\u06d2 \u062c\u0648 #Orange \ud83c\udf4a \u0628\u06cc\u0646\u0627\u0644\u0627\u0642\u0648\u0627\u0645\u06cc \u0645\u0646\u0688\u06cc \u0645\u06cc\u06ba \u0628\u06cc\u0686\u062a\u06d2 \u06c1\u06cc\u06ba \u0627\u0648\u0631 #Sargodha \u0645\u06cc\u06ba \u06cc\u06c1 \u0628\u06c1\u062a\u0631\u06cc\u0646 \u067e\u06cc\u062f\u0627 \u06c1\u0648\u2026", "is_quote_status": false, "in_reply_to_status_id": null, "reply_count": 0, "id": 1053987603232493569, "favorite_count": 0, "entities": {"user_mentions": [{"id": 895226615130705920, "indices": [3, 15], "id_str": "895226615130705920", "screen_name": "KoblerinPAK", "name": "Martin Kobler"}], "symbols": [], "hashtags": [{"indices": [26, 35], "text": "Pakistan"}, {"indices": [63, 70], "text": "Orange"}, {"indices": [108, 117], "text": "Sargodha"}], "urls": []}, "retweeted": false, "coordinates": null, "timestamp_ms": "1540125201410", "source": "<a href=\"http://twitter.com/download/iphone\" rel=\"nofollow\">Twitter for iPhone</a>", "in_reply_to_screen_name": null, "id_str": "1053987603232493569", "retweet_count": 0, "in_reply_to_user_id": null, "favorited": false, "retweeted_status": {"quote_count": 3, "contributors": null, "truncated": true, "text": "\u062f\u0646\u06cc\u0627 \u0645\u06cc\u06ba #Pakistan \u0627\u0646 \u0645\u0644\u06a9\u0648\u06ba \u0645\u06cc\u06ba \u0633\u0631\u0641\u06c1\u0631\u0633\u062a \u06c1\u06d2 \u062c\u0648 #Orange \ud83c\udf4a \u0628\u06cc\u0646\u0627\u0644\u0627\u0642\u0648\u0627\u0645\u06cc \u0645\u0646\u0688\u06cc \u0645\u06cc\u06ba \u0628\u06cc\u0686\u062a\u06d2 \u06c1\u06cc\u06ba \u0627\u0648\u0631 #Sargodha \u0645\u06cc\u06ba \u06cc\u06c1 \u0628\u06c1\u062a\u0631\u06cc\u0646\u2026 https://t.co/uDssAvWzaj", "is_quote_status": false, "in_reply_to_status_id": null, "reply_count": 16, "id": 1053979297243906049, "favorite_count": 362, "entities": {"user_mentions": [], "symbols": [], "hashtags": [{"indices": [9, 18], "text": "Pakistan"}, {"indices": [46, 53], "text": "Orange"}, {"indices": [91, 100], "text": "Sargodha"}], "urls": [{"url": "https://t.co/uDssAvWzaj", "indices": [116, 139], "expanded_url": "https://twitter.com/i/web/status/1053979297243906049", "display_url": "twitter.com/i/web/status/1\u2026"}]}, "retweeted": false, "coordinates": null, "source": "<a href=\"https://www.hootsuite.com\" rel=\"nofollow\">Hootsuite Inc.</a>", "in_reply_to_screen_name": null, "id_str": "1053979297243906049", "display_text_range": [0, 140], "retweet_count": 68, "in_reply_to_user_id": null, "favorited": false, "user": {"follow_request_sent": null, "profile_use_background_image": true, "default_profile_image": false, "id": 895226615130705920, "default_profile": true, "verified": false, "profile_image_url_https": "https://pbs.twimg.com/profile_images/895849141686988801/X7jEvU_3_normal.jpg", "profile_sidebar_fill_color": "DDEEF6", "profile_text_color": "333333", "followers_count": 111165, "profile_sidebar_border_color": "C0DEED", "id_str": "895226615130705920", "profile_background_color": "F5F8FA", "listed_count": 95, "profile_background_image_url_https": "", "utc_offset": null, "statuses_count": 2076, "description": "German Ambassador to Pakistan.", "friends_count": 478, "location": "Islamabad", "profile_link_color": "1DA1F2", "profile_image_url": "http://pbs.twimg.com/profile_images/895849141686988801/X7jEvU_3_normal.jpg", "following": null, "geo_enabled": true, "profile_banner_url": "https://pbs.twimg.com/profile_banners/895226615130705920/1529078832", "profile_background_image_url": "", "name": "Martin Kobler", "lang": "en", "profile_background_tile": false, "favourites_count": 2146, "screen_name": "KoblerinPAK", "notifications": null, "url": "http://www.facebook.com/GermanEmbassyIslamabad", "created_at": "Wed Aug 09 10:13:52 +0000 2017", "contributors_enabled": false, "time_zone": null, "protected": false, "translator_type": "none", "is_translator": false}, "geo": null, "in_reply_to_user_id_str": null, "possibly_sensitive": false, "lang": "ur", "extended_tweet": {"display_text_range": [0, 241], "entities": {"user_mentions": [], "symbols": [], "hashtags": [{"indices": [9, 18], "text": "Pakistan"}, {"indices": [46, 53], "text": "Orange"}, {"indices": [91, 100], "text": "Sargodha"}], "urls": [], "media": [{"expanded_url": "https://twitter.com/KoblerinPAK/status/1053979297243906049/photo/1", "display_url": "pic.twitter.com/hktde0SXdm", "url": "https://t.co/hktde0SXdm", "media_url_https": "https://pbs.twimg.com/media/DqB8lbfWoAAw-ax.jpg", "id_str": "1053979295280963584", "sizes": {"large": {"h": 1200, "resize": "fit", "w": 1600}, "small": {"h": 510, "resize": "fit", "w": 680}, "medium": {"h": 900, "resize": "fit", "w": 1200}, "thumb": {"h": 150, "resize": "crop", "w": 150}}, "indices": [242, 265], "type": "photo", "id": 1053979295280963584, "media_url": "http://pbs.twimg.com/media/DqB8lbfWoAAw-ax.jpg"}, {"expanded_url": "https://twitter.com/KoblerinPAK/status/1053979297243906049/photo/1", "display_url": "pic.twitter.com/hktde0SXdm", "url": "https://t.co/hktde0SXdm", "media_url_https": "https://pbs.twimg.com/media/DqB8la4WkAA8A4H.jpg", "id_str": "1053979295117381632", "sizes": {"small": {"h": 510, "resize": "fit", "w": 680}, "large": {"h": 1200, "resize": "fit", "w": 1600}, "medium": {"h": 900, "resize": "fit", "w": 1200}, "thumb": {"h": 150, "resize": "crop", "w": 150}}, "indices": [242, 265], "type": "photo", "id": 1053979295117381632, "media_url": "http://pbs.twimg.com/media/DqB8la4WkAA8A4H.jpg"}]}, "extended_entities": {"media": [{"expanded_url": "https://twitter.com/KoblerinPAK/status/1053979297243906049/photo/1", "display_url": "pic.twitter.com/hktde0SXdm", "url": "https://t.co/hktde0SXdm", "media_url_https": "https://pbs.twimg.com/media/DqB8lbfWoAAw-ax.jpg", "id_str": "1053979295280963584", "sizes": {"large": {"h": 1200, "resize": "fit", "w": 1600}, "small": {"h": 510, "resize": "fit", "w": 680}, "medium": {"h": 900, "resize": "fit", "w": 1200}, "thumb": {"h": 150, "resize": "crop", "w": 150}}, "indices": [242, 265], "type": "photo", "id": 1053979295280963584, "media_url": "http://pbs.twimg.com/media/DqB8lbfWoAAw-ax.jpg"}, {"expanded_url": "https://twitter.com/KoblerinPAK/status/1053979297243906049/photo/1", "display_url": "pic.twitter.com/hktde0SXdm", "url": "https://t.co/hktde0SXdm", "media_url_https": "https://pbs.twimg.com/media/DqB8la4WkAA8A4H.jpg", "id_str": "1053979295117381632", "sizes": {"small": {"h": 510, "resize": "fit", "w": 680}, "large": {"h": 1200, "resize": "fit", "w": 1600}, "medium": {"h": 900, "resize": "fit", "w": 1200}, "thumb": {"h": 150, "resize": "crop", "w": 150}}, "indices": [242, 265], "type": "photo", "id": 1053979295117381632, "media_url": "http://pbs.twimg.com/media/DqB8la4WkAA8A4H.jpg"}]}, "full_text": "\u062f\u0646\u06cc\u0627 \u0645\u06cc\u06ba #Pakistan \u0627\u0646 \u0645\u0644\u06a9\u0648\u06ba \u0645\u06cc\u06ba \u0633\u0631\u0641\u06c1\u0631\u0633\u062a \u06c1\u06d2 \u062c\u0648 #Orange \ud83c\udf4a \u0628\u06cc\u0646\u0627\u0644\u0627\u0642\u0648\u0627\u0645\u06cc \u0645\u0646\u0688\u06cc \u0645\u06cc\u06ba \u0628\u06cc\u0686\u062a\u06d2 \u06c1\u06cc\u06ba \u0627\u0648\u0631 #Sargodha \u0645\u06cc\u06ba \u06cc\u06c1 \u0628\u06c1\u062a\u0631\u06cc\u0646 \u067e\u06cc\u062f\u0627 \u06c1\u0648\u062a\u0627 \u06c1\u06d2\u06d4 \u06a9\u0626 \u0642\u0633\u0645\u06cc\u06ba \u062f\u06cc\u06a9\u06be \u06a9\u0631 \u062d\u06cc\u0631\u062a \u06c1\u0648\u0626 \u06a9\u0646\u0648 \u0645\u0627\u0644\u0679\u0627 \u0645\u0633\u0645\u06cc \u0641\u0631\u0648\u0679\u0631 \u06a9\u06be\u0679\u0627 \u0633\u0646\u06af\u062a\u0631\u0627 \u06d4\u06d4 \u0627\u0628\u06be\u06cc \u06a9\u0686\u06d2 \u06c1\u06cc\u06ba \u0645\u06cc\u06ba \u062f\u0633\u0645\u0628\u0631 \u0645\u06cc\u06ba \u0627\u0646 \u06a9\u0648 \u06a9\u06be\u0627\u0646\u06d2 \u067e\u06be\u0631 \u0622\u0648\u06ba \u06af\u0627! https://t.co/hktde0SXdm"}, "created_at": "Sun Oct 21 12:00:21 +0000 2018", "filter_level": "low", "in_reply_to_status_id_str": null, "place": null}, "user": {"follow_request_sent": null, "profile_use_background_image": true, "default_profile_image": false, "id": 1004096695838396417, "default_profile": true, "verified": false, "profile_image_url_https": "https://pbs.twimg.com/profile_images/1051904257774034945/k-kELaSp_normal.jpg", "profile_sidebar_fill_color": "DDEEF6", "profile_text_color": "333333", "followers_count": 383, "profile_sidebar_border_color": "C0DEED", "id_str": "1004096695838396417", "profile_background_color": "F5F8FA", "listed_count": 0, "profile_background_image_url_https": "", "utc_offset": null, "statuses_count": 8150, "description": "\u0633\u06cc\u0646\u0626\u0631 \u0631\u06c1\u0646\u0645\u0627\u06ba \u067e\u0627\u06a9\u0633\u062a\u0627\u0646 \u0645\u0633\u0644\u0645 \u0644\u06cc\u06af \u0646", "friends_count": 92, "location": "Layallpur  pakistan", "profile_link_color": "1DA1F2", "profile_image_url": "http://pbs.twimg.com/profile_images/1051904257774034945/k-kELaSp_normal.jpg", "following": null, "geo_enabled": false, "profile_banner_url": "https://pbs.twimg.com/profile_banners/1004096695838396417/1534583685", "profile_background_image_url": "", "name": "\u0645\u0644\u06a9\u0627 \u062f\u0627 \u0628\u0644\u0627\u0644", "lang": "en", "profile_background_tile": false, "favourites_count": 17996, "screen_name": "MalikBilalPMLN6", "notifications": null, "url": null, "created_at": "Tue Jun 05 20:24:42 +0000 2018", "contributors_enabled": false, "time_zone": null, "protected": false, "translator_type": "none", "is_translator": false}, "geo": null, "in_reply_to_user_id_str": null, "lang": "ur", "created_at": "Sun Oct 21 12:33:21 +0000 2018", "filter_level": "low", "in_reply_to_status_id_str": null, "place": null}
{"quote_count": 0, "contributors": null, "truncated": false, "text": "RT @dave_janak: 300 KG #heroine matter :\n\n#Gujarat #ATS has picked up #terrorist Manzoor Mir from #Srinagar.\n \nHe Was instrumental in terro\u2026", "is_quote_status": false, "in_reply_to_status_id": null, "reply_count": 0, "id": 1053987645536124928, "favorite_count": 0, "entities": {"user_mentions": [{"id": 1298350543, "indices": [3, 14], "id_str": "1298350543", "screen_name": "dave_janak", "name": "Janak Dave"}], "symbols": [], "hashtags": [{"indices": [23, 31], "text": "heroine"}, {"indices": [42, 50], "text": "Gujarat"}, {"indices": [51, 55], "text": "ATS"}, {"indices": [70, 80], "text": "terrorist"}, {"indices": [98, 107], "text": "Srinagar"}], "urls": []}, "retweeted": false, "coordinates": null, "timestamp_ms": "1540125211496", "source": "<a href=\"http://twitter.com\" rel=\"nofollow\">Twitter Web Client</a>", "in_reply_to_screen_name": null, "id_str": "1053987645536124928", "retweet_count": 0, "in_reply_to_user_id": null, "favorited": false, "retweeted_status": {"quote_count": 0, "contributors": null, "truncated": true, "text": "300 KG #heroine matter :\n\n#Gujarat #ATS has picked up #terrorist Manzoor Mir from #Srinagar.\n \nHe Was instrumental\u2026 https://t.co/8kRkT9Pjy1", "is_quote_status": false, "in_reply_to_status_id": null, "reply_count": 0, "id": 1053984418266734594, "favorite_count": 1, "entities": {"user_mentions": [], "symbols": [], "hashtags": [{"indices": [7, 15], "text": "heroine"}, {"indices": [26, 34], "text": "Gujarat"}, {"indices": [35, 39], "text": "ATS"}, {"indices": [54, 64], "text": "terrorist"}, {"indices": [82, 91], "text": "Srinagar"}], "urls": [{"url": "https://t.co/8kRkT9Pjy1", "indices": [116, 139], "expanded_url": "https://twitter.com/i/web/status/1053984418266734594", "display_url": "twitter.com/i/web/status/1\u2026"}]}, "retweeted": false, "coordinates": null, "source": "<a href=\"http://twitter.com/download/android\" rel=\"nofollow\">Twitter for Android</a>", "in_reply_to_screen_name": null, "id_str": "1053984418266734594", "retweet_count": 1, "in_reply_to_user_id": null, "favorited": false, "user": {"follow_request_sent": null, "profile_use_background_image": true, "default_profile_image": false, "id": 1298350543, "default_profile": true, "verified": true, "profile_image_url_https": "https://pbs.twimg.com/profile_images/1016994379410628609/sfxjrEKV_normal.jpg", "profile_sidebar_fill_color": "DDEEF6", "profile_text_color": "333333", "followers_count": 16305, "profile_sidebar_border_color": "C0DEED", "id_str": "1298350543", "profile_background_color": "C0DEED", "listed_count": 95, "profile_background_image_url_https": "https://abs.twimg.com/images/themes/theme1/bg.png", "utc_offset": null, "statuses_count": 10359, "description": "Bureau Chief,\n@News18India,\n                                          TV Broadcast Journalist, Ahmedabad,Tweets r personal, re-tweets not.", "friends_count": 1162, "location": "Gujarat, India", "profile_link_color": "1DA1F2", "profile_image_url": "http://pbs.twimg.com/profile_images/1016994379410628609/sfxjrEKV_normal.jpg", "following": null, "geo_enabled": true, "profile_banner_url": "https://pbs.twimg.com/profile_banners/1298350543/1521479627", "profile_background_image_url": "http://abs.twimg.com/images/themes/theme1/bg.png", "name": "Janak Dave", "lang": "en", "profile_background_tile": false, "favourites_count": 10942, "screen_name": "dave_janak", "notifications": null, "url": "http://news18india.com", "created_at": "Mon Mar 25 08:31:00 +0000 2013", "contributors_enabled": false, "time_zone": null, "protected": false, "translator_type": "none", "is_translator": false}, "geo": null, "in_reply_to_user_id_str": null, "lang": "en", "extended_tweet": {"display_text_range": [0, 258], "entities": {"user_mentions": [{"id": 3492240913, "indices": [207, 217], "id_str": "3492240913", "screen_name": "NIA_India", "name": "NIA India"}, {"id": 953531755138437120, "indices": [218, 229], "id_str": "953531755138437120", "screen_name": "dgpgujarat", "name": "DGP Gujarat"}, {"id": 4843765218, "indices": [230, 243], "id_str": "4843765218", "screen_name": "JmuKmrPolice", "name": "J&K Police"}, {"id": 710745004612792320, "indices": [244, 258], "id_str": "710745004612792320", "screen_name": "himanshu_rewa", "name": "HImanshu Shukla"}], "symbols": [], "hashtags": [{"indices": [7, 15], "text": "heroine"}, {"indices": [26, 34], "text": "Gujarat"}, {"indices": [35, 39], "text": "ATS"}, {"indices": [54, 64], "text": "terrorist"}, {"indices": [82, 91], "text": "Srinagar"}, {"indices": [152, 161], "text": "Pakistan"}, {"indices": [168, 175], "text": "terror"}, {"indices": [183, 189], "text": "JAISH"}, {"indices": [195, 204], "text": "Mohammed"}], "urls": []}, "full_text": "300 KG #heroine matter :\n\n#Gujarat #ATS has picked up #terrorist Manzoor Mir from #Srinagar.\n \nHe Was instrumental in terror finance and had links with #Pakistan based #terror outfit #JAISH -e - #Mohammed.\n\n@NIA_India @dgpgujarat @JmuKmrPolice @himanshu_rewa"}, "created_at": "Sun Oct 21 12:20:42 +0000 2018", "filter_level": "low", "in_reply_to_status_id_str": null, "place": null}, "user": {"follow_request_sent": null, "profile_use_background_image": true, "default_profile_image": false, "id": 528514106, "default_profile": false, "verified": false, "profile_image_url_https": "https://pbs.twimg.com/profile_images/807863863261528064/SzAAFFRs_normal.jpg", "profile_sidebar_fill_color": "252429", "profile_text_color": "666666", "followers_count": 7417, "profile_sidebar_border_color": "FFFFFF", "id_str": "528514106", "profile_background_color": "1A1B1F", "listed_count": 45, "profile_background_image_url_https": "https://abs.twimg.com/images/themes/theme9/bg.gif", "utc_offset": null, "statuses_count": 33334, "description": "Son Of Farmer.\nBecome a Defender of Wildlife,\nI'm Not Afraid Of The Truth. \nActivism for a Save Nature & Clean Environment.\nLive in Great Gujarat", "friends_count": 7341, "location": "Junagadh Gujarat", "profile_link_color": "5E686B", "profile_image_url": "http://pbs.twimg.com/profile_images/807863863261528064/SzAAFFRs_normal.jpg", "following": null, "geo_enabled": true, "profile_banner_url": "https://pbs.twimg.com/profile_banners/528514106/1534747263", "profile_background_image_url": "http://abs.twimg.com/images/themes/theme9/bg.gif", "name": "Mukeshh\u2122", "lang": "en", "profile_background_tile": false, "favourites_count": 43754, "screen_name": "MpKhunt", "notifications": null, "url": "https://www.youtube.com/user/khuntmukesh?sub_confirmation=1", "created_at": "Sun Mar 18 13:25:59 +0000 2012", "contributors_enabled": false, "time_zone": null, "protected": false, "translator_type": "none", "is_translator": false}, "geo": null, "in_reply_to_user_id_str": null, "lang": "en", "created_at": "Sun Oct 21 12:33:31 +0000 2018", "filter_level": "low", "in_reply_to_status_id_str": null, "place": null}
{"quote_count": 0, "contributors": null, "truncated": false, "text": "#Dawn Polling ends for second round of by-polls on NA-247, PS-111, PK-71\n https://t.co/wJNB99TslV #Pakistan", "is_quote_status": false, "in_reply_to_status_id": null, "reply_count": 0, "id": 1053987646085718016, "favorite_count": 0, "source": "<a href=\"https://ifttt.com\" rel=\"nofollow\">IFTTT</a>", "retweeted": false, "coordinates": null, "timestamp_ms": "1540125211627", "entities": {"user_mentions": [], "symbols": [], "hashtags": [{"indices": [0, 5], "text": "Dawn"}, {"indices": [98, 107], "text": "Pakistan"}], "urls": [{"url": "https://t.co/wJNB99TslV", "indices": [74, 97], "expanded_url": "https://ift.tt/2PLFkuo", "display_url": "ift.tt/2PLFkuo"}]}, "in_reply_to_screen_name": null, "id_str": "1053987646085718016", "retweet_count": 0, "in_reply_to_user_id": null, "favorited": false, "user": {"follow_request_sent": null, "profile_use_background_image": true, "default_profile_image": false, "id": 3418333109, "default_profile": false, "verified": false, "profile_image_url_https": "https://pbs.twimg.com/profile_images/987960841118142465/0HWWLRMe_normal.jpg", "profile_sidebar_fill_color": "000000", "profile_text_color": "000000", "followers_count": 607, "profile_sidebar_border_color": "000000", "id_str": "3418333109", "profile_background_color": "C0DEED", "listed_count": 56, "profile_background_image_url_https": "https://abs.twimg.com/images/themes/theme1/bg.png", "utc_offset": null, "statuses_count": 126545, "description": "\ud83c\uddf5\ud83c\uddf0 Researcher| Focus on Pakistan| COI| RT's and links are not endorsements| Views are my own", "friends_count": 616, "location": "Brussels", "profile_link_color": "1B95E0", "profile_image_url": "http://pbs.twimg.com/profile_images/987960841118142465/0HWWLRMe_normal.jpg", "following": null, "geo_enabled": false, "profile_banner_url": "https://pbs.twimg.com/profile_banners/3418333109/1524382427", "profile_background_image_url": "http://abs.twimg.com/images/themes/theme1/bg.png", "name": "Eye On Pakistan", "lang": "en", "profile_background_tile": false, "favourites_count": 906, "screen_name": "Eye_on_Pakistan", "notifications": null, "url": null, "created_at": "Wed Aug 12 17:04:01 +0000 2015", "contributors_enabled": false, "time_zone": null, "protected": false, "translator_type": "none", "is_translator": false}, "geo": null, "in_reply_to_user_id_str": null, "possibly_sensitive": false, "lang": "en", "created_at": "Sun Oct 21 12:33:31 +0000 2018", "filter_level": "low", "in_reply_to_status_id_str": null, "place": null}
{"quote_count": 0, "contributors": null, "truncated": false, "text": "RT @mhashimazam: LIVE: Father of the #Mohajir Nation QeT #AltafHussain live from London - ... https://t.co/ZsU3fVrQW0 #MQM #Pakistan", "is_quote_status": false, "in_reply_to_status_id": null, "reply_count": 0, "id": 1053987695360466946, "favorite_count": 0, "entities": {"user_mentions": [{"id": 375362815, "indices": [3, 15], "id_str": "375362815", "screen_name": "mhashimazam", "name": "Hashim Azam"}], "symbols": [], "hashtags": [{"indices": [37, 45], "text": "Mohajir"}, {"indices": [57, 70], "text": "AltafHussain"}, {"indices": [118, 122], "text": "MQM"}, {"indices": [123, 132], "text": "Pakistan"}], "urls": [{"url": "https://t.co/ZsU3fVrQW0", "indices": [94, 117], "expanded_url": "https://youtu.be/zHlG6BRKtOM", "display_url": "youtu.be/zHlG6BRKtOM"}]}, "retweeted": false, "coordinates": null, "timestamp_ms": "1540125223375", "source": "<a href=\"http://twitter.com/download/android\" rel=\"nofollow\">Twitter for Android</a>", "in_reply_to_screen_name": null, "id_str": "1053987695360466946", "retweet_count": 0, "in_reply_to_user_id": null, "favorited": false, "retweeted_status": {"quote_count": 0, "contributors": null, "truncated": false, "text": "LIVE: Father of the #Mohajir Nation QeT #AltafHussain live from London - ... https://t.co/ZsU3fVrQW0 #MQM #Pakistan", "is_quote_status": false, "in_reply_to_status_id": null, "reply_count": 0, "id": 1053983969920868352, "favorite_count": 1, "source": "<a href=\"http://twitter.com/download/iphone\" rel=\"nofollow\">Twitter for iPhone</a>", "retweeted": false, "coordinates": null, "entities": {"user_mentions": [], "symbols": [], "hashtags": [{"indices": [20, 28], "text": "Mohajir"}, {"indices": [40, 53], "text": "AltafHussain"}, {"indices": [101, 105], "text": "MQM"}, {"indices": [106, 115], "text": "Pakistan"}], "urls": [{"url": "https://t.co/ZsU3fVrQW0", "indices": [77, 100], "expanded_url": "https://youtu.be/zHlG6BRKtOM", "display_url": "youtu.be/zHlG6BRKtOM"}]}, "in_reply_to_screen_name": null, "id_str": "1053983969920868352", "retweet_count": 1, "in_reply_to_user_id": null, "favorited": false, "user": {"follow_request_sent": null, "profile_use_background_image": true, "default_profile_image": false, "id": 375362815, "default_profile": false, "verified": false, "profile_image_url_https": "https://pbs.twimg.com/profile_images/987689016307920897/3NYQJgTs_normal.jpg", "profile_sidebar_fill_color": "DAECF4", "profile_text_color": "663B12", "followers_count": 4984, "profile_sidebar_border_color": "C6E2EE", "id_str": "375362815", "profile_background_color": "C6E2EE", "listed_count": 22, "profile_background_image_url_https": "https://abs.twimg.com/images/themes/theme2/bg.gif", "utc_offset": null, "statuses_count": 36739, "description": "Organiser MQM United Kingdom, Realistic And Practical - Rts Aren't Endorsement But Reflect Point Of View.", "friends_count": 914, "location": "London / Karachi", "profile_link_color": "1F98C7", "profile_image_url": "http://pbs.twimg.com/profile_images/987689016307920897/3NYQJgTs_normal.jpg", "following": null, "geo_enabled": true, "profile_banner_url": "https://pbs.twimg.com/profile_banners/375362815/1439658813", "profile_background_image_url": "http://abs.twimg.com/images/themes/theme2/bg.gif", "name": "Hashim Azam", "lang": "en", "profile_background_tile": false, "favourites_count": 3489, "screen_name": "mhashimazam", "notifications": null, "url": "http://www.mqm.org", "created_at": "Sun Sep 18 00:34:17 +0000 2011", "contributors_enabled": false, "time_zone": null, "protected": false, "translator_type": "regular", "is_translator": false}, "geo": null, "in_reply_to_user_id_str": null, "possibly_sensitive": false, "lang": "en", "created_at": "Sun Oct 21 12:18:55 +0000 2018", "filter_level": "low", "in_reply_to_status_id_str": null, "place": null}, "user": {"follow_request_sent": null, "profile_use_background_image": true, "default_profile_image": false, "id": 940915036939317248, "default_profile": true, "verified": false, "profile_image_url_https": "https://pbs.twimg.com/profile_images/974195608365031424/A_qEObIM_normal.jpg", "profile_sidebar_fill_color": "DDEEF6", "profile_text_color": "333333", "followers_count": 200, "profile_sidebar_border_color": "C0DEED", "id_str": "940915036939317248", "profile_background_color": "F5F8FA", "listed_count": 0, "profile_background_image_url_https": "", "utc_offset": null, "statuses_count": 13500, "description": "always thinking for self improvement", "friends_count": 436, "location": "Karachi", "profile_link_color": "1DA1F2", "profile_image_url": "http://pbs.twimg.com/profile_images/974195608365031424/A_qEObIM_normal.jpg", "following": null, "geo_enabled": false, "profile_background_image_url": "", "name": "kamal khan", "lang": "en", "profile_background_tile": false, "favourites_count": 34918, "screen_name": "kamalcapricon", "notifications": null, "url": null, "created_at": "Wed Dec 13 12:03:20 +0000 2017", "contributors_enabled": false, "time_zone": null, "protected": false, "translator_type": "none", "is_translator": false}, "geo": null, "in_reply_to_user_id_str": null, "possibly_sensitive": false, "lang": "en", "created_at": "Sun Oct 21 12:33:43 +0000 2018", "filter_level": "low", "in_reply_to_status_id_str": null, "place": null}
