{"quote_count": 0, "quoted_status_permalink": {"url": "https://t.co/Mr1a8rw1CT", "expanded": "https://twitter.com/TSKGnkur/status/1048536839370526720", "display": "twitter.com/TSKGnkur/statu\u2026"}, "contributors": null, "truncated": false, "text": "RT @TrEmbIslamabad: Turkish F-16s are on their way to #Pakistan for joint  military exercise \"ACES Meet-2018\" with Pakistani #Airforces whi\u2026", "is_quote_status": true, "in_reply_to_status_id": null, "reply_count": 0, "id": 1048627247249334273, "favorite_count": 0, "entities": {"user_mentions": [{"id": 475899564, "indices": [3, 18], "id_str": "475899564", "screen_name": "TrEmbIslamabad", "name": "Turkish Embassy in Islamabad"}], "symbols": [], "hashtags": [{"indices": [54, 63], "text": "Pakistan"}, {"indices": [125, 135], "text": "Airforces"}], "urls": []}, "quoted_status_id": 1048536839370526720, "retweeted": false, "coordinates": null, "timestamp_ms": "1538847192953", "quoted_status": {"quote_count": 2, "contributors": null, "truncated": true, "text": "ACES Meet-2018 Tatbikat\u0131na kat\u0131lmak \u00fczere havalanan u\u00e7aklar\u0131m\u0131z g\u00fczerg\u00e2h \u00fczerinde yak\u0131t ikmali yaparken.\u2026 https://t.co/fx5ueHu4yH", "is_quote_status": false, "in_reply_to_status_id": null, "reply_count": 4, "id": 1048536839370526720, "favorite_count": 823, "entities": {"user_mentions": [], "symbols": [], "hashtags": [], "urls": [{"url": "https://t.co/fx5ueHu4yH", "indices": [106, 129], "expanded_url": "https://twitter.com/i/web/status/1048536839370526720", "display_url": "twitter.com/i/web/status/1\u2026"}]}, "retweeted": false, "coordinates": null, "source": "<a href=\"http://twitter.com\" rel=\"nofollow\">Twitter Web Client</a>", "in_reply_to_screen_name": null, "id_str": "1048536839370526720", "display_text_range": [0, 140], "retweet_count": 100, "in_reply_to_user_id": null, "favorited": false, "user": {"follow_request_sent": null, "profile_use_background_image": false, "default_profile_image": false, "id": 772694821840519168, "default_profile": false, "verified": true, "profile_image_url_https": "https://pbs.twimg.com/profile_images/895962129702014976/V3SR6H-m_normal.jpg", "profile_sidebar_fill_color": "000000", "profile_text_color": "000000", "followers_count": 346871, "profile_sidebar_border_color": "000000", "id_str": "772694821840519168", "profile_background_color": "000000", "listed_count": 403, "profile_background_image_url_https": "https://abs.twimg.com/images/themes/theme1/bg.png", "utc_offset": null, "statuses_count": 2699, "description": "T\u00fcrk Silahl\u0131 Kuvvetleri Resm\u00ee Hesab\u0131d\u0131r.\nhttp://t.co/STbuBLYvej\nhttp://t.co/phuXixbMYh https://t.co/nIAKelgX3Q https://t.co/JEOSFnu4s1", "friends_count": 3, "location": null, "profile_link_color": "1B95E0", "profile_image_url": "http://pbs.twimg.com/profile_images/895962129702014976/V3SR6H-m_normal.jpg", "following": null, "geo_enabled": false, "profile_banner_url": "https://pbs.twimg.com/profile_banners/772694821840519168/1501144698", "profile_background_image_url": "http://abs.twimg.com/images/themes/theme1/bg.png", "name": "TSK", "lang": "tr", "profile_background_tile": false, "favourites_count": 0, "screen_name": "TSKGnkur", "notifications": null, "url": "http://www.tsk.tr", "created_at": "Mon Sep 05 07:16:16 +0000 2016", "contributors_enabled": false, "time_zone": null, "protected": false, "translator_type": "none", "is_translator": false}, "geo": null, "in_reply_to_user_id_str": null, "possibly_sensitive": false, "lang": "tr", "extended_tweet": {"display_text_range": [0, 128], "entities": {"user_mentions": [], "symbols": [], "hashtags": [], "urls": [{"url": "https://t.co/yTJDvD6mvx", "indices": [105, 128], "expanded_url": "https://www.tsk.tr/Home/Detay/1520", "display_url": "tsk.tr/Home/Detay/1520"}], "media": [{"expanded_url": "https://twitter.com/TSKGnkur/status/1048536839370526720/photo/1", "display_url": "pic.twitter.com/ETzZfBT3L2", "url": "https://t.co/ETzZfBT3L2", "media_url_https": "https://pbs.twimg.com/media/Do0mjQAWwAA2FT3.jpg", "id_str": "1048536675280928768", "sizes": {"small": {"h": 510, "resize": "fit", "w": 680}, "large": {"h": 1200, "resize": "fit", "w": 1600}, "medium": {"h": 900, "resize": "fit", "w": 1200}, "thumb": {"h": 150, "resize": "crop", "w": 150}}, "indices": [129, 152], "type": "photo", "id": 1048536675280928768, "media_url": "http://pbs.twimg.com/media/Do0mjQAWwAA2FT3.jpg"}]}, "extended_entities": {"media": [{"expanded_url": "https://twitter.com/TSKGnkur/status/1048536839370526720/photo/1", "display_url": "pic.twitter.com/ETzZfBT3L2", "url": "https://t.co/ETzZfBT3L2", "media_url_https": "https://pbs.twimg.com/media/Do0mjQAWwAA2FT3.jpg", "id_str": "1048536675280928768", "sizes": {"small": {"h": 510, "resize": "fit", "w": 680}, "large": {"h": 1200, "resize": "fit", "w": 1600}, "medium": {"h": 900, "resize": "fit", "w": 1200}, "thumb": {"h": 150, "resize": "crop", "w": 150}}, "indices": [129, 152], "type": "photo", "id": 1048536675280928768, "media_url": "http://pbs.twimg.com/media/Do0mjQAWwAA2FT3.jpg"}]}, "full_text": "ACES Meet-2018 Tatbikat\u0131na kat\u0131lmak \u00fczere havalanan u\u00e7aklar\u0131m\u0131z g\u00fczerg\u00e2h \u00fczerinde yak\u0131t ikmali yaparken.\nhttps://t.co/yTJDvD6mvx https://t.co/ETzZfBT3L2"}, "created_at": "Sat Oct 06 11:33:58 +0000 2018", "filter_level": "low", "in_reply_to_status_id_str": null, "place": null}, "source": "<a href=\"http://twitter.com\" rel=\"nofollow\">Twitter Web Client</a>", "in_reply_to_screen_name": null, "id_str": "1048627247249334273", "retweet_count": 0, "in_reply_to_user_id": null, "favorited": false, "retweeted_status": {"quote_count": 0, "quoted_status_permalink": {"url": "https://t.co/Mr1a8rw1CT", "expanded": "https://twitter.com/TSKGnkur/status/1048536839370526720", "display": "twitter.com/TSKGnkur/statu\u2026"}, "contributors": null, "truncated": true, "text": "Turkish F-16s are on their way to #Pakistan for joint  military exercise \"ACES Meet-2018\" with Pakistani #Airforces\u2026 https://t.co/VHQQ7gkf8H", "is_quote_status": true, "in_reply_to_status_id": null, "reply_count": 4, "id": 1048616551828606976, "favorite_count": 31, "entities": {"user_mentions": [], "symbols": [], "hashtags": [{"indices": [34, 43], "text": "Pakistan"}, {"indices": [105, 115], "text": "Airforces"}], "urls": [{"url": "https://t.co/VHQQ7gkf8H", "indices": [117, 140], "expanded_url": "https://twitter.com/i/web/status/1048616551828606976", "display_url": "twitter.com/i/web/status/1\u2026"}]}, "quoted_status_id": 1048536839370526720, "retweeted": false, "coordinates": null, "quoted_status": {"quote_count": 2, "contributors": null, "truncated": true, "text": "ACES Meet-2018 Tatbikat\u0131na kat\u0131lmak \u00fczere havalanan u\u00e7aklar\u0131m\u0131z g\u00fczerg\u00e2h \u00fczerinde yak\u0131t ikmali yaparken.\u2026 https://t.co/fx5ueHu4yH", "is_quote_status": false, "in_reply_to_status_id": null, "reply_count": 4, "id": 1048536839370526720, "favorite_count": 823, "entities": {"user_mentions": [], "symbols": [], "hashtags": [], "urls": [{"url": "https://t.co/fx5ueHu4yH", "indices": [106, 129], "expanded_url": "https://twitter.com/i/web/status/1048536839370526720", "display_url": "twitter.com/i/web/status/1\u2026"}]}, "retweeted": false, "coordinates": null, "source": "<a href=\"http://twitter.com\" rel=\"nofollow\">Twitter Web Client</a>", "in_reply_to_screen_name": null, "id_str": "1048536839370526720", "display_text_range": [0, 140], "retweet_count": 100, "in_reply_to_user_id": null, "favorited": false, "user": {"follow_request_sent": null, "profile_use_background_image": false, "default_profile_image": false, "id": 772694821840519168, "default_profile": false, "verified": true, "profile_image_url_https": "https://pbs.twimg.com/profile_images/895962129702014976/V3SR6H-m_normal.jpg", "profile_sidebar_fill_color": "000000", "profile_text_color": "000000", "followers_count": 346871, "profile_sidebar_border_color": "000000", "id_str": "772694821840519168", "profile_background_color": "000000", "listed_count": 403, "profile_background_image_url_https": "https://abs.twimg.com/images/themes/theme1/bg.png", "utc_offset": null, "statuses_count": 2699, "description": "T\u00fcrk Silahl\u0131 Kuvvetleri Resm\u00ee Hesab\u0131d\u0131r.\nhttp://t.co/STbuBLYvej\nhttp://t.co/phuXixbMYh https://t.co/nIAKelgX3Q https://t.co/JEOSFnu4s1", "friends_count": 3, "location": null, "profile_link_color": "1B95E0", "profile_image_url": "http://pbs.twimg.com/profile_images/895962129702014976/V3SR6H-m_normal.jpg", "following": null, "geo_enabled": false, "profile_banner_url": "https://pbs.twimg.com/profile_banners/772694821840519168/1501144698", "profile_background_image_url": "http://abs.twimg.com/images/themes/theme1/bg.png", "name": "TSK", "lang": "tr", "profile_background_tile": false, "favourites_count": 0, "screen_name": "TSKGnkur", "notifications": null, "url": "http://www.tsk.tr", "created_at": "Mon Sep 05 07:16:16 +0000 2016", "contributors_enabled": false, "time_zone": null, "protected": false, "translator_type": "none", "is_translator": false}, "geo": null, "in_reply_to_user_id_str": null, "possibly_sensitive": false, "lang": "tr", "extended_tweet": {"display_text_range": [0, 128], "entities": {"user_mentions": [], "symbols": [], "hashtags": [], "urls": [{"url": "https://t.co/yTJDvD6mvx", "indices": [105, 128], "expanded_url": "https://www.tsk.tr/Home/Detay/1520", "display_url": "tsk.tr/Home/Detay/1520"}], "media": [{"expanded_url": "https://twitter.com/TSKGnkur/status/1048536839370526720/photo/1", "display_url": "pic.twitter.com/ETzZfBT3L2", "url": "https://t.co/ETzZfBT3L2", "media_url_https": "https://pbs.twimg.com/media/Do0mjQAWwAA2FT3.jpg", "id_str": "1048536675280928768", "sizes": {"small": {"h": 510, "resize": "fit", "w": 680}, "large": {"h": 1200, "resize": "fit", "w": 1600}, "medium": {"h": 900, "resize": "fit", "w": 1200}, "thumb": {"h": 150, "resize": "crop", "w": 150}}, "indices": [129, 152], "type": "photo", "id": 1048536675280928768, "media_url": "http://pbs.twimg.com/media/Do0mjQAWwAA2FT3.jpg"}]}, "extended_entities": {"media": [{"expanded_url": "https://twitter.com/TSKGnkur/status/1048536839370526720/photo/1", "display_url": "pic.twitter.com/ETzZfBT3L2", "url": "https://t.co/ETzZfBT3L2", "media_url_https": "https://pbs.twimg.com/media/Do0mjQAWwAA2FT3.jpg", "id_str": "1048536675280928768", "sizes": {"small": {"h": 510, "resize": "fit", "w": 680}, "large": {"h": 1200, "resize": "fit", "w": 1600}, "medium": {"h": 900, "resize": "fit", "w": 1200}, "thumb": {"h": 150, "resize": "crop", "w": 150}}, "indices": [129, 152], "type": "photo", "id": 1048536675280928768, "media_url": "http://pbs.twimg.com/media/Do0mjQAWwAA2FT3.jpg"}]}, "full_text": "ACES Meet-2018 Tatbikat\u0131na kat\u0131lmak \u00fczere havalanan u\u00e7aklar\u0131m\u0131z g\u00fczerg\u00e2h \u00fczerinde yak\u0131t ikmali yaparken.\nhttps://t.co/yTJDvD6mvx https://t.co/ETzZfBT3L2"}, "created_at": "Sat Oct 06 11:33:58 +0000 2018", "filter_level": "low", "in_reply_to_status_id_str": null, "place": null}, "source": "<a href=\"http://twitter.com/download/android\" rel=\"nofollow\">Twitter for Android</a>", "in_reply_to_screen_name": null, "id_str": "1048616551828606976", "display_text_range": [0, 140], "retweet_count": 17, "in_reply_to_user_id": null, "favorited": false, "user": {"follow_request_sent": null, "profile_use_background_image": true, "default_profile_image": false, "id": 475899564, "default_profile": true, "verified": false, "profile_image_url_https": "https://pbs.twimg.com/profile_images/1785059658/Turkish_Embassy_Logo_reasonably_small_normal.jpg", "profile_sidebar_fill_color": "DDEEF6", "profile_text_color": "333333", "followers_count": 6872, "profile_sidebar_border_color": "C0DEED", "id_str": "475899564", "profile_background_color": "C0DEED", "listed_count": 35, "profile_background_image_url_https": "https://abs.twimg.com/images/themes/theme1/bg.png", "utc_offset": null, "statuses_count": 3710, "description": "Embassy of the Republic of Turkey in Islamabad", "friends_count": 85, "location": "Pakistan", "profile_link_color": "1DA1F2", "profile_image_url": "http://pbs.twimg.com/profile_images/1785059658/Turkish_Embassy_Logo_reasonably_small_normal.jpg", "following": null, "geo_enabled": true, "profile_banner_url": "https://pbs.twimg.com/profile_banners/475899564/1514963834", "profile_background_image_url": "http://abs.twimg.com/images/themes/theme1/bg.png", "name": "Turkish Embassy in Islamabad", "lang": "tr", "profile_background_tile": false, "favourites_count": 118, "screen_name": "TrEmbIslamabad", "notifications": null, "url": "http://islamabad.emb.mfa.gov.tr/", "created_at": "Fri Jan 27 15:18:29 +0000 2012", "contributors_enabled": false, "time_zone": null, "protected": false, "translator_type": "none", "is_translator": false}, "geo": null, "in_reply_to_user_id_str": null, "possibly_sensitive": false, "lang": "en", "extended_tweet": {"display_text_range": [0, 200], "entities": {"user_mentions": [], "symbols": [], "hashtags": [{"indices": [34, 43], "text": "Pakistan"}, {"indices": [105, 115], "text": "Airforces"}, {"indices": [156, 165], "text": "Sargodha"}, {"indices": [167, 178], "text": "JazakAllah"}, {"indices": [179, 200], "text": "PakTurkDostiZindabad"}], "urls": [{"url": "https://t.co/Mr1a8rw1CT", "indices": [201, 224], "expanded_url": "https://twitter.com/TSKGnkur/status/1048536839370526720", "display_url": "twitter.com/TSKGnkur/statu\u2026"}]}, "full_text": "Turkish F-16s are on their way to #Pakistan for joint  military exercise \"ACES Meet-2018\" with Pakistani #Airforces which will be held at Mushaf Airbase in #Sargodha. #JazakAllah #PakTurkDostiZindabad https://t.co/Mr1a8rw1CT"}, "created_at": "Sat Oct 06 16:50:42 +0000 2018", "quoted_status_id_str": "1048536839370526720", "filter_level": "low", "in_reply_to_status_id_str": null, "place": null}, "user": {"follow_request_sent": null, "profile_use_background_image": true, "default_profile_image": false, "id": 326862166, "default_profile": false, "verified": false, "profile_image_url_https": "https://pbs.twimg.com/profile_images/1039360638794047488/6l8Oe1LC_normal.jpg", "profile_sidebar_fill_color": "DDEEF6", "profile_text_color": "333333", "followers_count": 6471, "profile_sidebar_border_color": "C0DEED", "id_str": "326862166", "profile_background_color": "6495ED", "listed_count": 101, "profile_background_image_url_https": "https://abs.twimg.com/images/themes/theme1/bg.png", "utc_offset": null, "statuses_count": 11972, "description": "Interested in Security, Foreign Pol, Pol Behavior, S. Asia. I work at the Jinnah Institute. PhD student at Yale", "friends_count": 621, "location": null, "profile_link_color": "0371DF", "profile_image_url": "http://pbs.twimg.com/profile_images/1039360638794047488/6l8Oe1LC_normal.jpg", "following": null, "geo_enabled": true, "profile_banner_url": "https://pbs.twimg.com/profile_banners/326862166/1480111976", "profile_background_image_url": "http://abs.twimg.com/images/themes/theme1/bg.png", "name": "Fahd Humayun \u0641\u06c1\u062f", "lang": "en", "profile_background_tile": false, "favourites_count": 2971, "screen_name": "fahdhumayun", "notifications": null, "url": "http://thenews.com.pk/writer/fahd-humayun", "created_at": "Thu Jun 30 16:20:18 +0000 2011", "contributors_enabled": false, "time_zone": null, "protected": false, "translator_type": "none", "is_translator": false}, "geo": null, "in_reply_to_user_id_str": null, "lang": "en", "created_at": "Sat Oct 06 17:33:12 +0000 2018", "quoted_status_id_str": "1048536839370526720", "filter_level": "low", "in_reply_to_status_id_str": null, "place": null}
{"quote_count": 0, "quoted_status_permalink": {"url": "https://t.co/v1tQOktM8d", "expanded": "https://twitter.com/TOLOnews/status/1048534019456077824", "display": "twitter.com/TOLOnews/statu\u2026"}, "contributors": null, "truncated": false, "text": "RT @LinaRozbih: Afghan security forces ceased 4466 fake stickers made in #Pakistan to be used in the upcoming elections. Fraud is the main\u2026", "is_quote_status": true, "in_reply_to_status_id": null, "reply_count": 0, "id": 1048627285509558272, "favorite_count": 0, "entities": {"user_mentions": [{"id": 2784836836, "indices": [3, 14], "id_str": "2784836836", "screen_name": "LinaRozbih", "name": "Lina Rozbih"}], "symbols": [], "hashtags": [{"indices": [73, 82], "text": "Pakistan"}], "urls": []}, "quoted_status_id": 1048534019456077824, "retweeted": false, "coordinates": null, "timestamp_ms": "1538847202075", "quoted_status": {"quote_count": 2, "contributors": null, "truncated": true, "text": "#\u0646\u0646\u06af\u0631\u0647\u0627\u0631 - \u0631\u06cc\u0627\u0633\u062a \u0639\u0645\u0648\u0645\u06cc \u0627\u0645\u0646\u06cc\u062a \u0645\u0644\u06cc\u060c \u0645\u06cc\u200c\u06af\u0648\u06cc\u062f \u06a9\u0647 \u0646\u06cc\u0631\u0648\u0647\u0627\u06cc \u0648\u06cc\u0698\u06c0 \u0627\u06cc\u0646 \u0646\u0647\u0627\u062f \u0686\u0647\u0627\u0631 \u062a\u0646 \u0631\u0627 \u0628\u0647 \u0627\u062a\u0647\u0627\u0645 \u062c\u0639\u0644 \u0648 \u0627\u0646\u062a\u0642\u0627\u0644 \u06f4\u06f4\u06f6\u06f6 \u0627\u0633\u062a\u06cc\u06a9\u0631 \u0627\u0646\u062a\u2026 https://t.co/1HilPvkTmC", "is_quote_status": false, "in_reply_to_status_id": null, "reply_count": 0, "id": 1048534019456077824, "favorite_count": 19, "entities": {"user_mentions": [], "symbols": [], "hashtags": [{"indices": [0, 8], "text": "\u0646\u0646\u06af\u0631\u0647\u0627\u0631"}], "urls": [{"url": "https://t.co/1HilPvkTmC", "indices": [117, 140], "expanded_url": "https://twitter.com/i/web/status/1048534019456077824", "display_url": "twitter.com/i/web/status/1\u2026"}]}, "retweeted": false, "coordinates": null, "source": "<a href=\"http://twitter.com\" rel=\"nofollow\">Twitter Web Client</a>", "in_reply_to_screen_name": null, "id_str": "1048534019456077824", "display_text_range": [0, 140], "retweet_count": 4, "in_reply_to_user_id": null, "favorited": false, "user": {"follow_request_sent": null, "profile_use_background_image": false, "default_profile_image": false, "id": 168259012, "default_profile": false, "verified": true, "profile_image_url_https": "https://pbs.twimg.com/profile_images/631385657022087169/pUHtAZOh_normal.jpg", "profile_sidebar_fill_color": "4F0202", "profile_text_color": "2268D1", "followers_count": 472622, "profile_sidebar_border_color": "000000", "id_str": "168259012", "profile_background_color": "1F1FC2", "listed_count": 1419, "profile_background_image_url_https": "https://abs.twimg.com/images/themes/theme14/bg.gif", "utc_offset": null, "statuses_count": 79703, "description": "TOLOnews is Afghanistan's first 24-hours news and current affairs television network.", "friends_count": 188, "location": "Kabul, Afghanistan", "profile_link_color": "2242B5", "profile_image_url": "http://pbs.twimg.com/profile_images/631385657022087169/pUHtAZOh_normal.jpg", "following": null, "geo_enabled": true, "profile_banner_url": "https://pbs.twimg.com/profile_banners/168259012/1535112488", "profile_background_image_url": "http://abs.twimg.com/images/themes/theme14/bg.gif", "name": "TOLOnews", "lang": "en", "profile_background_tile": false, "favourites_count": 54, "screen_name": "TOLOnews", "notifications": null, "url": "http://TOLOnews.com", "created_at": "Sun Jul 18 21:24:23 +0000 2010", "contributors_enabled": false, "time_zone": null, "protected": false, "translator_type": "none", "is_translator": false}, "geo": null, "in_reply_to_user_id_str": null, "possibly_sensitive": false, "lang": "fa", "extended_tweet": {"display_text_range": [0, 250], "entities": {"user_mentions": [], "symbols": [], "hashtags": [{"indices": [0, 8], "text": "\u0646\u0646\u06af\u0631\u0647\u0627\u0631"}], "urls": [], "media": [{"expanded_url": "https://twitter.com/TOLOnews/status/1048534019456077824/photo/1", "display_url": "pic.twitter.com/hwtIqNVaLl", "url": "https://t.co/hwtIqNVaLl", "media_url_https": "https://pbs.twimg.com/media/Do0jn7QXsAAjXFX.jpg", "id_str": "1048533457075417088", "sizes": {"small": {"h": 383, "resize": "fit", "w": 680}, "large": {"h": 720, "resize": "fit", "w": 1280}, "medium": {"h": 675, "resize": "fit", "w": 1200}, "thumb": {"h": 150, "resize": "crop", "w": 150}}, "indices": [251, 274], "type": "photo", "id": 1048533457075417088, "media_url": "http://pbs.twimg.com/media/Do0jn7QXsAAjXFX.jpg"}, {"expanded_url": "https://twitter.com/TOLOnews/status/1048534019456077824/photo/1", "display_url": "pic.twitter.com/hwtIqNVaLl", "url": "https://t.co/hwtIqNVaLl", "media_url_https": "https://pbs.twimg.com/media/Do0jn7VXoAA_065.jpg", "id_str": "1048533457096384512", "sizes": {"small": {"h": 383, "resize": "fit", "w": 680}, "large": {"h": 720, "resize": "fit", "w": 1280}, "medium": {"h": 675, "resize": "fit", "w": 1200}, "thumb": {"h": 150, "resize": "crop", "w": 150}}, "indices": [251, 274], "type": "photo", "id": 1048533457096384512, "media_url": "http://pbs.twimg.com/media/Do0jn7VXoAA_065.jpg"}, {"expanded_url": "https://twitter.com/TOLOnews/status/1048534019456077824/photo/1", "display_url": "pic.twitter.com/hwtIqNVaLl", "url": "https://t.co/hwtIqNVaLl", "media_url_https": "https://pbs.twimg.com/media/Do0kBYrXkAAuzzL.jpg", "id_str": "1048533894470012928", "sizes": {"large": {"h": 720, "resize": "fit", "w": 1280}, "small": {"h": 383, "resize": "fit", "w": 680}, "medium": {"h": 675, "resize": "fit", "w": 1200}, "thumb": {"h": 150, "resize": "crop", "w": 150}}, "indices": [251, 274], "type": "photo", "id": 1048533894470012928, "media_url": "http://pbs.twimg.com/media/Do0kBYrXkAAuzzL.jpg"}]}, "extended_entities": {"media": [{"expanded_url": "https://twitter.com/TOLOnews/status/1048534019456077824/photo/1", "display_url": "pic.twitter.com/hwtIqNVaLl", "url": "https://t.co/hwtIqNVaLl", "media_url_https": "https://pbs.twimg.com/media/Do0jn7QXsAAjXFX.jpg", "id_str": "1048533457075417088", "sizes": {"small": {"h": 383, "resize": "fit", "w": 680}, "large": {"h": 720, "resize": "fit", "w": 1280}, "medium": {"h": 675, "resize": "fit", "w": 1200}, "thumb": {"h": 150, "resize": "crop", "w": 150}}, "indices": [251, 274], "type": "photo", "id": 1048533457075417088, "media_url": "http://pbs.twimg.com/media/Do0jn7QXsAAjXFX.jpg"}, {"expanded_url": "https://twitter.com/TOLOnews/status/1048534019456077824/photo/1", "display_url": "pic.twitter.com/hwtIqNVaLl", "url": "https://t.co/hwtIqNVaLl", "media_url_https": "https://pbs.twimg.com/media/Do0jn7VXoAA_065.jpg", "id_str": "1048533457096384512", "sizes": {"small": {"h": 383, "resize": "fit", "w": 680}, "large": {"h": 720, "resize": "fit", "w": 1280}, "medium": {"h": 675, "resize": "fit", "w": 1200}, "thumb": {"h": 150, "resize": "crop", "w": 150}}, "indices": [251, 274], "type": "photo", "id": 1048533457096384512, "media_url": "http://pbs.twimg.com/media/Do0jn7VXoAA_065.jpg"}, {"expanded_url": "https://twitter.com/TOLOnews/status/1048534019456077824/photo/1", "display_url": "pic.twitter.com/hwtIqNVaLl", "url": "https://t.co/hwtIqNVaLl", "media_url_https": "https://pbs.twimg.com/media/Do0kBYrXkAAuzzL.jpg", "id_str": "1048533894470012928", "sizes": {"large": {"h": 720, "resize": "fit", "w": 1280}, "small": {"h": 383, "resize": "fit", "w": 680}, "medium": {"h": 675, "resize": "fit", "w": 1200}, "thumb": {"h": 150, "resize": "crop", "w": 150}}, "indices": [251, 274], "type": "photo", "id": 1048533894470012928, "media_url": "http://pbs.twimg.com/media/Do0kBYrXkAAuzzL.jpg"}]}, "full_text": "#\u0646\u0646\u06af\u0631\u0647\u0627\u0631 - \u0631\u06cc\u0627\u0633\u062a \u0639\u0645\u0648\u0645\u06cc \u0627\u0645\u0646\u06cc\u062a \u0645\u0644\u06cc\u060c \u0645\u06cc\u200c\u06af\u0648\u06cc\u062f \u06a9\u0647 \u0646\u06cc\u0631\u0648\u0647\u0627\u06cc \u0648\u06cc\u0698\u06c0 \u0627\u06cc\u0646 \u0646\u0647\u0627\u062f \u0686\u0647\u0627\u0631 \u062a\u0646 \u0631\u0627 \u0628\u0647 \u0627\u062a\u0647\u0627\u0645 \u062c\u0639\u0644 \u0648 \u0627\u0646\u062a\u0642\u0627\u0644 \u06f4\u06f4\u06f6\u06f6 \u0627\u0633\u062a\u06cc\u06a9\u0631 \u0627\u0646\u062a\u062e\u0627\u0628\u0627\u062a\u06cc\u060c \u0627\u0632 \u0634\u0647\u0631\u06a9 \u062a\u0648\u0631\u062e\u0645 \u0648\u0644\u0627\u06cc\u062a \u0646\u0646\u06af\u0631\u0647\u0627\u0631 \u0628\u0627\u0632\u062f\u0627\u0634\u062a \u06a9\u0631\u062f\u0647 \u0627\u0646\u062f.  \u0627\u06cc\u0646 \u0631\u06cc\u0627\u0633\u062a\u200c\u060c \u0645\u06cc\u200c\u06af\u0648\u06cc\u062f \u06a9\u0647 \u0627\u06cc\u0646 \u0627\u0641\u0631\u0627\u062f \u0645\u06cc\u200c\u062e\u0648\u0627\u0633\u062a\u0646\u062f \u0627\u06cc\u0646 \u0627\u0633\u062a\u06cc\u06a9\u0631\u0647\u0627\u0631\u0627 \u0628\u0647 \u06a9\u0627\u0628\u0644 \u0627\u0646\u062a\u0642\u0627\u0644 \u0628\u062f\u0647\u0646\u062f. https://t.co/hwtIqNVaLl"}, "created_at": "Sat Oct 06 11:22:45 +0000 2018", "filter_level": "low", "in_reply_to_status_id_str": null, "place": null}, "source": "<a href=\"http://twitter.com/download/iphone\" rel=\"nofollow\">Twitter for iPhone</a>", "in_reply_to_screen_name": null, "id_str": "1048627285509558272", "retweet_count": 0, "in_reply_to_user_id": null, "favorited": false, "retweeted_status": {"quote_count": 0, "quoted_status_permalink": {"url": "https://t.co/v1tQOktM8d", "expanded": "https://twitter.com/TOLOnews/status/1048534019456077824", "display": "twitter.com/TOLOnews/statu\u2026"}, "contributors": null, "truncated": true, "text": "Afghan security forces ceased 4466 fake stickers made in #Pakistan to be used in the upcoming elections. Fraud is t\u2026 https://t.co/Ln7i5zL9jw", "is_quote_status": true, "in_reply_to_status_id": null, "reply_count": 0, "id": 1048625959723835392, "favorite_count": 1, "entities": {"user_mentions": [], "symbols": [], "hashtags": [{"indices": [57, 66], "text": "Pakistan"}], "urls": [{"url": "https://t.co/Ln7i5zL9jw", "indices": [117, 140], "expanded_url": "https://twitter.com/i/web/status/1048625959723835392", "display_url": "twitter.com/i/web/status/1\u2026"}]}, "quoted_status_id": 1048534019456077824, "retweeted": false, "coordinates": null, "quoted_status": {"quote_count": 2, "contributors": null, "truncated": true, "text": "#\u0646\u0646\u06af\u0631\u0647\u0627\u0631 - \u0631\u06cc\u0627\u0633\u062a \u0639\u0645\u0648\u0645\u06cc \u0627\u0645\u0646\u06cc\u062a \u0645\u0644\u06cc\u060c \u0645\u06cc\u200c\u06af\u0648\u06cc\u062f \u06a9\u0647 \u0646\u06cc\u0631\u0648\u0647\u0627\u06cc \u0648\u06cc\u0698\u06c0 \u0627\u06cc\u0646 \u0646\u0647\u0627\u062f \u0686\u0647\u0627\u0631 \u062a\u0646 \u0631\u0627 \u0628\u0647 \u0627\u062a\u0647\u0627\u0645 \u062c\u0639\u0644 \u0648 \u0627\u0646\u062a\u0642\u0627\u0644 \u06f4\u06f4\u06f6\u06f6 \u0627\u0633\u062a\u06cc\u06a9\u0631 \u0627\u0646\u062a\u2026 https://t.co/1HilPvkTmC", "is_quote_status": false, "in_reply_to_status_id": null, "reply_count": 0, "id": 1048534019456077824, "favorite_count": 19, "entities": {"user_mentions": [], "symbols": [], "hashtags": [{"indices": [0, 8], "text": "\u0646\u0646\u06af\u0631\u0647\u0627\u0631"}], "urls": [{"url": "https://t.co/1HilPvkTmC", "indices": [117, 140], "expanded_url": "https://twitter.com/i/web/status/1048534019456077824", "display_url": "twitter.com/i/web/status/1\u2026"}]}, "retweeted": false, "coordinates": null, "source": "<a href=\"http://twitter.com\" rel=\"nofollow\">Twitter Web Client</a>", "in_reply_to_screen_name": null, "id_str": "1048534019456077824", "display_text_range": [0, 140], "retweet_count": 4, "in_reply_to_user_id": null, "favorited": false, "user": {"follow_request_sent": null, "profile_use_background_image": false, "default_profile_image": false, "id": 168259012, "default_profile": false, "verified": true, "profile_image_url_https": "https://pbs.twimg.com/profile_images/631385657022087169/pUHtAZOh_normal.jpg", "profile_sidebar_fill_color": "4F0202", "profile_text_color": "2268D1", "followers_count": 472622, "profile_sidebar_border_color": "000000", "id_str": "168259012", "profile_background_color": "1F1FC2", "listed_count": 1419, "profile_background_image_url_https": "https://abs.twimg.com/images/themes/theme14/bg.gif", "utc_offset": null, "statuses_count": 79703, "description": "TOLOnews is Afghanistan's first 24-hours news and current affairs television network.", "friends_count": 188, "location": "Kabul, Afghanistan", "profile_link_color": "2242B5", "profile_image_url": "http://pbs.twimg.com/profile_images/631385657022087169/pUHtAZOh_normal.jpg", "following": null, "geo_enabled": true, "profile_banner_url": "https://pbs.twimg.com/profile_banners/168259012/1535112488", "profile_background_image_url": "http://abs.twimg.com/images/themes/theme14/bg.gif", "name": "TOLOnews", "lang": "en", "profile_background_tile": false, "favourites_count": 54, "screen_name": "TOLOnews", "notifications": null, "url": "http://TOLOnews.com", "created_at": "Sun Jul 18 21:24:23 +0000 2010", "contributors_enabled": false, "time_zone": null, "protected": false, "translator_type": "none", "is_translator": false}, "geo": null, "in_reply_to_user_id_str": null, "possibly_sensitive": false, "lang": "fa", "extended_tweet": {"display_text_range": [0, 250], "entities": {"user_mentions": [], "symbols": [], "hashtags": [{"indices": [0, 8], "text": "\u0646\u0646\u06af\u0631\u0647\u0627\u0631"}], "urls": [], "media": [{"expanded_url": "https://twitter.com/TOLOnews/status/1048534019456077824/photo/1", "display_url": "pic.twitter.com/hwtIqNVaLl", "url": "https://t.co/hwtIqNVaLl", "media_url_https": "https://pbs.twimg.com/media/Do0jn7QXsAAjXFX.jpg", "id_str": "1048533457075417088", "sizes": {"small": {"h": 383, "resize": "fit", "w": 680}, "large": {"h": 720, "resize": "fit", "w": 1280}, "medium": {"h": 675, "resize": "fit", "w": 1200}, "thumb": {"h": 150, "resize": "crop", "w": 150}}, "indices": [251, 274], "type": "photo", "id": 1048533457075417088, "media_url": "http://pbs.twimg.com/media/Do0jn7QXsAAjXFX.jpg"}, {"expanded_url": "https://twitter.com/TOLOnews/status/1048534019456077824/photo/1", "display_url": "pic.twitter.com/hwtIqNVaLl", "url": "https://t.co/hwtIqNVaLl", "media_url_https": "https://pbs.twimg.com/media/Do0jn7VXoAA_065.jpg", "id_str": "1048533457096384512", "sizes": {"small": {"h": 383, "resize": "fit", "w": 680}, "large": {"h": 720, "resize": "fit", "w": 1280}, "medium": {"h": 675, "resize": "fit", "w": 1200}, "thumb": {"h": 150, "resize": "crop", "w": 150}}, "indices": [251, 274], "type": "photo", "id": 1048533457096384512, "media_url": "http://pbs.twimg.com/media/Do0jn7VXoAA_065.jpg"}, {"expanded_url": "https://twitter.com/TOLOnews/status/1048534019456077824/photo/1", "display_url": "pic.twitter.com/hwtIqNVaLl", "url": "https://t.co/hwtIqNVaLl", "media_url_https": "https://pbs.twimg.com/media/Do0kBYrXkAAuzzL.jpg", "id_str": "1048533894470012928", "sizes": {"large": {"h": 720, "resize": "fit", "w": 1280}, "small": {"h": 383, "resize": "fit", "w": 680}, "medium": {"h": 675, "resize": "fit", "w": 1200}, "thumb": {"h": 150, "resize": "crop", "w": 150}}, "indices": [251, 274], "type": "photo", "id": 1048533894470012928, "media_url": "http://pbs.twimg.com/media/Do0kBYrXkAAuzzL.jpg"}]}, "extended_entities": {"media": [{"expanded_url": "https://twitter.com/TOLOnews/status/1048534019456077824/photo/1", "display_url": "pic.twitter.com/hwtIqNVaLl", "url": "https://t.co/hwtIqNVaLl", "media_url_https": "https://pbs.twimg.com/media/Do0jn7QXsAAjXFX.jpg", "id_str": "1048533457075417088", "sizes": {"small": {"h": 383, "resize": "fit", "w": 680}, "large": {"h": 720, "resize": "fit", "w": 1280}, "medium": {"h": 675, "resize": "fit", "w": 1200}, "thumb": {"h": 150, "resize": "crop", "w": 150}}, "indices": [251, 274], "type": "photo", "id": 1048533457075417088, "media_url": "http://pbs.twimg.com/media/Do0jn7QXsAAjXFX.jpg"}, {"expanded_url": "https://twitter.com/TOLOnews/status/1048534019456077824/photo/1", "display_url": "pic.twitter.com/hwtIqNVaLl", "url": "https://t.co/hwtIqNVaLl", "media_url_https": "https://pbs.twimg.com/media/Do0jn7VXoAA_065.jpg", "id_str": "1048533457096384512", "sizes": {"small": {"h": 383, "resize": "fit", "w": 680}, "large": {"h": 720, "resize": "fit", "w": 1280}, "medium": {"h": 675, "resize": "fit", "w": 1200}, "thumb": {"h": 150, "resize": "crop", "w": 150}}, "indices": [251, 274], "type": "photo", "id": 1048533457096384512, "media_url": "http://pbs.twimg.com/media/Do0jn7VXoAA_065.jpg"}, {"expanded_url": "https://twitter.com/TOLOnews/status/1048534019456077824/photo/1", "display_url": "pic.twitter.com/hwtIqNVaLl", "url": "https://t.co/hwtIqNVaLl", "media_url_https": "https://pbs.twimg.com/media/Do0kBYrXkAAuzzL.jpg", "id_str": "1048533894470012928", "sizes": {"large": {"h": 720, "resize": "fit", "w": 1280}, "small": {"h": 383, "resize": "fit", "w": 680}, "medium": {"h": 675, "resize": "fit", "w": 1200}, "thumb": {"h": 150, "resize": "crop", "w": 150}}, "indices": [251, 274], "type": "photo", "id": 1048533894470012928, "media_url": "http://pbs.twimg.com/media/Do0kBYrXkAAuzzL.jpg"}]}, "full_text": "#\u0646\u0646\u06af\u0631\u0647\u0627\u0631 - \u0631\u06cc\u0627\u0633\u062a \u0639\u0645\u0648\u0645\u06cc \u0627\u0645\u0646\u06cc\u062a \u0645\u0644\u06cc\u060c \u0645\u06cc\u200c\u06af\u0648\u06cc\u062f \u06a9\u0647 \u0646\u06cc\u0631\u0648\u0647\u0627\u06cc \u0648\u06cc\u0698\u06c0 \u0627\u06cc\u0646 \u0646\u0647\u0627\u062f \u0686\u0647\u0627\u0631 \u062a\u0646 \u0631\u0627 \u0628\u0647 \u0627\u062a\u0647\u0627\u0645 \u062c\u0639\u0644 \u0648 \u0627\u0646\u062a\u0642\u0627\u0644 \u06f4\u06f4\u06f6\u06f6 \u0627\u0633\u062a\u06cc\u06a9\u0631 \u0627\u0646\u062a\u062e\u0627\u0628\u0627\u062a\u06cc\u060c \u0627\u0632 \u0634\u0647\u0631\u06a9 \u062a\u0648\u0631\u062e\u0645 \u0648\u0644\u0627\u06cc\u062a \u0646\u0646\u06af\u0631\u0647\u0627\u0631 \u0628\u0627\u0632\u062f\u0627\u0634\u062a \u06a9\u0631\u062f\u0647 \u0627\u0646\u062f.  \u0627\u06cc\u0646 \u0631\u06cc\u0627\u0633\u062a\u200c\u060c \u0645\u06cc\u200c\u06af\u0648\u06cc\u062f \u06a9\u0647 \u0627\u06cc\u0646 \u0627\u0641\u0631\u0627\u062f \u0645\u06cc\u200c\u062e\u0648\u0627\u0633\u062a\u0646\u062f \u0627\u06cc\u0646 \u0627\u0633\u062a\u06cc\u06a9\u0631\u0647\u0627\u0631\u0627 \u0628\u0647 \u06a9\u0627\u0628\u0644 \u0627\u0646\u062a\u0642\u0627\u0644 \u0628\u062f\u0647\u0646\u062f. https://t.co/hwtIqNVaLl"}, "created_at": "Sat Oct 06 11:22:45 +0000 2018", "filter_level": "low", "in_reply_to_status_id_str": null, "place": null}, "source": "<a href=\"http://twitter.com/download/android\" rel=\"nofollow\">Twitter for Android</a>", "in_reply_to_screen_name": null, "id_str": "1048625959723835392", "display_text_range": [0, 140], "retweet_count": 1, "in_reply_to_user_id": null, "favorited": false, "user": {"follow_request_sent": null, "profile_use_background_image": false, "default_profile_image": false, "id": 2784836836, "default_profile": false, "verified": false, "profile_image_url_https": "https://pbs.twimg.com/profile_images/1037823657203167233/f_958DQ1_normal.jpg", "profile_sidebar_fill_color": "000000", "profile_text_color": "000000", "followers_count": 10793, "profile_sidebar_border_color": "000000", "id_str": "2784836836", "profile_background_color": "000000", "listed_count": 34, "profile_background_image_url_https": "https://abs.twimg.com/images/themes/theme1/bg.png", "utc_offset": null, "statuses_count": 4230, "description": "TV News Anchor & Correspondent at Voice of America.\rPoet & Author. Tweets are my view.", "friends_count": 459, "location": "Washington, D.C.", "profile_link_color": "ABB8C2", "profile_image_url": "http://pbs.twimg.com/profile_images/1037823657203167233/f_958DQ1_normal.jpg", "following": null, "geo_enabled": false, "profile_banner_url": "https://pbs.twimg.com/profile_banners/2784836836/1474248224", "profile_background_image_url": "http://abs.twimg.com/images/themes/theme1/bg.png", "name": "Lina Rozbih", "lang": "en", "profile_background_tile": false, "favourites_count": 310, "screen_name": "LinaRozbih", "notifications": null, "url": "https://www.facebook.com/pages/Lina-Rozbih-Haidari/346453785286", "created_at": "Fri Sep 26 02:32:22 +0000 2014", "contributors_enabled": false, "time_zone": null, "protected": false, "translator_type": "none", "is_translator": false}, "geo": null, "in_reply_to_user_id_str": null, "possibly_sensitive": false, "lang": "en", "extended_tweet": {"display_text_range": [0, 183], "entities": {"user_mentions": [], "symbols": [], "hashtags": [{"indices": [57, 66], "text": "Pakistan"}, {"indices": [171, 183], "text": "AFGHANISTAN"}], "urls": [{"url": "https://t.co/v1tQOktM8d", "indices": [184, 207], "expanded_url": "https://twitter.com/TOLOnews/status/1048534019456077824", "display_url": "twitter.com/TOLOnews/statu\u2026"}]}, "full_text": "Afghan security forces ceased 4466 fake stickers made in #Pakistan to be used in the upcoming elections. Fraud is the main concern of Afghans in the upcoming elections in #AFGHANISTAN https://t.co/v1tQOktM8d"}, "created_at": "Sat Oct 06 17:28:05 +0000 2018", "quoted_status_id_str": "1048534019456077824", "filter_level": "low", "in_reply_to_status_id_str": null, "place": null}, "user": {"follow_request_sent": null, "profile_use_background_image": true, "default_profile_image": false, "id": 984834222, "default_profile": true, "verified": false, "profile_image_url_https": "https://pbs.twimg.com/profile_images/977934650420035584/sHB3K-To_normal.jpg", "profile_sidebar_fill_color": "DDEEF6", "profile_text_color": "333333", "followers_count": 186, "profile_sidebar_border_color": "C0DEED", "id_str": "984834222", "profile_background_color": "C0DEED", "listed_count": 16, "profile_background_image_url_https": "https://abs.twimg.com/images/themes/theme1/bg.png", "utc_offset": null, "statuses_count": 13658, "description": null, "friends_count": 159, "location": null, "profile_link_color": "1DA1F2", "profile_image_url": "http://pbs.twimg.com/profile_images/977934650420035584/sHB3K-To_normal.jpg", "following": null, "geo_enabled": false, "profile_banner_url": "https://pbs.twimg.com/profile_banners/984834222/1506099285", "profile_background_image_url": "http://abs.twimg.com/images/themes/theme1/bg.png", "name": "Najla Dayani Ludin", "lang": "en", "profile_background_tile": false, "favourites_count": 8759, "screen_name": "Najla_Ludin", "notifications": null, "url": null, "created_at": "Sun Dec 02 15:39:37 +0000 2012", "contributors_enabled": false, "time_zone": null, "protected": false, "translator_type": "none", "is_translator": false}, "geo": null, "in_reply_to_user_id_str": null, "lang": "en", "created_at": "Sat Oct 06 17:33:22 +0000 2018", "quoted_status_id_str": "1048534019456077824", "filter_level": "low", "in_reply_to_status_id_str": null, "place": null}
{"quote_count": 0, "contributors": null, "truncated": false, "text": "RT @pamirtimes: BREAKING: Armed plainclothed policeman shot dead in Darel Valley of District #Diamir. Shots fired by \"security forces mista\u2026", "is_quote_status": false, "in_reply_to_status_id": null, "reply_count": 0, "id": 1048627308209348608, "favorite_count": 0, "entities": {"user_mentions": [{"id": 17647512, "indices": [3, 14], "id_str": "17647512", "screen_name": "pamirtimes", "name": "PAMIR TIMES \u2122"}], "symbols": [], "hashtags": [{"indices": [93, 100], "text": "Diamir"}], "urls": []}, "retweeted": false, "coordinates": null, "timestamp_ms": "1538847207487", "source": "<a href=\"http://twitter.com/download/android\" rel=\"nofollow\">Twitter for Android</a>", "in_reply_to_screen_name": null, "id_str": "1048627308209348608", "retweet_count": 0, "in_reply_to_user_id": null, "favorited": false, "retweeted_status": {"quote_count": 0, "contributors": null, "truncated": true, "text": "BREAKING: Armed plainclothed policeman shot dead in Darel Valley of District #Diamir. Shots fired by \"security forc\u2026 https://t.co/1pDoIDpdJC", "is_quote_status": false, "in_reply_to_status_id": null, "reply_count": 0, "id": 1048626301345681408, "favorite_count": 1, "entities": {"user_mentions": [], "symbols": [], "hashtags": [{"indices": [77, 84], "text": "Diamir"}], "urls": [{"url": "https://t.co/1pDoIDpdJC", "indices": [117, 140], "expanded_url": "https://twitter.com/i/web/status/1048626301345681408", "display_url": "twitter.com/i/web/status/1\u2026"}]}, "retweeted": false, "coordinates": null, "source": "<a href=\"http://twitter.com\" rel=\"nofollow\">Twitter Web Client</a>", "in_reply_to_screen_name": null, "id_str": "1048626301345681408", "display_text_range": [0, 140], "retweet_count": 1, "in_reply_to_user_id": null, "favorited": false, "user": {"follow_request_sent": null, "profile_use_background_image": true, "default_profile_image": false, "id": 17647512, "default_profile": false, "verified": false, "profile_image_url_https": "https://pbs.twimg.com/profile_images/875699478824722432/sfSMVTD4_normal.jpg", "profile_sidebar_fill_color": "DAECF4", "profile_text_color": "663B12", "followers_count": 6813, "profile_sidebar_border_color": "FFFFFF", "id_str": "17647512", "profile_background_color": "FFFFFF", "listed_count": 79, "profile_background_image_url_https": "https://abs.twimg.com/images/themes/theme2/bg.gif", "utc_offset": null, "statuses_count": 32748, "description": "Voices of the Mountain Communities", "friends_count": 35, "location": "Hunza", "profile_link_color": "4A913C", "profile_image_url": "http://pbs.twimg.com/profile_images/875699478824722432/sfSMVTD4_normal.jpg", "following": null, "geo_enabled": false, "profile_banner_url": "https://pbs.twimg.com/profile_banners/17647512/1506758992", "profile_background_image_url": "http://abs.twimg.com/images/themes/theme2/bg.gif", "name": "PAMIR TIMES \u2122", "lang": "en", "profile_background_tile": false, "favourites_count": 75, "screen_name": "pamirtimes", "notifications": null, "url": "http://www.pamirtimes.net", "created_at": "Wed Nov 26 11:12:43 +0000 2008", "contributors_enabled": false, "time_zone": null, "protected": false, "translator_type": "none", "is_translator": false}, "geo": null, "in_reply_to_user_id_str": null, "possibly_sensitive": false, "lang": "en", "extended_tweet": {"display_text_range": [0, 180], "entities": {"user_mentions": [], "symbols": [], "hashtags": [{"indices": [77, 84], "text": "Diamir"}, {"indices": [154, 170], "text": "GilgitBaltistan"}, {"indices": [171, 180], "text": "Pakistan"}], "urls": [], "media": [{"expanded_url": "https://twitter.com/pamirtimes/status/1048626301345681408/photo/1", "display_url": "pic.twitter.com/0x2Q6PfGNR", "url": "https://t.co/0x2Q6PfGNR", "media_url_https": "https://pbs.twimg.com/media/Do12YT-UYAA2fBL.jpg", "id_str": "1048624448297787392", "sizes": {"small": {"h": 680, "resize": "fit", "w": 678}, "large": {"h": 960, "resize": "fit", "w": 957}, "medium": {"h": 960, "resize": "fit", "w": 957}, "thumb": {"h": 150, "resize": "crop", "w": 150}}, "indices": [181, 204], "type": "photo", "id": 1048624448297787392, "media_url": "http://pbs.twimg.com/media/Do12YT-UYAA2fBL.jpg"}]}, "extended_entities": {"media": [{"expanded_url": "https://twitter.com/pamirtimes/status/1048626301345681408/photo/1", "display_url": "pic.twitter.com/0x2Q6PfGNR", "url": "https://t.co/0x2Q6PfGNR", "media_url_https": "https://pbs.twimg.com/media/Do12YT-UYAA2fBL.jpg", "id_str": "1048624448297787392", "sizes": {"small": {"h": 680, "resize": "fit", "w": 678}, "large": {"h": 960, "resize": "fit", "w": 957}, "medium": {"h": 960, "resize": "fit", "w": 957}, "thumb": {"h": 150, "resize": "crop", "w": 150}}, "indices": [181, 204], "type": "photo", "id": 1048624448297787392, "media_url": "http://pbs.twimg.com/media/Do12YT-UYAA2fBL.jpg"}]}, "full_text": "BREAKING: Armed plainclothed policeman shot dead in Darel Valley of District #Diamir. Shots fired by \"security forces mistakenly\", say local journalists. #GilgitBaltistan #Pakistan https://t.co/0x2Q6PfGNR"}, "created_at": "Sat Oct 06 17:29:27 +0000 2018", "filter_level": "low", "in_reply_to_status_id_str": null, "place": null}, "user": {"follow_request_sent": null, "profile_use_background_image": true, "default_profile_image": false, "id": 876869449558523905, "default_profile": true, "verified": false, "profile_image_url_https": "https://pbs.twimg.com/profile_images/1040663890269556737/j_J3datu_normal.jpg", "profile_sidebar_fill_color": "DDEEF6", "profile_text_color": "333333", "followers_count": 70, "profile_sidebar_border_color": "C0DEED", "id_str": "876869449558523905", "profile_background_color": "F5F8FA", "listed_count": 0, "profile_background_image_url_https": "", "utc_offset": null, "statuses_count": 1718, "description": "Nationalist", "friends_count": 270, "location": "GilGit Baltistan", "profile_link_color": "1DA1F2", "profile_image_url": "http://pbs.twimg.com/profile_images/1040663890269556737/j_J3datu_normal.jpg", "following": null, "geo_enabled": false, "profile_banner_url": "https://pbs.twimg.com/profile_banners/876869449558523905/1498774681", "profile_background_image_url": "", "name": "Hassnain Kazmi", "lang": "en", "profile_background_tile": false, "favourites_count": 6672, "screen_name": "HassnainKazmi5", "notifications": null, "url": null, "created_at": "Mon Jun 19 18:29:03 +0000 2017", "contributors_enabled": false, "time_zone": null, "protected": false, "translator_type": "none", "is_translator": false}, "geo": null, "in_reply_to_user_id_str": null, "lang": "en", "created_at": "Sat Oct 06 17:33:27 +0000 2018", "filter_level": "low", "in_reply_to_status_id_str": null, "place": null}
{"quote_count": 0, "contributors": null, "truncated": false, "text": "RT @Rabipirzada: \u067e\u0627\u06a9\u0633\u062a\u0627\u0646 \u0645\u06cc\u06ba \u0644\u0691\u06a9\u0648\u06ba \u06a9\u0648 \u067e\u06cc\u062f\u0627 \u06c1\u0648\u062a\u06d2 \u06c1\u06cc \u0633\u0645\u062c\u06be\u0627 \u062f\u06cc\u0627 \u062c\u0627\u062a\u0627 \u06c1\u06d2 \u06a9\u06c1 \u06a9\u0645\u0627 \u06a9\u0631 \u062f\u06cc\u0646\u0627 \u06cc\u06d2\u06d4 \u062c\u0628\u06a9\u06c1 \u067e\u0627\u06a9\u0633\u062a\u0627\u0646 \u0645\u06cc\u06ba \u0628\u06d2 \u0631\u0648\u0632\u06af\u0627\u0631\u06cc \u06a9\u06cc \u0634\u0631\u062d \u0628\u06c1\u062a \u0630\u06cc\u0627\u062f\u06c1 \u06c1\u06d2 \u06d4 \u0645\u2026", "is_quote_status": false, "in_reply_to_status_id": null, "reply_count": 0, "id": 1048627321169764353, "favorite_count": 0, "entities": {"user_mentions": [{"id": 263864861, "indices": [3, 15], "id_str": "263864861", "screen_name": "Rabipirzada", "name": "Rabi Pirzada"}], "symbols": [], "hashtags": [], "urls": []}, "retweeted": false, "coordinates": null, "timestamp_ms": "1538847210577", "source": "<a href=\"http://twitter.com/download/android\" rel=\"nofollow\">Twitter for Android</a>", "in_reply_to_screen_name": null, "id_str": "1048627321169764353", "retweet_count": 0, "in_reply_to_user_id": null, "favorited": false, "retweeted_status": {"quote_count": 6, "contributors": null, "truncated": true, "text": "\u067e\u0627\u06a9\u0633\u062a\u0627\u0646 \u0645\u06cc\u06ba \u0644\u0691\u06a9\u0648\u06ba \u06a9\u0648 \u067e\u06cc\u062f\u0627 \u06c1\u0648\u062a\u06d2 \u06c1\u06cc \u0633\u0645\u062c\u06be\u0627 \u062f\u06cc\u0627 \u062c\u0627\u062a\u0627 \u06c1\u06d2 \u06a9\u06c1 \u06a9\u0645\u0627 \u06a9\u0631 \u062f\u06cc\u0646\u0627 \u06cc\u06d2\u06d4 \u062c\u0628\u06a9\u06c1 \u067e\u0627\u06a9\u0633\u062a\u0627\u0646 \u0645\u06cc\u06ba \u0628\u06d2 \u0631\u0648\u0632\u06af\u0627\u0631\u06cc \u06a9\u06cc \u0634\u0631\u062d \u0628\u06c1\u062a \u0630\u06cc\u0627\u062f\u06c1\u2026 https://t.co/truq0wUv8M", "is_quote_status": false, "in_reply_to_status_id": null, "reply_count": 55, "id": 1048604734184153089, "favorite_count": 266, "entities": {"user_mentions": [], "symbols": [], "hashtags": [], "urls": [{"url": "https://t.co/truq0wUv8M", "indices": [117, 140], "expanded_url": "https://twitter.com/i/web/status/1048604734184153089", "display_url": "twitter.com/i/web/status/1\u2026"}]}, "retweeted": false, "coordinates": null, "source": "<a href=\"http://twitter.com/download/android\" rel=\"nofollow\">Twitter for Android</a>", "in_reply_to_screen_name": null, "id_str": "1048604734184153089", "display_text_range": [0, 140], "retweet_count": 34, "in_reply_to_user_id": null, "favorited": false, "user": {"follow_request_sent": null, "profile_use_background_image": true, "default_profile_image": false, "id": 263864861, "default_profile": false, "verified": true, "profile_image_url_https": "https://pbs.twimg.com/profile_images/1043901224041558016/zVSC__dm_normal.jpg", "profile_sidebar_fill_color": "DDEEF6", "profile_text_color": "333333", "followers_count": 59716, "profile_sidebar_border_color": "C0DEED", "id_str": "263864861", "profile_background_color": "C0DEED", "listed_count": 103, "profile_background_image_url_https": "https://abs.twimg.com/images/themes/theme1/bg.png", "utc_offset": null, "statuses_count": 4673, "description": "Pakistani Pop Singer, This is my only official twitter account #Music #Art #Acting #Modeling #Production #Travel http://facebook.com/RabiPirzadaMus\u2026", "friends_count": 27, "location": "Lahore, Pakistan", "profile_link_color": "0084B4", "profile_image_url": "http://pbs.twimg.com/profile_images/1043901224041558016/zVSC__dm_normal.jpg", "following": null, "geo_enabled": false, "profile_banner_url": "https://pbs.twimg.com/profile_banners/263864861/1530301695", "profile_background_image_url": "http://abs.twimg.com/images/themes/theme1/bg.png", "name": "Rabi Pirzada", "lang": "en", "profile_background_tile": true, "favourites_count": 15626, "screen_name": "Rabipirzada", "notifications": null, "url": "http://www.rabipirzada.net", "created_at": "Thu Mar 10 22:05:05 +0000 2011", "contributors_enabled": false, "time_zone": null, "protected": false, "translator_type": "none", "is_translator": false}, "geo": null, "in_reply_to_user_id_str": null, "possibly_sensitive": false, "lang": "ur", "extended_tweet": {"display_text_range": [0, 256], "entities": {"user_mentions": [], "symbols": [], "hashtags": [{"indices": [216, 225], "text": "rabisays"}, {"indices": [226, 239], "text": "unemployment"}, {"indices": [240, 249], "text": "pakistan"}, {"indices": [250, 256], "text": "youth"}], "urls": [], "media": [{"additional_media_info": {"monetizable": false}, "expanded_url": "https://twitter.com/Rabipirzada/status/1048604734184153089/video/1", "display_url": "pic.twitter.com/FHjAqS1jTw", "url": "https://t.co/FHjAqS1jTw", "media_url_https": "https://pbs.twimg.com/ext_tw_video_thumb/1048604490469978112/pu/img/o3NtKKGg6xATv-mp.jpg", "video_info": {"aspect_ratio": [1, 1], "duration_millis": 44941, "variants": [{"url": "https://video.twimg.com/ext_tw_video/1048604490469978112/pu/vid/240x240/AfGeLWVINCSLmveh.mp4?tag=5", "bitrate": 256000, "content_type": "video/mp4"}, {"url": "https://video.twimg.com/ext_tw_video/1048604490469978112/pu/vid/480x480/eS_bXWv-goTt8Iwc.mp4?tag=5", "bitrate": 832000, "content_type": "video/mp4"}, {"url": "https://video.twimg.com/ext_tw_video/1048604490469978112/pu/vid/720x720/2ELVNR67zks6cd4T.mp4?tag=5", "bitrate": 1280000, "content_type": "video/mp4"}, {"url": "https://video.twimg.com/ext_tw_video/1048604490469978112/pu/pl/ircfHuQZv3-_c0S0.m3u8?tag=5", "content_type": "application/x-mpegURL"}]}, "id_str": "1048604490469978112", "sizes": {"small": {"h": 680, "resize": "fit", "w": 680}, "large": {"h": 720, "resize": "fit", "w": 720}, "medium": {"h": 720, "resize": "fit", "w": 720}, "thumb": {"h": 150, "resize": "crop", "w": 150}}, "indices": [257, 280], "type": "video", "id": 1048604490469978112, "media_url": "http://pbs.twimg.com/ext_tw_video_thumb/1048604490469978112/pu/img/o3NtKKGg6xATv-mp.jpg"}]}, "extended_entities": {"media": [{"additional_media_info": {"monetizable": false}, "expanded_url": "https://twitter.com/Rabipirzada/status/1048604734184153089/video/1", "display_url": "pic.twitter.com/FHjAqS1jTw", "url": "https://t.co/FHjAqS1jTw", "media_url_https": "https://pbs.twimg.com/ext_tw_video_thumb/1048604490469978112/pu/img/o3NtKKGg6xATv-mp.jpg", "video_info": {"aspect_ratio": [1, 1], "duration_millis": 44941, "variants": [{"url": "https://video.twimg.com/ext_tw_video/1048604490469978112/pu/vid/240x240/AfGeLWVINCSLmveh.mp4?tag=5", "bitrate": 256000, "content_type": "video/mp4"}, {"url": "https://video.twimg.com/ext_tw_video/1048604490469978112/pu/vid/480x480/eS_bXWv-goTt8Iwc.mp4?tag=5", "bitrate": 832000, "content_type": "video/mp4"}, {"url": "https://video.twimg.com/ext_tw_video/1048604490469978112/pu/vid/720x720/2ELVNR67zks6cd4T.mp4?tag=5", "bitrate": 1280000, "content_type": "video/mp4"}, {"url": "https://video.twimg.com/ext_tw_video/1048604490469978112/pu/pl/ircfHuQZv3-_c0S0.m3u8?tag=5", "content_type": "application/x-mpegURL"}]}, "id_str": "1048604490469978112", "sizes": {"small": {"h": 680, "resize": "fit", "w": 680}, "large": {"h": 720, "resize": "fit", "w": 720}, "medium": {"h": 720, "resize": "fit", "w": 720}, "thumb": {"h": 150, "resize": "crop", "w": 150}}, "indices": [257, 280], "type": "video", "id": 1048604490469978112, "media_url": "http://pbs.twimg.com/ext_tw_video_thumb/1048604490469978112/pu/img/o3NtKKGg6xATv-mp.jpg"}]}, "full_text": "\u067e\u0627\u06a9\u0633\u062a\u0627\u0646 \u0645\u06cc\u06ba \u0644\u0691\u06a9\u0648\u06ba \u06a9\u0648 \u067e\u06cc\u062f\u0627 \u06c1\u0648\u062a\u06d2 \u06c1\u06cc \u0633\u0645\u062c\u06be\u0627 \u062f\u06cc\u0627 \u062c\u0627\u062a\u0627 \u06c1\u06d2 \u06a9\u06c1 \u06a9\u0645\u0627 \u06a9\u0631 \u062f\u06cc\u0646\u0627 \u06cc\u06d2\u06d4 \u062c\u0628\u06a9\u06c1 \u067e\u0627\u06a9\u0633\u062a\u0627\u0646 \u0645\u06cc\u06ba \u0628\u06d2 \u0631\u0648\u0632\u06af\u0627\u0631\u06cc \u06a9\u06cc \u0634\u0631\u062d \u0628\u06c1\u062a \u0630\u06cc\u0627\u062f\u06c1 \u06c1\u06d2 \u06d4 \u0645\u0648\u0627\u0642\u0639\u0648\u06ba \u06a9\u0627 \u0641\u0642\u062f\u0627\u0646 \u06c1\u06d2 \u06d4 \u06a9\u0645 \u067e\u06cc\u0633\u0648\u06ba \u0645\u06cc\u06ba \u0630\u06cc\u0627\u062f\u06c1 \u06a9\u0627\u0645 \u06a9\u0631\u0646\u06d2 \u0648\u0627\u0644\u06d2 \u0628\u0646\u062f\u06d2 \u0686\u0627\u06c1\u0626\u06cc\u06d2 \u0627\u0646 \u06a9\u0648\u06d4  \u0646\u0648\u062c\u0648\u0627\u0646 \u0627\u0628 \u06a9\u06cc\u0627 \u06a9\u0631\u06cc\u06ba\u061f\n#rabisays #unemployment #pakistan #youth https://t.co/FHjAqS1jTw"}, "created_at": "Sat Oct 06 16:03:45 +0000 2018", "filter_level": "low", "in_reply_to_status_id_str": null, "place": null}, "user": {"follow_request_sent": null, "profile_use_background_image": true, "default_profile_image": false, "id": 994282266699485185, "default_profile": true, "verified": false, "profile_image_url_https": "https://pbs.twimg.com/profile_images/1046657449393090560/11wLkAG9_normal.jpg", "profile_sidebar_fill_color": "DDEEF6", "profile_text_color": "333333", "followers_count": 397, "profile_sidebar_border_color": "C0DEED", "id_str": "994282266699485185", "profile_background_color": "F5F8FA", "listed_count": 0, "profile_background_image_url_https": "", "utc_offset": null, "statuses_count": 553, "description": "I m sporter of T.L.P", "friends_count": 716, "location": "Karachi, Pakistan", "profile_link_color": "1DA1F2", "profile_image_url": "http://pbs.twimg.com/profile_images/1046657449393090560/11wLkAG9_normal.jpg", "following": null, "geo_enabled": false, "profile_banner_url": "https://pbs.twimg.com/profile_banners/994282266699485185/1525986572", "profile_background_image_url": "", "name": "Khalid Mahmood bukhari", "lang": "en", "profile_background_tile": false, "favourites_count": 481, "screen_name": "KhalidM61059841", "notifications": null, "url": null, "created_at": "Wed May 09 18:25:40 +0000 2018", "contributors_enabled": false, "time_zone": null, "protected": false, "translator_type": "none", "is_translator": false}, "geo": null, "in_reply_to_user_id_str": null, "lang": "ur", "created_at": "Sat Oct 06 17:33:30 +0000 2018", "filter_level": "low", "in_reply_to_status_id_str": null, "place": null}
{"quote_count": 0, "quoted_status_permalink": {"url": "https://t.co/OiLSW3ysxn", "expanded": "https://twitter.com/AfraidCanvas/status/1048601710061608960", "display": "twitter.com/AfraidCanvas/s\u2026"}, "contributors": null, "truncated": false, "text": "RT @beenasarwar: This is not good. #Pakistan #HumanRights https://t.co/OiLSW3ysxn", "is_quote_status": true, "in_reply_to_status_id": null, "reply_count": 0, "id": 1048627332087468032, "favorite_count": 0, "entities": {"user_mentions": [{"id": 22518134, "indices": [3, 15], "id_str": "22518134", "screen_name": "beenasarwar", "name": "beena sarwar"}], "symbols": [], "hashtags": [{"indices": [35, 44], "text": "Pakistan"}, {"indices": [45, 57], "text": "HumanRights"}], "urls": [{"url": "https://t.co/OiLSW3ysxn", "indices": [58, 81], "expanded_url": "https://twitter.com/AfraidCanvas/status/1048601710061608960", "display_url": "twitter.com/AfraidCanvas/s\u2026"}]}, "quoted_status_id": 1048601710061608960, "retweeted": false, "coordinates": null, "timestamp_ms": "1538847213180", "quoted_status": {"quote_count": 4, "contributors": null, "truncated": true, "text": "Pakistan orders 18 foreign-funded NGOs out of country; most of the affected agencies deal with #HumanRights issues.\u2026 https://t.co/IMPLGjhwgl", "is_quote_status": false, "in_reply_to_status_id": null, "reply_count": 0, "id": 1048601710061608960, "favorite_count": 4, "entities": {"user_mentions": [], "symbols": [], "hashtags": [{"indices": [95, 107], "text": "HumanRights"}], "urls": [{"url": "https://t.co/IMPLGjhwgl", "indices": [117, 140], "expanded_url": "https://twitter.com/i/web/status/1048601710061608960", "display_url": "twitter.com/i/web/status/1\u2026"}]}, "retweeted": false, "coordinates": null, "source": "<a href=\"http://twitter.com\" rel=\"nofollow\">Twitter Web Client</a>", "in_reply_to_screen_name": null, "id_str": "1048601710061608960", "display_text_range": [0, 140], "retweet_count": 5, "in_reply_to_user_id": null, "favorited": false, "user": {"follow_request_sent": null, "profile_use_background_image": true, "default_profile_image": false, "id": 2661550898, "default_profile": true, "verified": false, "profile_image_url_https": "https://pbs.twimg.com/profile_images/902110215449042944/Nzj0k4ej_normal.jpg", "profile_sidebar_fill_color": "DDEEF6", "profile_text_color": "333333", "followers_count": 1035, "profile_sidebar_border_color": "C0DEED", "id_str": "2661550898", "profile_background_color": "C0DEED", "listed_count": 6, "profile_background_image_url_https": "https://abs.twimg.com/images/themes/theme1/bg.png", "utc_offset": null, "statuses_count": 640, "description": "A Cartoonist. Everyday World awakes and goes to sleep but what happens in between?  Follow to know what we are afraid to say.\n#HumanRights | #Justice | #FOE", "friends_count": 1034, "location": null, "profile_link_color": "1DA1F2", "profile_image_url": "http://pbs.twimg.com/profile_images/902110215449042944/Nzj0k4ej_normal.jpg", "following": null, "geo_enabled": false, "profile_banner_url": "https://pbs.twimg.com/profile_banners/2661550898/1515677079", "profile_background_image_url": "http://abs.twimg.com/images/themes/theme1/bg.png", "name": "Afraid Canvas", "lang": "en", "profile_background_tile": false, "favourites_count": 85, "screen_name": "AfraidCanvas", "notifications": null, "url": null, "created_at": "Sun Jul 20 03:37:30 +0000 2014", "contributors_enabled": false, "time_zone": null, "protected": false, "translator_type": "none", "is_translator": false}, "geo": null, "in_reply_to_user_id_str": null, "possibly_sensitive": false, "lang": "en", "extended_tweet": {"display_text_range": [0, 139], "entities": {"user_mentions": [], "symbols": [], "hashtags": [{"indices": [95, 107], "text": "HumanRights"}], "urls": [{"url": "https://t.co/xtIx6CbraL", "indices": [116, 139], "expanded_url": "https://www.dw.com/en/pakistan-orders-18-foreign-funded-ngos-out-of-country/a-45761398", "display_url": "dw.com/en/pakistan-or\u2026"}], "media": [{"expanded_url": "https://twitter.com/AfraidCanvas/status/1048601710061608960/photo/1", "display_url": "pic.twitter.com/QThxseJGOB", "url": "https://t.co/QThxseJGOB", "media_url_https": "https://pbs.twimg.com/media/Do1dWpMU8AEsd_J.jpg", "id_str": "1048596931843256321", "sizes": {"small": {"h": 493, "resize": "fit", "w": 680}, "large": {"h": 1486, "resize": "fit", "w": 2048}, "medium": {"h": 870, "resize": "fit", "w": 1200}, "thumb": {"h": 150, "resize": "crop", "w": 150}}, "indices": [140, 163], "type": "photo", "id": 1048596931843256321, "media_url": "http://pbs.twimg.com/media/Do1dWpMU8AEsd_J.jpg"}]}, "extended_entities": {"media": [{"expanded_url": "https://twitter.com/AfraidCanvas/status/1048601710061608960/photo/1", "display_url": "pic.twitter.com/QThxseJGOB", "url": "https://t.co/QThxseJGOB", "media_url_https": "https://pbs.twimg.com/media/Do1dWpMU8AEsd_J.jpg", "id_str": "1048596931843256321", "sizes": {"small": {"h": 493, "resize": "fit", "w": 680}, "large": {"h": 1486, "resize": "fit", "w": 2048}, "medium": {"h": 870, "resize": "fit", "w": 1200}, "thumb": {"h": 150, "resize": "crop", "w": 150}}, "indices": [140, 163], "type": "photo", "id": 1048596931843256321, "media_url": "http://pbs.twimg.com/media/Do1dWpMU8AEsd_J.jpg"}]}, "full_text": "Pakistan orders 18 foreign-funded NGOs out of country; most of the affected agencies deal with #HumanRights issues.\nhttps://t.co/xtIx6CbraL https://t.co/QThxseJGOB"}, "created_at": "Sat Oct 06 15:51:44 +0000 2018", "filter_level": "low", "in_reply_to_status_id_str": null, "place": null}, "source": "<a href=\"http://twitter.com\" rel=\"nofollow\">Twitter Web Client</a>", "in_reply_to_screen_name": null, "id_str": "1048627332087468032", "retweet_count": 0, "in_reply_to_user_id": null, "favorited": false, "retweeted_status": {"quote_count": 0, "quoted_status_permalink": {"url": "https://t.co/OiLSW3ysxn", "expanded": "https://twitter.com/AfraidCanvas/status/1048601710061608960", "display": "twitter.com/AfraidCanvas/s\u2026"}, "contributors": null, "truncated": false, "text": "This is not good. #Pakistan #HumanRights https://t.co/OiLSW3ysxn", "is_quote_status": true, "in_reply_to_status_id": null, "reply_count": 0, "id": 1048622584600977409, "favorite_count": 6, "entities": {"user_mentions": [], "symbols": [], "hashtags": [{"indices": [18, 27], "text": "Pakistan"}, {"indices": [28, 40], "text": "HumanRights"}], "urls": [{"url": "https://t.co/OiLSW3ysxn", "indices": [41, 64], "expanded_url": "https://twitter.com/AfraidCanvas/status/1048601710061608960", "display_url": "twitter.com/AfraidCanvas/s\u2026"}]}, "quoted_status_id": 1048601710061608960, "retweeted": false, "coordinates": null, "quoted_status": {"quote_count": 4, "contributors": null, "truncated": true, "text": "Pakistan orders 18 foreign-funded NGOs out of country; most of the affected agencies deal with #HumanRights issues.\u2026 https://t.co/IMPLGjhwgl", "is_quote_status": false, "in_reply_to_status_id": null, "reply_count": 0, "id": 1048601710061608960, "favorite_count": 4, "entities": {"user_mentions": [], "symbols": [], "hashtags": [{"indices": [95, 107], "text": "HumanRights"}], "urls": [{"url": "https://t.co/IMPLGjhwgl", "indices": [117, 140], "expanded_url": "https://twitter.com/i/web/status/1048601710061608960", "display_url": "twitter.com/i/web/status/1\u2026"}]}, "retweeted": false, "coordinates": null, "source": "<a href=\"http://twitter.com\" rel=\"nofollow\">Twitter Web Client</a>", "in_reply_to_screen_name": null, "id_str": "1048601710061608960", "display_text_range": [0, 140], "retweet_count": 5, "in_reply_to_user_id": null, "favorited": false, "user": {"follow_request_sent": null, "profile_use_background_image": true, "default_profile_image": false, "id": 2661550898, "default_profile": true, "verified": false, "profile_image_url_https": "https://pbs.twimg.com/profile_images/902110215449042944/Nzj0k4ej_normal.jpg", "profile_sidebar_fill_color": "DDEEF6", "profile_text_color": "333333", "followers_count": 1035, "profile_sidebar_border_color": "C0DEED", "id_str": "2661550898", "profile_background_color": "C0DEED", "listed_count": 6, "profile_background_image_url_https": "https://abs.twimg.com/images/themes/theme1/bg.png", "utc_offset": null, "statuses_count": 640, "description": "A Cartoonist. Everyday World awakes and goes to sleep but what happens in between?  Follow to know what we are afraid to say.\n#HumanRights | #Justice | #FOE", "friends_count": 1034, "location": null, "profile_link_color": "1DA1F2", "profile_image_url": "http://pbs.twimg.com/profile_images/902110215449042944/Nzj0k4ej_normal.jpg", "following": null, "geo_enabled": false, "profile_banner_url": "https://pbs.twimg.com/profile_banners/2661550898/1515677079", "profile_background_image_url": "http://abs.twimg.com/images/themes/theme1/bg.png", "name": "Afraid Canvas", "lang": "en", "profile_background_tile": false, "favourites_count": 85, "screen_name": "AfraidCanvas", "notifications": null, "url": null, "created_at": "Sun Jul 20 03:37:30 +0000 2014", "contributors_enabled": false, "time_zone": null, "protected": false, "translator_type": "none", "is_translator": false}, "geo": null, "in_reply_to_user_id_str": null, "possibly_sensitive": false, "lang": "en", "extended_tweet": {"display_text_range": [0, 139], "entities": {"user_mentions": [], "symbols": [], "hashtags": [{"indices": [95, 107], "text": "HumanRights"}], "urls": [{"url": "https://t.co/xtIx6CbraL", "indices": [116, 139], "expanded_url": "https://www.dw.com/en/pakistan-orders-18-foreign-funded-ngos-out-of-country/a-45761398", "display_url": "dw.com/en/pakistan-or\u2026"}], "media": [{"expanded_url": "https://twitter.com/AfraidCanvas/status/1048601710061608960/photo/1", "display_url": "pic.twitter.com/QThxseJGOB", "url": "https://t.co/QThxseJGOB", "media_url_https": "https://pbs.twimg.com/media/Do1dWpMU8AEsd_J.jpg", "id_str": "1048596931843256321", "sizes": {"small": {"h": 493, "resize": "fit", "w": 680}, "large": {"h": 1486, "resize": "fit", "w": 2048}, "medium": {"h": 870, "resize": "fit", "w": 1200}, "thumb": {"h": 150, "resize": "crop", "w": 150}}, "indices": [140, 163], "type": "photo", "id": 1048596931843256321, "media_url": "http://pbs.twimg.com/media/Do1dWpMU8AEsd_J.jpg"}]}, "extended_entities": {"media": [{"expanded_url": "https://twitter.com/AfraidCanvas/status/1048601710061608960/photo/1", "display_url": "pic.twitter.com/QThxseJGOB", "url": "https://t.co/QThxseJGOB", "media_url_https": "https://pbs.twimg.com/media/Do1dWpMU8AEsd_J.jpg", "id_str": "1048596931843256321", "sizes": {"small": {"h": 493, "resize": "fit", "w": 680}, "large": {"h": 1486, "resize": "fit", "w": 2048}, "medium": {"h": 870, "resize": "fit", "w": 1200}, "thumb": {"h": 150, "resize": "crop", "w": 150}}, "indices": [140, 163], "type": "photo", "id": 1048596931843256321, "media_url": "http://pbs.twimg.com/media/Do1dWpMU8AEsd_J.jpg"}]}, "full_text": "Pakistan orders 18 foreign-funded NGOs out of country; most of the affected agencies deal with #HumanRights issues.\nhttps://t.co/xtIx6CbraL https://t.co/QThxseJGOB"}, "created_at": "Sat Oct 06 15:51:44 +0000 2018", "filter_level": "low", "in_reply_to_status_id_str": null, "place": null}, "source": "<a href=\"http://twitter.com\" rel=\"nofollow\">Twitter Web Client</a>", "in_reply_to_screen_name": null, "id_str": "1048622584600977409", "display_text_range": [0, 40], "retweet_count": 5, "in_reply_to_user_id": null, "favorited": false, "user": {"follow_request_sent": null, "profile_use_background_image": true, "default_profile_image": false, "id": 22518134, "default_profile": false, "verified": true, "profile_image_url_https": "https://pbs.twimg.com/profile_images/942968609516560389/tKpLLu7g_normal.jpg", "profile_sidebar_fill_color": "DDFFCC", "profile_text_color": "333333", "followers_count": 202635, "profile_sidebar_border_color": "BDDCAD", "id_str": "22518134", "profile_background_color": "9AE4E8", "listed_count": 1316, "profile_background_image_url_https": "https://abs.twimg.com/images/themes/theme1/bg.png", "utc_offset": null, "statuses_count": 119965, "description": "Journalist, editor, filmmaker, teacher. @niemanfdn @ecjrn Ferris Prof @PrincetonHum @BrownUniversity #democracy #humanrights #media #gender #peace @amankiasha_1", "friends_count": 2681, "location": "Cambridge, MA", "profile_link_color": "1B95E0", "profile_image_url": "http://pbs.twimg.com/profile_images/942968609516560389/tKpLLu7g_normal.jpg", "following": null, "geo_enabled": false, "profile_banner_url": "https://pbs.twimg.com/profile_banners/22518134/1518635298", "profile_background_image_url": "http://abs.twimg.com/images/themes/theme1/bg.png", "name": "beena sarwar", "lang": "en", "profile_background_tile": false, "favourites_count": 14651, "screen_name": "beenasarwar", "notifications": null, "url": "http://beenasarwar.com", "created_at": "Mon Mar 02 18:46:39 +0000 2009", "contributors_enabled": false, "time_zone": null, "protected": false, "translator_type": "none", "is_translator": false}, "geo": null, "in_reply_to_user_id_str": null, "possibly_sensitive": false, "lang": "en", "created_at": "Sat Oct 06 17:14:41 +0000 2018", "quoted_status_id_str": "1048601710061608960", "filter_level": "low", "in_reply_to_status_id_str": null, "place": null}, "user": {"follow_request_sent": null, "profile_use_background_image": true, "default_profile_image": false, "id": 49801701, "default_profile": true, "verified": false, "profile_image_url_https": "https://pbs.twimg.com/profile_images/650978805029302272/uMnhtXKB_normal.jpg", "profile_sidebar_fill_color": "DDEEF6", "profile_text_color": "333333", "followers_count": 818, "profile_sidebar_border_color": "C0DEED", "id_str": "49801701", "profile_background_color": "C0DEED", "listed_count": 43, "profile_background_image_url_https": "https://abs.twimg.com/images/themes/theme1/bg.png", "utc_offset": null, "statuses_count": 11419, "description": "italian reporter based in Hong Kong, last book: Cina, la grande illusione, on the reality of China and  the illusions of european politicians...", "friends_count": 548, "location": null, "profile_link_color": "1DA1F2", "profile_image_url": "http://pbs.twimg.com/profile_images/650978805029302272/uMnhtXKB_normal.jpg", "following": null, "geo_enabled": false, "profile_background_image_url": "http://abs.twimg.com/images/themes/theme1/bg.png", "name": "beniamino natale", "lang": "en", "profile_background_tile": false, "favourites_count": 807, "screen_name": "beniaminonatale", "notifications": null, "url": null, "created_at": "Mon Jun 22 23:06:47 +0000 2009", "contributors_enabled": false, "time_zone": null, "protected": false, "translator_type": "none", "is_translator": false}, "geo": null, "in_reply_to_user_id_str": null, "possibly_sensitive": false, "lang": "en", "created_at": "Sat Oct 06 17:33:33 +0000 2018", "quoted_status_id_str": "1048601710061608960", "filter_level": "low", "in_reply_to_status_id_str": null, "place": null}
{"quote_count": 0, "contributors": null, "truncated": false, "text": "RT @IKashmirlRida: The Belief in #Kashmir's destined to unite with #Pakistan becomes stronger,\nwhen images of Kashmiri waving Pakistani fla\u2026", "is_quote_status": false, "in_reply_to_status_id": null, "reply_count": 0, "id": 1048627356154249217, "favorite_count": 0, "entities": {"user_mentions": [{"id": 1030037127013253120, "indices": [3, 17], "id_str": "1030037127013253120", "screen_name": "IKashmirlRida", "name": "_RidaRubabKashmiri"}], "symbols": [], "hashtags": [{"indices": [33, 41], "text": "Kashmir"}, {"indices": [67, 76], "text": "Pakistan"}], "urls": []}, "retweeted": false, "coordinates": null, "timestamp_ms": "1538847218918", "source": "<a href=\"http://twitter.com/download/android\" rel=\"nofollow\">Twitter for Android</a>", "in_reply_to_screen_name": null, "id_str": "1048627356154249217", "retweet_count": 0, "in_reply_to_user_id": null, "favorited": false, "retweeted_status": {"quote_count": 1, "contributors": null, "truncated": true, "text": "The Belief in #Kashmir's destined to unite with #Pakistan becomes stronger,\nwhen images of Kashmiri waving Pakistan\u2026 https://t.co/sitt5Umu9J", "is_quote_status": false, "in_reply_to_status_id": null, "reply_count": 1, "id": 1048614341501747201, "favorite_count": 18, "entities": {"user_mentions": [], "symbols": [], "hashtags": [{"indices": [14, 22], "text": "Kashmir"}, {"indices": [48, 57], "text": "Pakistan"}], "urls": [{"url": "https://t.co/sitt5Umu9J", "indices": [117, 140], "expanded_url": "https://twitter.com/i/web/status/1048614341501747201", "display_url": "twitter.com/i/web/status/1\u2026"}]}, "retweeted": false, "coordinates": null, "source": "<a href=\"http://twitter.com\" rel=\"nofollow\">Twitter Web Client</a>", "in_reply_to_screen_name": null, "id_str": "1048614341501747201", "display_text_range": [0, 140], "retweet_count": 11, "in_reply_to_user_id": null, "favorited": false, "user": {"follow_request_sent": null, "profile_use_background_image": true, "default_profile_image": false, "id": 1030037127013253120, "default_profile": true, "verified": false, "profile_image_url_https": "https://pbs.twimg.com/profile_images/1030041366846468096/L8UZ_ork_normal.jpg", "profile_sidebar_fill_color": "DDEEF6", "profile_text_color": "333333", "followers_count": 428, "profile_sidebar_border_color": "C0DEED", "id_str": "1030037127013253120", "profile_background_color": "F5F8FA", "listed_count": 0, "profile_background_image_url_https": "", "utc_offset": null, "statuses_count": 1848, "description": "Thanos took over twitter too.\nAnyShameEndia ?\ud83d\ude09", "friends_count": 184, "location": "Kashmir in United Arab Emirates", "profile_link_color": "1DA1F2", "profile_image_url": "http://pbs.twimg.com/profile_images/1030041366846468096/L8UZ_ork_normal.jpg", "following": null, "geo_enabled": false, "profile_banner_url": "https://pbs.twimg.com/profile_banners/1030037127013253120/1535488377", "profile_background_image_url": "", "name": "_RidaRubabKashmiri", "lang": "en", "profile_background_tile": false, "favourites_count": 2074, "screen_name": "IKashmirlRida", "notifications": null, "url": null, "created_at": "Thu Aug 16 10:22:43 +0000 2018", "contributors_enabled": false, "time_zone": null, "protected": false, "translator_type": "none", "is_translator": false}, "geo": null, "in_reply_to_user_id_str": null, "possibly_sensitive": false, "lang": "en", "extended_tweet": {"display_text_range": [0, 224], "entities": {"user_mentions": [], "symbols": [], "hashtags": [{"indices": [14, 22], "text": "Kashmir"}, {"indices": [48, 57], "text": "Pakistan"}], "urls": [], "media": [{"expanded_url": "https://twitter.com/IKashmirlRida/status/1048614341501747201/photo/1", "display_url": "pic.twitter.com/z32Tnn3AiO", "url": "https://t.co/z32Tnn3AiO", "media_url_https": "https://pbs.twimg.com/media/Do1swdVXoAY1Duz.jpg", "id_str": "1048613868010971142", "sizes": {"small": {"h": 480, "resize": "fit", "w": 640}, "large": {"h": 480, "resize": "fit", "w": 640}, "medium": {"h": 480, "resize": "fit", "w": 640}, "thumb": {"h": 150, "resize": "crop", "w": 150}}, "indices": [225, 248], "type": "photo", "id": 1048613868010971142, "media_url": "http://pbs.twimg.com/media/Do1swdVXoAY1Duz.jpg"}, {"expanded_url": "https://twitter.com/IKashmirlRida/status/1048614341501747201/photo/1", "display_url": "pic.twitter.com/z32Tnn3AiO", "url": "https://t.co/z32Tnn3AiO", "media_url_https": "https://pbs.twimg.com/media/Do1s2q2XkAEqF1i.jpg", "id_str": "1048613974718255105", "sizes": {"large": {"h": 261, "resize": "fit", "w": 400}, "small": {"h": 261, "resize": "fit", "w": 400}, "medium": {"h": 261, "resize": "fit", "w": 400}, "thumb": {"h": 150, "resize": "crop", "w": 150}}, "indices": [225, 248], "type": "photo", "id": 1048613974718255105, "media_url": "http://pbs.twimg.com/media/Do1s2q2XkAEqF1i.jpg"}, {"expanded_url": "https://twitter.com/IKashmirlRida/status/1048614341501747201/photo/1", "display_url": "pic.twitter.com/z32Tnn3AiO", "url": "https://t.co/z32Tnn3AiO", "media_url_https": "https://pbs.twimg.com/media/Do1tC06XsAAeZl9.jpg", "id_str": "1048614183577825280", "sizes": {"large": {"h": 619, "resize": "fit", "w": 1100}, "small": {"h": 383, "resize": "fit", "w": 680}, "medium": {"h": 619, "resize": "fit", "w": 1100}, "thumb": {"h": 150, "resize": "crop", "w": 150}}, "indices": [225, 248], "type": "photo", "id": 1048614183577825280, "media_url": "http://pbs.twimg.com/media/Do1tC06XsAAeZl9.jpg"}]}, "extended_entities": {"media": [{"expanded_url": "https://twitter.com/IKashmirlRida/status/1048614341501747201/photo/1", "display_url": "pic.twitter.com/z32Tnn3AiO", "url": "https://t.co/z32Tnn3AiO", "media_url_https": "https://pbs.twimg.com/media/Do1swdVXoAY1Duz.jpg", "id_str": "1048613868010971142", "sizes": {"small": {"h": 480, "resize": "fit", "w": 640}, "large": {"h": 480, "resize": "fit", "w": 640}, "medium": {"h": 480, "resize": "fit", "w": 640}, "thumb": {"h": 150, "resize": "crop", "w": 150}}, "indices": [225, 248], "type": "photo", "id": 1048613868010971142, "media_url": "http://pbs.twimg.com/media/Do1swdVXoAY1Duz.jpg"}, {"expanded_url": "https://twitter.com/IKashmirlRida/status/1048614341501747201/photo/1", "display_url": "pic.twitter.com/z32Tnn3AiO", "url": "https://t.co/z32Tnn3AiO", "media_url_https": "https://pbs.twimg.com/media/Do1s2q2XkAEqF1i.jpg", "id_str": "1048613974718255105", "sizes": {"large": {"h": 261, "resize": "fit", "w": 400}, "small": {"h": 261, "resize": "fit", "w": 400}, "medium": {"h": 261, "resize": "fit", "w": 400}, "thumb": {"h": 150, "resize": "crop", "w": 150}}, "indices": [225, 248], "type": "photo", "id": 1048613974718255105, "media_url": "http://pbs.twimg.com/media/Do1s2q2XkAEqF1i.jpg"}, {"expanded_url": "https://twitter.com/IKashmirlRida/status/1048614341501747201/photo/1", "display_url": "pic.twitter.com/z32Tnn3AiO", "url": "https://t.co/z32Tnn3AiO", "media_url_https": "https://pbs.twimg.com/media/Do1tC06XsAAeZl9.jpg", "id_str": "1048614183577825280", "sizes": {"large": {"h": 619, "resize": "fit", "w": 1100}, "small": {"h": 383, "resize": "fit", "w": 680}, "medium": {"h": 619, "resize": "fit", "w": 1100}, "thumb": {"h": 150, "resize": "crop", "w": 150}}, "indices": [225, 248], "type": "photo", "id": 1048614183577825280, "media_url": "http://pbs.twimg.com/media/Do1tC06XsAAeZl9.jpg"}]}, "full_text": "The Belief in #Kashmir's destined to unite with #Pakistan becomes stronger,\nwhen images of Kashmiri waving Pakistani flags \nand lifeless bodies, wrapped in Pakistani flags, being lowered into graves,\n are routine in J&amp;K. https://t.co/z32Tnn3AiO"}, "created_at": "Sat Oct 06 16:41:55 +0000 2018", "filter_level": "low", "in_reply_to_status_id_str": null, "place": null}, "user": {"follow_request_sent": null, "profile_use_background_image": true, "default_profile_image": false, "id": 1010122398186770432, "default_profile": true, "verified": false, "profile_image_url_https": "https://pbs.twimg.com/profile_images/1028889005738389504/ViN_emwo_normal.jpg", "profile_sidebar_fill_color": "DDEEF6", "profile_text_color": "333333", "followers_count": 106, "profile_sidebar_border_color": "C0DEED", "id_str": "1010122398186770432", "profile_background_color": "F5F8FA", "listed_count": 0, "profile_background_image_url_https": "", "utc_offset": null, "statuses_count": 1426, "description": "#DA", "friends_count": 2316, "location": "Islamabad, Pakistan", "profile_link_color": "1DA1F2", "profile_image_url": "http://pbs.twimg.com/profile_images/1028889005738389504/ViN_emwo_normal.jpg", "following": null, "geo_enabled": false, "profile_banner_url": "https://pbs.twimg.com/profile_banners/1010122398186770432/1535027176", "profile_background_image_url": "", "name": "Dawood Abbasi", "lang": "en", "profile_background_tile": false, "favourites_count": 1346, "screen_name": "mdaudabbasii", "notifications": null, "url": "http://www.facebook.com/mdaudabbasi", "created_at": "Fri Jun 22 11:28:41 +0000 2018", "contributors_enabled": false, "time_zone": null, "protected": false, "translator_type": "none", "is_translator": false}, "geo": null, "in_reply_to_user_id_str": null, "lang": "en", "created_at": "Sat Oct 06 17:33:38 +0000 2018", "filter_level": "low", "in_reply_to_status_id_str": null, "place": null}
{"quote_count": 0, "contributors": null, "truncated": false, "text": "RT @Sajeda_Akhtar: Sickening. #Pakistan doesn\u2019t only want #Balochistan\u2019s resources but body organs too.\n\nPakistan &amp; Chinese army are abduct\u2026", "is_quote_status": false, "in_reply_to_status_id": null, "reply_count": 0, "id": 1048627389083738113, "favorite_count": 0, "entities": {"user_mentions": [{"id": 864059698550407169, "indices": [3, 17], "id_str": "864059698550407169", "screen_name": "Sajeda_Akhtar", "name": "Sajeda Akhtar"}], "symbols": [], "hashtags": [{"indices": [30, 39], "text": "Pakistan"}, {"indices": [58, 70], "text": "Balochistan"}], "urls": []}, "retweeted": false, "coordinates": null, "timestamp_ms": "1538847226769", "source": "<a href=\"https://mobile.twitter.com\" rel=\"nofollow\">Twitter Lite</a>", "in_reply_to_screen_name": null, "id_str": "1048627389083738113", "retweet_count": 0, "in_reply_to_user_id": null, "favorited": false, "retweeted_status": {"quote_count": 1, "contributors": null, "truncated": true, "text": "Sickening. #Pakistan doesn\u2019t only want #Balochistan\u2019s resources but body organs too.\n\nPakistan &amp; Chinese army are a\u2026 https://t.co/1SZf1BLkhu", "is_quote_status": false, "in_reply_to_status_id": null, "reply_count": 7, "id": 1048477190193475584, "favorite_count": 61, "entities": {"user_mentions": [], "symbols": [], "hashtags": [{"indices": [11, 20], "text": "Pakistan"}, {"indices": [39, 51], "text": "Balochistan"}], "urls": [{"url": "https://t.co/1SZf1BLkhu", "indices": [121, 144], "expanded_url": "https://twitter.com/i/web/status/1048477190193475584", "display_url": "twitter.com/i/web/status/1\u2026"}]}, "retweeted": false, "coordinates": null, "source": "<a href=\"http://twitter.com\" rel=\"nofollow\">Twitter Web Client</a>", "in_reply_to_screen_name": null, "id_str": "1048477190193475584", "display_text_range": [0, 140], "retweet_count": 47, "in_reply_to_user_id": null, "favorited": false, "user": {"follow_request_sent": null, "profile_use_background_image": false, "default_profile_image": false, "id": 864059698550407169, "default_profile": false, "verified": false, "profile_image_url_https": "https://pbs.twimg.com/profile_images/988719564295782400/O6-a-Bc8_normal.jpg", "profile_sidebar_fill_color": "000000", "profile_text_color": "000000", "followers_count": 1988, "profile_sidebar_border_color": "000000", "id_str": "864059698550407169", "profile_background_color": "000000", "listed_count": 3, "profile_background_image_url_https": "https://abs.twimg.com/images/themes/theme1/bg.png", "utc_offset": null, "statuses_count": 2108, "description": "From Bangladesh to Balochistan. I see your scars, I feel your pain.\nThe winds of freedom will blow & sail the boats of your dream\uff5cI support #FreeBalochistan", "friends_count": 1040, "location": null, "profile_link_color": "F85D7B", "profile_image_url": "http://pbs.twimg.com/profile_images/988719564295782400/O6-a-Bc8_normal.jpg", "following": null, "geo_enabled": false, "profile_banner_url": "https://pbs.twimg.com/profile_banners/864059698550407169/1535018751", "profile_background_image_url": "http://abs.twimg.com/images/themes/theme1/bg.png", "name": "Sajeda Akhtar", "lang": "en-gb", "profile_background_tile": false, "favourites_count": 1920, "screen_name": "Sajeda_Akhtar", "notifications": null, "url": null, "created_at": "Mon May 15 10:07:40 +0000 2017", "contributors_enabled": false, "time_zone": null, "protected": false, "translator_type": "none", "is_translator": false}, "geo": null, "in_reply_to_user_id_str": null, "possibly_sensitive": false, "lang": "en", "extended_tweet": {"display_text_range": [0, 286], "entities": {"user_mentions": [{"id": 17537467, "indices": [264, 275], "id_str": "17537467", "screen_name": "TarekFatah", "name": "Tarek Fatah"}, {"id": 836927152889135105, "indices": [276, 286], "id_str": "836927152889135105", "screen_name": "ASJBaloch", "name": "Ashraf Baloch\ud83c\udff3"}], "symbols": [], "hashtags": [{"indices": [11, 20], "text": "Pakistan"}, {"indices": [39, 51], "text": "Balochistan"}], "urls": [], "media": [{"additional_media_info": {"monetizable": false}, "expanded_url": "https://twitter.com/Sajeda_Akhtar/status/1048477190193475584/video/1", "display_url": "pic.twitter.com/TE9EMu9Cd9", "url": "https://t.co/TE9EMu9Cd9", "media_url_https": "https://pbs.twimg.com/ext_tw_video_thumb/1048476991777734656/pu/img/aSYMgDKvWWDPpNdx.jpg", "video_info": {"aspect_ratio": [16, 9], "duration_millis": 117749, "variants": [{"url": "https://video.twimg.com/ext_tw_video/1048476991777734656/pu/vid/640x360/eX-2kd2zDcicYNeB.mp4?tag=5", "bitrate": 832000, "content_type": "video/mp4"}, {"url": "https://video.twimg.com/ext_tw_video/1048476991777734656/pu/pl/aY34SBX06DokegxY.m3u8?tag=5", "content_type": "application/x-mpegURL"}, {"url": "https://video.twimg.com/ext_tw_video/1048476991777734656/pu/vid/320x180/5YkKkhxSWWWZjTEx.mp4?tag=5", "bitrate": 256000, "content_type": "video/mp4"}]}, "id_str": "1048476991777734656", "sizes": {"large": {"h": 360, "resize": "fit", "w": 640}, "small": {"h": 360, "resize": "fit", "w": 640}, "medium": {"h": 360, "resize": "fit", "w": 640}, "thumb": {"h": 150, "resize": "crop", "w": 150}}, "indices": [287, 310], "type": "video", "id": 1048476991777734656, "media_url": "http://pbs.twimg.com/ext_tw_video_thumb/1048476991777734656/pu/img/aSYMgDKvWWDPpNdx.jpg"}]}, "extended_entities": {"media": [{"additional_media_info": {"monetizable": false}, "expanded_url": "https://twitter.com/Sajeda_Akhtar/status/1048477190193475584/video/1", "display_url": "pic.twitter.com/TE9EMu9Cd9", "url": "https://t.co/TE9EMu9Cd9", "media_url_https": "https://pbs.twimg.com/ext_tw_video_thumb/1048476991777734656/pu/img/aSYMgDKvWWDPpNdx.jpg", "video_info": {"aspect_ratio": [16, 9], "duration_millis": 117749, "variants": [{"url": "https://video.twimg.com/ext_tw_video/1048476991777734656/pu/vid/640x360/eX-2kd2zDcicYNeB.mp4?tag=5", "bitrate": 832000, "content_type": "video/mp4"}, {"url": "https://video.twimg.com/ext_tw_video/1048476991777734656/pu/pl/aY34SBX06DokegxY.m3u8?tag=5", "content_type": "application/x-mpegURL"}, {"url": "https://video.twimg.com/ext_tw_video/1048476991777734656/pu/vid/320x180/5YkKkhxSWWWZjTEx.mp4?tag=5", "bitrate": 256000, "content_type": "video/mp4"}]}, "id_str": "1048476991777734656", "sizes": {"large": {"h": 360, "resize": "fit", "w": 640}, "small": {"h": 360, "resize": "fit", "w": 640}, "medium": {"h": 360, "resize": "fit", "w": 640}, "thumb": {"h": 150, "resize": "crop", "w": 150}}, "indices": [287, 310], "type": "video", "id": 1048476991777734656, "media_url": "http://pbs.twimg.com/ext_tw_video_thumb/1048476991777734656/pu/img/aSYMgDKvWWDPpNdx.jpg"}]}, "full_text": "Sickening. #Pakistan doesn\u2019t only want #Balochistan\u2019s resources but body organs too.\n\nPakistan &amp; Chinese army are abducting Baloch people so that they can take out their organs &amp; sell them in the black market.\n\nHear to what Naela Quadri Baloch has to say:\n@TarekFatah @ASJBaloch https://t.co/TE9EMu9Cd9"}, "created_at": "Sat Oct 06 07:36:56 +0000 2018", "filter_level": "low", "in_reply_to_status_id_str": null, "place": null}, "user": {"follow_request_sent": null, "profile_use_background_image": false, "default_profile_image": false, "id": 362332157, "default_profile": false, "verified": false, "profile_image_url_https": "https://pbs.twimg.com/profile_images/954432067571392512/2jYYLn3j_normal.jpg", "profile_sidebar_fill_color": "000000", "profile_text_color": "000000", "followers_count": 419, "profile_sidebar_border_color": "000000", "id_str": "362332157", "profile_background_color": "000000", "listed_count": 3, "profile_background_image_url_https": "https://abs.twimg.com/images/themes/theme1/bg.png", "utc_offset": null, "statuses_count": 6533, "description": "\u0915\u091f\u094d\u091f\u0930 \u0930\u093e\u0937\u094d\u091f\u094d\u0930\u0935\u093e\u0926\u0940, \u0926\u0947\u0936 \u092d\u0915\u094d\u0924 \u0907\u0938\u0940\u0932\u093f\u090f \u092e\u094b\u0926\u0940 \u092d\u0915\u094d\u0924\ud83c\uddee\ud83c\uddf3\ud83d\udcaa", "friends_count": 2624, "location": "Mumbai, India", "profile_link_color": "F5ABB5", "profile_image_url": "http://pbs.twimg.com/profile_images/954432067571392512/2jYYLn3j_normal.jpg", "following": null, "geo_enabled": false, "profile_background_image_url": "http://abs.twimg.com/images/themes/theme1/bg.png", "name": "\u0905\u0938\u093e\u092e\u093e\u091c\u093f\u0915 \u0924\u0924\u094d\u0935 \ud83d\udeac", "lang": "en", "profile_background_tile": false, "favourites_count": 10324, "screen_name": "tellyalbert", "notifications": null, "url": null, "created_at": "Fri Aug 26 06:45:26 +0000 2011", "contributors_enabled": false, "time_zone": null, "protected": false, "translator_type": "none", "is_translator": false}, "geo": null, "in_reply_to_user_id_str": null, "lang": "en", "created_at": "Sat Oct 06 17:33:46 +0000 2018", "filter_level": "low", "in_reply_to_status_id_str": null, "place": null}
{"quote_count": 0, "contributors": null, "truncated": false, "text": "RT @pamirtimes: BREAKING: Armed plainclothed policeman shot dead in Darel Valley of District #Diamir. Shots fired by \"security forces mista\u2026", "is_quote_status": false, "in_reply_to_status_id": null, "reply_count": 0, "id": 1048627424500613121, "favorite_count": 0, "entities": {"user_mentions": [{"id": 17647512, "indices": [3, 14], "id_str": "17647512", "screen_name": "pamirtimes", "name": "PAMIR TIMES \u2122"}], "symbols": [], "hashtags": [{"indices": [93, 100], "text": "Diamir"}], "urls": []}, "retweeted": false, "coordinates": null, "timestamp_ms": "1538847235213", "source": "<a href=\"http://twitter.com/download/android\" rel=\"nofollow\">Twitter for Android</a>", "in_reply_to_screen_name": null, "id_str": "1048627424500613121", "retweet_count": 0, "in_reply_to_user_id": null, "favorited": false, "retweeted_status": {"quote_count": 0, "contributors": null, "truncated": true, "text": "BREAKING: Armed plainclothed policeman shot dead in Darel Valley of District #Diamir. Shots fired by \"security forc\u2026 https://t.co/1pDoIDpdJC", "is_quote_status": false, "in_reply_to_status_id": null, "reply_count": 0, "id": 1048626301345681408, "favorite_count": 1, "entities": {"user_mentions": [], "symbols": [], "hashtags": [{"indices": [77, 84], "text": "Diamir"}], "urls": [{"url": "https://t.co/1pDoIDpdJC", "indices": [117, 140], "expanded_url": "https://twitter.com/i/web/status/1048626301345681408", "display_url": "twitter.com/i/web/status/1\u2026"}]}, "retweeted": false, "coordinates": null, "source": "<a href=\"http://twitter.com\" rel=\"nofollow\">Twitter Web Client</a>", "in_reply_to_screen_name": null, "id_str": "1048626301345681408", "display_text_range": [0, 140], "retweet_count": 1, "in_reply_to_user_id": null, "favorited": false, "user": {"follow_request_sent": null, "profile_use_background_image": true, "default_profile_image": false, "id": 17647512, "default_profile": false, "verified": false, "profile_image_url_https": "https://pbs.twimg.com/profile_images/875699478824722432/sfSMVTD4_normal.jpg", "profile_sidebar_fill_color": "DAECF4", "profile_text_color": "663B12", "followers_count": 6813, "profile_sidebar_border_color": "FFFFFF", "id_str": "17647512", "profile_background_color": "FFFFFF", "listed_count": 79, "profile_background_image_url_https": "https://abs.twimg.com/images/themes/theme2/bg.gif", "utc_offset": null, "statuses_count": 32748, "description": "Voices of the Mountain Communities", "friends_count": 35, "location": "Hunza", "profile_link_color": "4A913C", "profile_image_url": "http://pbs.twimg.com/profile_images/875699478824722432/sfSMVTD4_normal.jpg", "following": null, "geo_enabled": false, "profile_banner_url": "https://pbs.twimg.com/profile_banners/17647512/1506758992", "profile_background_image_url": "http://abs.twimg.com/images/themes/theme2/bg.gif", "name": "PAMIR TIMES \u2122", "lang": "en", "profile_background_tile": false, "favourites_count": 75, "screen_name": "pamirtimes", "notifications": null, "url": "http://www.pamirtimes.net", "created_at": "Wed Nov 26 11:12:43 +0000 2008", "contributors_enabled": false, "time_zone": null, "protected": false, "translator_type": "none", "is_translator": false}, "geo": null, "in_reply_to_user_id_str": null, "possibly_sensitive": false, "lang": "en", "extended_tweet": {"display_text_range": [0, 180], "entities": {"user_mentions": [], "symbols": [], "hashtags": [{"indices": [77, 84], "text": "Diamir"}, {"indices": [154, 170], "text": "GilgitBaltistan"}, {"indices": [171, 180], "text": "Pakistan"}], "urls": [], "media": [{"expanded_url": "https://twitter.com/pamirtimes/status/1048626301345681408/photo/1", "display_url": "pic.twitter.com/0x2Q6PfGNR", "url": "https://t.co/0x2Q6PfGNR", "media_url_https": "https://pbs.twimg.com/media/Do12YT-UYAA2fBL.jpg", "id_str": "1048624448297787392", "sizes": {"small": {"h": 680, "resize": "fit", "w": 678}, "large": {"h": 960, "resize": "fit", "w": 957}, "medium": {"h": 960, "resize": "fit", "w": 957}, "thumb": {"h": 150, "resize": "crop", "w": 150}}, "indices": [181, 204], "type": "photo", "id": 1048624448297787392, "media_url": "http://pbs.twimg.com/media/Do12YT-UYAA2fBL.jpg"}]}, "extended_entities": {"media": [{"expanded_url": "https://twitter.com/pamirtimes/status/1048626301345681408/photo/1", "display_url": "pic.twitter.com/0x2Q6PfGNR", "url": "https://t.co/0x2Q6PfGNR", "media_url_https": "https://pbs.twimg.com/media/Do12YT-UYAA2fBL.jpg", "id_str": "1048624448297787392", "sizes": {"small": {"h": 680, "resize": "fit", "w": 678}, "large": {"h": 960, "resize": "fit", "w": 957}, "medium": {"h": 960, "resize": "fit", "w": 957}, "thumb": {"h": 150, "resize": "crop", "w": 150}}, "indices": [181, 204], "type": "photo", "id": 1048624448297787392, "media_url": "http://pbs.twimg.com/media/Do12YT-UYAA2fBL.jpg"}]}, "full_text": "BREAKING: Armed plainclothed policeman shot dead in Darel Valley of District #Diamir. Shots fired by \"security forces mistakenly\", say local journalists. #GilgitBaltistan #Pakistan https://t.co/0x2Q6PfGNR"}, "created_at": "Sat Oct 06 17:29:27 +0000 2018", "filter_level": "low", "in_reply_to_status_id_str": null, "place": null}, "user": {"follow_request_sent": null, "profile_use_background_image": true, "default_profile_image": false, "id": 876869449558523905, "default_profile": true, "verified": false, "profile_image_url_https": "https://pbs.twimg.com/profile_images/1040663890269556737/j_J3datu_normal.jpg", "profile_sidebar_fill_color": "DDEEF6", "profile_text_color": "333333", "followers_count": 70, "profile_sidebar_border_color": "C0DEED", "id_str": "876869449558523905", "profile_background_color": "F5F8FA", "listed_count": 0, "profile_background_image_url_https": "", "utc_offset": null, "statuses_count": 1718, "description": "Nationalist", "friends_count": 270, "location": "GilGit Baltistan", "profile_link_color": "1DA1F2", "profile_image_url": "http://pbs.twimg.com/profile_images/1040663890269556737/j_J3datu_normal.jpg", "following": null, "geo_enabled": false, "profile_banner_url": "https://pbs.twimg.com/profile_banners/876869449558523905/1498774681", "profile_background_image_url": "", "name": "Hassnain Kazmi", "lang": "en", "profile_background_tile": false, "favourites_count": 6672, "screen_name": "HassnainKazmi5", "notifications": null, "url": null, "created_at": "Mon Jun 19 18:29:03 +0000 2017", "contributors_enabled": false, "time_zone": null, "protected": false, "translator_type": "none", "is_translator": false}, "geo": null, "in_reply_to_user_id_str": null, "lang": "en", "created_at": "Sat Oct 06 17:33:55 +0000 2018", "filter_level": "low", "in_reply_to_status_id_str": null, "place": null}
