{"quote_count": 0, "contributors": null, "truncated": true, "text": "Pakistan on a lowest rank in Global Competitiveness Index 2018 in the region.\n#Pakistan 107th\n#India  58th\u2026 https://t.co/xxxNOnzzbA", "is_quote_status": false, "in_reply_to_status_id": null, "reply_count": 0, "id": 1053992165204992000, "favorite_count": 0, "entities": {"user_mentions": [], "symbols": [], "hashtags": [{"indices": [78, 87], "text": "Pakistan"}, {"indices": [94, 100], "text": "India"}], "urls": [{"url": "https://t.co/xxxNOnzzbA", "indices": [108, 131], "expanded_url": "https://twitter.com/i/web/status/1053992165204992000", "display_url": "twitter.com/i/web/status/1\u2026"}]}, "retweeted": false, "coordinates": null, "timestamp_ms": "1540126289069", "source": "<a href=\"http://www.linkedin.com/\" rel=\"nofollow\">LinkedIn</a>", "in_reply_to_screen_name": null, "id_str": "1053992165204992000", "retweet_count": 0, "in_reply_to_user_id": null, "favorited": false, "user": {"follow_request_sent": null, "profile_use_background_image": true, "default_profile_image": false, "id": 558092360, "default_profile": true, "verified": false, "profile_image_url_https": "https://pbs.twimg.com/profile_images/2148558450/Mm_333__normal.jpg", "profile_sidebar_fill_color": "DDEEF6", "profile_text_color": "333333", "followers_count": 663, "profile_sidebar_border_color": "C0DEED", "id_str": "558092360", "profile_background_color": "C0DEED", "listed_count": 7, "profile_background_image_url_https": "https://abs.twimg.com/images/themes/theme1/bg.png", "utc_offset": null, "statuses_count": 2614, "description": "\u200f\u0645\u062d\u0644\u0644 \u0645\u0627\u0644\u064a @ http://GulfBase.com\u200e", "friends_count": 357, "location": "\u062c\u062f\u0629 - \u0627\u0644\u0645\u0645\u0644\u0643\u0629 \u0627\u0644\u0639\u0631\u0628\u064a\u0629 \u0627\u0644\u0633\u0639\u0648\u062f\u064a\u0629", "profile_link_color": "1DA1F2", "profile_image_url": "http://pbs.twimg.com/profile_images/2148558450/Mm_333__normal.jpg", "following": null, "geo_enabled": true, "profile_background_image_url": "http://abs.twimg.com/images/themes/theme1/bg.png", "name": "\u0645\u0634\u062a\u0627\u0642 \u0623\u062d\u0645\u062f", "lang": "en", "profile_background_tile": false, "favourites_count": 2450, "screen_name": "Mushtaqksa123", "notifications": null, "url": "http://www.gulfbase.com", "created_at": "Thu Apr 19 21:58:46 +0000 2012", "contributors_enabled": false, "time_zone": null, "protected": false, "translator_type": "none", "is_translator": false}, "geo": null, "in_reply_to_user_id_str": null, "possibly_sensitive": false, "lang": "en", "extended_tweet": {"display_text_range": [0, 164], "entities": {"user_mentions": [], "symbols": [], "hashtags": [{"indices": [78, 87], "text": "Pakistan"}, {"indices": [94, 100], "text": "India"}, {"indices": [107, 118], "text": "Bangladesh"}, {"indices": [125, 135], "text": "Sri_Lanka"}], "urls": [{"url": "https://t.co/jrbXuQbWz0", "indices": [141, 164], "expanded_url": "https://lnkd.in/eFfAJuW", "display_url": "lnkd.in/eFfAJuW"}]}, "full_text": "Pakistan on a lowest rank in Global Competitiveness Index 2018 in the region.\n#Pakistan 107th\n#India  58th\n#Bangladesh 103rd\n#Sri_Lanka 85th https://t.co/jrbXuQbWz0"}, "created_at": "Sun Oct 21 12:51:29 +0000 2018", "filter_level": "low", "in_reply_to_status_id_str": null, "place": null}
{"quote_count": 0, "contributors": null, "truncated": true, "text": "Pakistan on a lowest rank in Global Competitiveness Index 2018 in the region.\n\n#Pakistan 107th\n#India 58th\u2026 https://t.co/tcJdx7AC6t", "is_quote_status": false, "in_reply_to_status_id": null, "reply_count": 0, "id": 1053992201318006785, "favorite_count": 0, "entities": {"user_mentions": [], "symbols": [], "hashtags": [{"indices": [79, 88], "text": "Pakistan"}, {"indices": [95, 101], "text": "India"}], "urls": [{"url": "https://t.co/tcJdx7AC6t", "indices": [108, 131], "expanded_url": "https://twitter.com/i/web/status/1053992201318006785", "display_url": "twitter.com/i/web/status/1\u2026"}]}, "retweeted": false, "coordinates": null, "timestamp_ms": "1540126297679", "source": "<a href=\"http://twitter.com\" rel=\"nofollow\">Twitter Web Client</a>", "in_reply_to_screen_name": null, "id_str": "1053992201318006785", "display_text_range": [0, 140], "retweet_count": 0, "in_reply_to_user_id": null, "favorited": false, "user": {"follow_request_sent": null, "profile_use_background_image": true, "default_profile_image": false, "id": 558092360, "default_profile": true, "verified": false, "profile_image_url_https": "https://pbs.twimg.com/profile_images/2148558450/Mm_333__normal.jpg", "profile_sidebar_fill_color": "DDEEF6", "profile_text_color": "333333", "followers_count": 663, "profile_sidebar_border_color": "C0DEED", "id_str": "558092360", "profile_background_color": "C0DEED", "listed_count": 7, "profile_background_image_url_https": "https://abs.twimg.com/images/themes/theme1/bg.png", "utc_offset": null, "statuses_count": 2615, "description": "\u200f\u0645\u062d\u0644\u0644 \u0645\u0627\u0644\u064a @ http://GulfBase.com\u200e", "friends_count": 357, "location": "\u062c\u062f\u0629 - \u0627\u0644\u0645\u0645\u0644\u0643\u0629 \u0627\u0644\u0639\u0631\u0628\u064a\u0629 \u0627\u0644\u0633\u0639\u0648\u062f\u064a\u0629", "profile_link_color": "1DA1F2", "profile_image_url": "http://pbs.twimg.com/profile_images/2148558450/Mm_333__normal.jpg", "following": null, "geo_enabled": true, "profile_background_image_url": "http://abs.twimg.com/images/themes/theme1/bg.png", "name": "\u0645\u0634\u062a\u0627\u0642 \u0623\u062d\u0645\u062f", "lang": "en", "profile_background_tile": false, "favourites_count": 2450, "screen_name": "Mushtaqksa123", "notifications": null, "url": "http://www.gulfbase.com", "created_at": "Thu Apr 19 21:58:46 +0000 2012", "contributors_enabled": false, "time_zone": null, "protected": false, "translator_type": "none", "is_translator": false}, "geo": null, "in_reply_to_user_id_str": null, "possibly_sensitive": false, "lang": "en", "extended_tweet": {"display_text_range": [0, 140], "entities": {"user_mentions": [], "symbols": [], "hashtags": [{"indices": [79, 88], "text": "Pakistan"}, {"indices": [95, 101], "text": "India"}, {"indices": [107, 118], "text": "Bangladesh"}, {"indices": [125, 135], "text": "Sri_Lanka"}], "urls": [], "media": [{"expanded_url": "https://twitter.com/Mushtaqksa123/status/1053992201318006785/photo/1", "display_url": "pic.twitter.com/7VC3tHT3ew", "url": "https://t.co/7VC3tHT3ew", "media_url_https": "https://pbs.twimg.com/media/DqCITJVWsAAWBR9.jpg", "id_str": "1053992175309074432", "sizes": {"small": {"h": 566, "resize": "fit", "w": 664}, "large": {"h": 566, "resize": "fit", "w": 664}, "medium": {"h": 566, "resize": "fit", "w": 664}, "thumb": {"h": 150, "resize": "crop", "w": 150}}, "indices": [141, 164], "type": "photo", "id": 1053992175309074432, "media_url": "http://pbs.twimg.com/media/DqCITJVWsAAWBR9.jpg"}, {"expanded_url": "https://twitter.com/Mushtaqksa123/status/1053992201318006785/photo/1", "display_url": "pic.twitter.com/7VC3tHT3ew", "url": "https://t.co/7VC3tHT3ew", "media_url_https": "https://pbs.twimg.com/media/DqCITJYW4AAWlGQ.jpg", "id_str": "1053992175321669632", "sizes": {"large": {"h": 551, "resize": "fit", "w": 652}, "small": {"h": 551, "resize": "fit", "w": 652}, "medium": {"h": 551, "resize": "fit", "w": 652}, "thumb": {"h": 150, "resize": "crop", "w": 150}}, "indices": [141, 164], "type": "photo", "id": 1053992175321669632, "media_url": "http://pbs.twimg.com/media/DqCITJYW4AAWlGQ.jpg"}, {"expanded_url": "https://twitter.com/Mushtaqksa123/status/1053992201318006785/photo/1", "display_url": "pic.twitter.com/7VC3tHT3ew", "url": "https://t.co/7VC3tHT3ew", "media_url_https": "https://pbs.twimg.com/media/DqCITJaW4AA9XHV.jpg", "id_str": "1053992175330058240", "sizes": {"large": {"h": 541, "resize": "fit", "w": 658}, "small": {"h": 541, "resize": "fit", "w": 658}, "medium": {"h": 541, "resize": "fit", "w": 658}, "thumb": {"h": 150, "resize": "crop", "w": 150}}, "indices": [141, 164], "type": "photo", "id": 1053992175330058240, "media_url": "http://pbs.twimg.com/media/DqCITJaW4AA9XHV.jpg"}, {"expanded_url": "https://twitter.com/Mushtaqksa123/status/1053992201318006785/photo/1", "display_url": "pic.twitter.com/7VC3tHT3ew", "url": "https://t.co/7VC3tHT3ew", "media_url_https": "https://pbs.twimg.com/media/DqCITJdWsAIiOY8.jpg", "id_str": "1053992175342628866", "sizes": {"large": {"h": 544, "resize": "fit", "w": 661}, "small": {"h": 544, "resize": "fit", "w": 661}, "medium": {"h": 544, "resize": "fit", "w": 661}, "thumb": {"h": 150, "resize": "crop", "w": 150}}, "indices": [141, 164], "type": "photo", "id": 1053992175342628866, "media_url": "http://pbs.twimg.com/media/DqCITJdWsAIiOY8.jpg"}]}, "extended_entities": {"media": [{"expanded_url": "https://twitter.com/Mushtaqksa123/status/1053992201318006785/photo/1", "display_url": "pic.twitter.com/7VC3tHT3ew", "url": "https://t.co/7VC3tHT3ew", "media_url_https": "https://pbs.twimg.com/media/DqCITJVWsAAWBR9.jpg", "id_str": "1053992175309074432", "sizes": {"small": {"h": 566, "resize": "fit", "w": 664}, "large": {"h": 566, "resize": "fit", "w": 664}, "medium": {"h": 566, "resize": "fit", "w": 664}, "thumb": {"h": 150, "resize": "crop", "w": 150}}, "indices": [141, 164], "type": "photo", "id": 1053992175309074432, "media_url": "http://pbs.twimg.com/media/DqCITJVWsAAWBR9.jpg"}, {"expanded_url": "https://twitter.com/Mushtaqksa123/status/1053992201318006785/photo/1", "display_url": "pic.twitter.com/7VC3tHT3ew", "url": "https://t.co/7VC3tHT3ew", "media_url_https": "https://pbs.twimg.com/media/DqCITJYW4AAWlGQ.jpg", "id_str": "1053992175321669632", "sizes": {"large": {"h": 551, "resize": "fit", "w": 652}, "small": {"h": 551, "resize": "fit", "w": 652}, "medium": {"h": 551, "resize": "fit", "w": 652}, "thumb": {"h": 150, "resize": "crop", "w": 150}}, "indices": [141, 164], "type": "photo", "id": 1053992175321669632, "media_url": "http://pbs.twimg.com/media/DqCITJYW4AAWlGQ.jpg"}, {"expanded_url": "https://twitter.com/Mushtaqksa123/status/1053992201318006785/photo/1", "display_url": "pic.twitter.com/7VC3tHT3ew", "url": "https://t.co/7VC3tHT3ew", "media_url_https": "https://pbs.twimg.com/media/DqCITJaW4AA9XHV.jpg", "id_str": "1053992175330058240", "sizes": {"large": {"h": 541, "resize": "fit", "w": 658}, "small": {"h": 541, "resize": "fit", "w": 658}, "medium": {"h": 541, "resize": "fit", "w": 658}, "thumb": {"h": 150, "resize": "crop", "w": 150}}, "indices": [141, 164], "type": "photo", "id": 1053992175330058240, "media_url": "http://pbs.twimg.com/media/DqCITJaW4AA9XHV.jpg"}, {"expanded_url": "https://twitter.com/Mushtaqksa123/status/1053992201318006785/photo/1", "display_url": "pic.twitter.com/7VC3tHT3ew", "url": "https://t.co/7VC3tHT3ew", "media_url_https": "https://pbs.twimg.com/media/DqCITJdWsAIiOY8.jpg", "id_str": "1053992175342628866", "sizes": {"large": {"h": 544, "resize": "fit", "w": 661}, "small": {"h": 544, "resize": "fit", "w": 661}, "medium": {"h": 544, "resize": "fit", "w": 661}, "thumb": {"h": 150, "resize": "crop", "w": 150}}, "indices": [141, 164], "type": "photo", "id": 1053992175342628866, "media_url": "http://pbs.twimg.com/media/DqCITJdWsAIiOY8.jpg"}]}, "full_text": "Pakistan on a lowest rank in Global Competitiveness Index 2018 in the region.\n\n#Pakistan 107th\n#India 58th\n#Bangladesh 103rd\n#Sri_Lanka 85th https://t.co/7VC3tHT3ew"}, "created_at": "Sun Oct 21 12:51:37 +0000 2018", "filter_level": "low", "in_reply_to_status_id_str": null, "place": null}
{"quote_count": 0, "contributors": null, "truncated": false, "text": "RT @MahrukhQureshi: Real #BreakingNews for all blind supporters of building #Dams\n\n\"#Pakistan has more #water available than it's usage req\u2026", "is_quote_status": false, "in_reply_to_status_id": null, "reply_count": 0, "id": 1053992209060712449, "favorite_count": 0, "entities": {"user_mentions": [{"id": 82820765, "indices": [3, 18], "id_str": "82820765", "screen_name": "MahrukhQureshi", "name": "Mahrukh Qureshi"}], "symbols": [], "hashtags": [{"indices": [25, 38], "text": "BreakingNews"}, {"indices": [76, 81], "text": "Dams"}, {"indices": [84, 93], "text": "Pakistan"}, {"indices": [103, 109], "text": "water"}], "urls": []}, "retweeted": false, "coordinates": null, "timestamp_ms": "1540126299525", "source": "<a href=\"http://twitter.com/download/android\" rel=\"nofollow\">Twitter for Android</a>", "in_reply_to_screen_name": null, "id_str": "1053992209060712449", "retweet_count": 0, "in_reply_to_user_id": null, "favorited": false, "retweeted_status": {"quote_count": 23, "contributors": null, "truncated": true, "text": "Real #BreakingNews for all blind supporters of building #Dams\n\n\"#Pakistan has more #water available than it's usage\u2026 https://t.co/7Y28G26SmY", "is_quote_status": false, "in_reply_to_status_id": null, "reply_count": 59, "id": 1053585551981494272, "favorite_count": 86, "entities": {"user_mentions": [], "symbols": [], "hashtags": [{"indices": [5, 18], "text": "BreakingNews"}, {"indices": [56, 61], "text": "Dams"}, {"indices": [64, 73], "text": "Pakistan"}, {"indices": [83, 89], "text": "water"}], "urls": [{"url": "https://t.co/7Y28G26SmY", "indices": [117, 140], "expanded_url": "https://twitter.com/i/web/status/1053585551981494272", "display_url": "twitter.com/i/web/status/1\u2026"}]}, "retweeted": false, "coordinates": null, "source": "<a href=\"http://twitter.com/download/android\" rel=\"nofollow\">Twitter for Android</a>", "in_reply_to_screen_name": null, "id_str": "1053585551981494272", "display_text_range": [0, 140], "retweet_count": 32, "in_reply_to_user_id": null, "favorited": false, "user": {"follow_request_sent": null, "profile_use_background_image": true, "default_profile_image": false, "id": 82820765, "default_profile": true, "verified": false, "profile_image_url_https": "https://pbs.twimg.com/profile_images/901877642294591490/hZAyMe41_normal.jpg", "profile_sidebar_fill_color": "DDEEF6", "profile_text_color": "333333", "followers_count": 43002, "profile_sidebar_border_color": "C0DEED", "id_str": "82820765", "profile_background_color": "C0DEED", "listed_count": 75, "profile_background_image_url_https": "https://abs.twimg.com/images/themes/theme1/bg.png", "utc_offset": null, "statuses_count": 10529, "description": "Broadcast journalist/Anchor Current Affairs/#HappilyMarried #Mom\n- Host #HumSab 8pm @CapitalTV_News \nEmail: s_mahrukh@hotmail.com\nRTs aren't Endorsements!", "friends_count": 837, "location": null, "profile_link_color": "1DA1F2", "profile_image_url": "http://pbs.twimg.com/profile_images/901877642294591490/hZAyMe41_normal.jpg", "following": null, "geo_enabled": false, "profile_banner_url": "https://pbs.twimg.com/profile_banners/82820765/1525851831", "profile_background_image_url": "http://abs.twimg.com/images/themes/theme1/bg.png", "name": "Mahrukh Qureshi", "lang": "en", "profile_background_tile": false, "favourites_count": 4259, "screen_name": "MahrukhQureshi", "notifications": null, "url": "https://facebook.com/MahrukhQureshiOfficial", "created_at": "Fri Oct 16 07:06:50 +0000 2009", "contributors_enabled": false, "time_zone": null, "protected": false, "translator_type": "none", "is_translator": false}, "geo": null, "in_reply_to_user_id_str": null, "possibly_sensitive": false, "lang": "en", "extended_tweet": {"display_text_range": [0, 139], "entities": {"user_mentions": [], "symbols": [], "hashtags": [{"indices": [5, 18], "text": "BreakingNews"}, {"indices": [56, 61], "text": "Dams"}, {"indices": [64, 73], "text": "Pakistan"}, {"indices": [83, 89], "text": "water"}, {"indices": [131, 139], "text": "DAMFUND"}], "urls": [], "media": [{"expanded_url": "https://twitter.com/MahrukhQureshi/status/1053585551981494272/photo/1", "display_url": "pic.twitter.com/QA3Q3shrun", "url": "https://t.co/QA3Q3shrun", "media_url_https": "https://pbs.twimg.com/media/Dp8WeUpXgAAcpLI.jpg", "id_str": "1053585548022087680", "sizes": {"large": {"h": 597, "resize": "fit", "w": 900}, "small": {"h": 451, "resize": "fit", "w": 680}, "medium": {"h": 597, "resize": "fit", "w": 900}, "thumb": {"h": 150, "resize": "crop", "w": 150}}, "indices": [140, 163], "type": "photo", "id": 1053585548022087680, "media_url": "http://pbs.twimg.com/media/Dp8WeUpXgAAcpLI.jpg"}]}, "extended_entities": {"media": [{"expanded_url": "https://twitter.com/MahrukhQureshi/status/1053585551981494272/photo/1", "display_url": "pic.twitter.com/QA3Q3shrun", "url": "https://t.co/QA3Q3shrun", "media_url_https": "https://pbs.twimg.com/media/Dp8WeUpXgAAcpLI.jpg", "id_str": "1053585548022087680", "sizes": {"large": {"h": 597, "resize": "fit", "w": 900}, "small": {"h": 451, "resize": "fit", "w": 680}, "medium": {"h": 597, "resize": "fit", "w": 900}, "thumb": {"h": 150, "resize": "crop", "w": 150}}, "indices": [140, 163], "type": "photo", "id": 1053585548022087680, "media_url": "http://pbs.twimg.com/media/Dp8WeUpXgAAcpLI.jpg"}]}, "full_text": "Real #BreakingNews for all blind supporters of building #Dams\n\n\"#Pakistan has more #water available than it's usage requirements.\" #DAMFUND https://t.co/QA3Q3shrun"}, "created_at": "Sat Oct 20 09:55:44 +0000 2018", "filter_level": "low", "in_reply_to_status_id_str": null, "place": null}, "user": {"follow_request_sent": null, "profile_use_background_image": true, "default_profile_image": false, "id": 895338897500246016, "default_profile": true, "verified": false, "profile_image_url_https": "https://abs.twimg.com/sticky/default_profile_images/default_profile_normal.png", "profile_sidebar_fill_color": "DDEEF6", "profile_text_color": "333333", "followers_count": 19, "profile_sidebar_border_color": "C0DEED", "id_str": "895338897500246016", "profile_background_color": "F5F8FA", "listed_count": 0, "profile_background_image_url_https": "", "utc_offset": null, "statuses_count": 998, "description": null, "friends_count": 182, "location": null, "profile_link_color": "1DA1F2", "profile_image_url": "http://abs.twimg.com/sticky/default_profile_images/default_profile_normal.png", "following": null, "geo_enabled": false, "profile_background_image_url": "", "name": "Jehangir Khan", "lang": "en", "profile_background_tile": false, "favourites_count": 4059, "screen_name": "Jekhan28", "notifications": null, "url": null, "created_at": "Wed Aug 09 17:40:02 +0000 2017", "contributors_enabled": false, "time_zone": null, "protected": false, "translator_type": "none", "is_translator": false}, "geo": null, "in_reply_to_user_id_str": null, "lang": "en", "created_at": "Sun Oct 21 12:51:39 +0000 2018", "filter_level": "low", "in_reply_to_status_id_str": null, "place": null}
{"quote_count": 0, "contributors": null, "truncated": false, "text": "RT @Dawn_News: \u0627\u0633\u0644\u0627\u0645 \u0622\u0628\u0627\u062f \u0645\u06cc\u06ba \u067e\u0648\u0644\u06cc\u0633 \u0627\u06c1\u0644\u06a9\u0627\u0631\u0648\u06ba \u06a9\u0648 \u062f\u06be\u0645\u06a9\u06cc\u0627\u06ba \u062f\u06cc\u0646\u0627 \u062e\u0627\u062a\u0648\u0646 \u06a9\u0648 \u0645\u06c1\u0646\u06af\u0627 \u067e\u0691 \u06af\u06cc\u0627\n\n#Islamabad\n#police \n#Islamabadpolice\n#trafficpolice\n#Da\u2026", "is_quote_status": false, "in_reply_to_status_id": null, "reply_count": 0, "id": 1053992209836462081, "favorite_count": 0, "entities": {"user_mentions": [{"id": 61155779, "indices": [3, 13], "id_str": "61155779", "screen_name": "Dawn_News", "name": "DawnNews"}], "symbols": [], "hashtags": [{"indices": [84, 94], "text": "Islamabad"}, {"indices": [95, 102], "text": "police"}, {"indices": [104, 120], "text": "Islamabadpolice"}, {"indices": [121, 135], "text": "trafficpolice"}], "urls": []}, "retweeted": false, "coordinates": null, "timestamp_ms": "1540126299710", "source": "<a href=\"http://twitter.com/download/android\" rel=\"nofollow\">Twitter for Android</a>", "in_reply_to_screen_name": null, "id_str": "1053992209836462081", "retweet_count": 0, "in_reply_to_user_id": null, "favorited": false, "retweeted_status": {"quote_count": 3, "contributors": null, "truncated": true, "text": "\u0627\u0633\u0644\u0627\u0645 \u0622\u0628\u0627\u062f \u0645\u06cc\u06ba \u067e\u0648\u0644\u06cc\u0633 \u0627\u06c1\u0644\u06a9\u0627\u0631\u0648\u06ba \u06a9\u0648 \u062f\u06be\u0645\u06a9\u06cc\u0627\u06ba \u062f\u06cc\u0646\u0627 \u062e\u0627\u062a\u0648\u0646 \u06a9\u0648 \u0645\u06c1\u0646\u06af\u0627 \u067e\u0691 \u06af\u06cc\u0627\n\n#Islamabad\n#police \n#Islamabadpolice\u2026 https://t.co/BBk1dwegY7", "is_quote_status": false, "in_reply_to_status_id": null, "reply_count": 3, "id": 1053971751208734720, "favorite_count": 45, "entities": {"user_mentions": [], "symbols": [], "hashtags": [{"indices": [69, 79], "text": "Islamabad"}, {"indices": [80, 87], "text": "police"}, {"indices": [89, 105], "text": "Islamabadpolice"}], "urls": [{"url": "https://t.co/BBk1dwegY7", "indices": [107, 130], "expanded_url": "https://twitter.com/i/web/status/1053971751208734720", "display_url": "twitter.com/i/web/status/1\u2026"}]}, "retweeted": false, "coordinates": null, "source": "<a href=\"https://about.twitter.com/products/tweetdeck\" rel=\"nofollow\">TweetDeck</a>", "in_reply_to_screen_name": null, "id_str": "1053971751208734720", "display_text_range": [0, 140], "retweet_count": 5, "in_reply_to_user_id": null, "favorited": false, "user": {"follow_request_sent": null, "profile_use_background_image": false, "default_profile_image": false, "id": 61155779, "default_profile": false, "verified": true, "profile_image_url_https": "https://pbs.twimg.com/profile_images/692447860223262720/unD1GYcM_normal.jpg", "profile_sidebar_fill_color": "000000", "profile_text_color": "000000", "followers_count": 1180182, "profile_sidebar_border_color": "000000", "id_str": "61155779", "profile_background_color": "000000", "listed_count": 1403, "profile_background_image_url_https": "https://abs.twimg.com/images/themes/theme18/bg.gif", "utc_offset": null, "statuses_count": 130288, "description": "DawnNews is one of Pakistan\u2019s leading news and current affairs television channel that vows to provide its viewers credible news and information.", "friends_count": 12, "location": "Pakistan", "profile_link_color": "1B95E0", "profile_image_url": "http://pbs.twimg.com/profile_images/692447860223262720/unD1GYcM_normal.jpg", "following": null, "geo_enabled": false, "profile_banner_url": "https://pbs.twimg.com/profile_banners/61155779/1538727302", "profile_background_image_url": "http://abs.twimg.com/images/themes/theme18/bg.gif", "name": "DawnNews", "lang": "en", "profile_background_tile": false, "favourites_count": 273, "screen_name": "Dawn_News", "notifications": null, "url": "http://www.dawnnews.tv", "created_at": "Wed Jul 29 09:24:04 +0000 2009", "contributors_enabled": false, "time_zone": null, "protected": false, "translator_type": "regular", "is_translator": false}, "geo": null, "in_reply_to_user_id_str": null, "possibly_sensitive": false, "lang": "ur", "extended_tweet": {"display_text_range": [0, 154], "entities": {"user_mentions": [], "symbols": [], "hashtags": [{"indices": [69, 79], "text": "Islamabad"}, {"indices": [80, 87], "text": "police"}, {"indices": [89, 105], "text": "Islamabadpolice"}, {"indices": [106, 120], "text": "trafficpolice"}, {"indices": [121, 130], "text": "DawnNews"}, {"indices": [132, 144], "text": "Viralvideos"}, {"indices": [145, 154], "text": "Pakistan"}], "urls": [], "media": [{"additional_media_info": {"monetizable": false}, "expanded_url": "https://twitter.com/Dawn_News/status/1053971751208734720/video/1", "display_url": "pic.twitter.com/YOPtlhNJxX", "url": "https://t.co/YOPtlhNJxX", "media_url_https": "https://pbs.twimg.com/ext_tw_video_thumb/1053971374459510784/pu/img/Zhfn63UYSY0tzWDj.jpg", "video_info": {"aspect_ratio": [1, 1], "duration_millis": 40480, "variants": [{"url": "https://video.twimg.com/ext_tw_video/1053971374459510784/pu/vid/600x600/CMK7n2PS3x0pK5JA.mp4?tag=5", "bitrate": 1280000, "content_type": "video/mp4"}, {"url": "https://video.twimg.com/ext_tw_video/1053971374459510784/pu/pl/EI7CkhmiebcfmUjn.m3u8?tag=5", "content_type": "application/x-mpegURL"}, {"url": "https://video.twimg.com/ext_tw_video/1053971374459510784/pu/vid/480x480/s_YHp1OMBMXEVA5b.mp4?tag=5", "bitrate": 832000, "content_type": "video/mp4"}, {"url": "https://video.twimg.com/ext_tw_video/1053971374459510784/pu/vid/240x240/c1qNbvbNL1S_Ns11.mp4?tag=5", "bitrate": 256000, "content_type": "video/mp4"}]}, "id_str": "1053971374459510784", "sizes": {"small": {"h": 600, "resize": "fit", "w": 600}, "large": {"h": 600, "resize": "fit", "w": 600}, "medium": {"h": 600, "resize": "fit", "w": 600}, "thumb": {"h": 150, "resize": "crop", "w": 150}}, "indices": [155, 178], "type": "video", "id": 1053971374459510784, "media_url": "http://pbs.twimg.com/ext_tw_video_thumb/1053971374459510784/pu/img/Zhfn63UYSY0tzWDj.jpg"}]}, "extended_entities": {"media": [{"additional_media_info": {"monetizable": false}, "expanded_url": "https://twitter.com/Dawn_News/status/1053971751208734720/video/1", "display_url": "pic.twitter.com/YOPtlhNJxX", "url": "https://t.co/YOPtlhNJxX", "media_url_https": "https://pbs.twimg.com/ext_tw_video_thumb/1053971374459510784/pu/img/Zhfn63UYSY0tzWDj.jpg", "video_info": {"aspect_ratio": [1, 1], "duration_millis": 40480, "variants": [{"url": "https://video.twimg.com/ext_tw_video/1053971374459510784/pu/vid/600x600/CMK7n2PS3x0pK5JA.mp4?tag=5", "bitrate": 1280000, "content_type": "video/mp4"}, {"url": "https://video.twimg.com/ext_tw_video/1053971374459510784/pu/pl/EI7CkhmiebcfmUjn.m3u8?tag=5", "content_type": "application/x-mpegURL"}, {"url": "https://video.twimg.com/ext_tw_video/1053971374459510784/pu/vid/480x480/s_YHp1OMBMXEVA5b.mp4?tag=5", "bitrate": 832000, "content_type": "video/mp4"}, {"url": "https://video.twimg.com/ext_tw_video/1053971374459510784/pu/vid/240x240/c1qNbvbNL1S_Ns11.mp4?tag=5", "bitrate": 256000, "content_type": "video/mp4"}]}, "id_str": "1053971374459510784", "sizes": {"small": {"h": 600, "resize": "fit", "w": 600}, "large": {"h": 600, "resize": "fit", "w": 600}, "medium": {"h": 600, "resize": "fit", "w": 600}, "thumb": {"h": 150, "resize": "crop", "w": 150}}, "indices": [155, 178], "type": "video", "id": 1053971374459510784, "media_url": "http://pbs.twimg.com/ext_tw_video_thumb/1053971374459510784/pu/img/Zhfn63UYSY0tzWDj.jpg"}]}, "full_text": "\u0627\u0633\u0644\u0627\u0645 \u0622\u0628\u0627\u062f \u0645\u06cc\u06ba \u067e\u0648\u0644\u06cc\u0633 \u0627\u06c1\u0644\u06a9\u0627\u0631\u0648\u06ba \u06a9\u0648 \u062f\u06be\u0645\u06a9\u06cc\u0627\u06ba \u062f\u06cc\u0646\u0627 \u062e\u0627\u062a\u0648\u0646 \u06a9\u0648 \u0645\u06c1\u0646\u06af\u0627 \u067e\u0691 \u06af\u06cc\u0627\n\n#Islamabad\n#police \n#Islamabadpolice\n#trafficpolice\n#DawnNews \n#Viralvideos\n#Pakistan https://t.co/YOPtlhNJxX"}, "created_at": "Sun Oct 21 11:30:21 +0000 2018", "filter_level": "low", "in_reply_to_status_id_str": null, "place": null}, "user": {"follow_request_sent": null, "profile_use_background_image": true, "default_profile_image": false, "id": 949305641025368065, "default_profile": true, "verified": false, "profile_image_url_https": "https://pbs.twimg.com/profile_images/1048190293412073472/vwX6TuvL_normal.jpg", "profile_sidebar_fill_color": "DDEEF6", "profile_text_color": "333333", "followers_count": 310, "profile_sidebar_border_color": "C0DEED", "id_str": "949305641025368065", "profile_background_color": "F5F8FA", "listed_count": 1, "profile_background_image_url_https": "", "utc_offset": null, "statuses_count": 8375, "description": null, "friends_count": 1591, "location": "\u0644\u0627\u06c1\u0648\u0631, \u067e\u0627\u06a9\u0633\u062a\u0627\u0646", "profile_link_color": "1DA1F2", "profile_image_url": "http://pbs.twimg.com/profile_images/1048190293412073472/vwX6TuvL_normal.jpg", "following": null, "geo_enabled": false, "profile_banner_url": "https://pbs.twimg.com/profile_banners/949305641025368065/1538743057", "profile_background_image_url": "", "name": "Asad Butt", "lang": "en", "profile_background_tile": false, "favourites_count": 27103, "screen_name": "AsadBut52633831", "notifications": null, "url": null, "created_at": "Fri Jan 05 15:44:36 +0000 2018", "contributors_enabled": false, "time_zone": null, "protected": false, "translator_type": "none", "is_translator": false}, "geo": null, "in_reply_to_user_id_str": null, "lang": "ur", "created_at": "Sun Oct 21 12:51:39 +0000 2018", "filter_level": "low", "in_reply_to_status_id_str": null, "place": null}
{"quote_count": 0, "contributors": null, "truncated": true, "text": "Global InterGold is growing everyday. We are looking forward to our official office in India \ud83c\uddee\ud83c\uddf3 soon. Then followed\u2026 https://t.co/asZ5k8ku2O", "is_quote_status": false, "in_reply_to_status_id": null, "reply_count": 0, "id": 1053992260415746050, "favorite_count": 0, "entities": {"user_mentions": [], "symbols": [], "hashtags": [], "urls": [{"url": "https://t.co/asZ5k8ku2O", "indices": [117, 140], "expanded_url": "https://twitter.com/i/web/status/1053992260415746050", "display_url": "twitter.com/i/web/status/1\u2026"}]}, "retweeted": false, "coordinates": null, "timestamp_ms": "1540126311769", "source": "<a href=\"http://instagram.com\" rel=\"nofollow\">Instagram</a>", "in_reply_to_screen_name": null, "id_str": "1053992260415746050", "retweet_count": 0, "in_reply_to_user_id": null, "favorited": false, "user": {"follow_request_sent": null, "profile_use_background_image": true, "default_profile_image": false, "id": 3434255710, "default_profile": true, "verified": false, "profile_image_url_https": "https://pbs.twimg.com/profile_images/1015516170361933824/hTtS2wVp_normal.jpg", "profile_sidebar_fill_color": "DDEEF6", "profile_text_color": "333333", "followers_count": 2, "profile_sidebar_border_color": "C0DEED", "id_str": "3434255710", "profile_background_color": "C0DEED", "listed_count": 0, "profile_background_image_url_https": "https://abs.twimg.com/images/themes/theme1/bg.png", "utc_offset": null, "statuses_count": 138, "description": null, "friends_count": 6, "location": null, "profile_link_color": "1DA1F2", "profile_image_url": "http://pbs.twimg.com/profile_images/1015516170361933824/hTtS2wVp_normal.jpg", "following": null, "geo_enabled": false, "profile_banner_url": "https://pbs.twimg.com/profile_banners/3434255710/1530952938", "profile_background_image_url": "http://abs.twimg.com/images/themes/theme1/bg.png", "name": "sandro  albano", "lang": "it", "profile_background_tile": false, "favourites_count": 283, "screen_name": "AlbanoSans", "notifications": null, "url": null, "created_at": "Fri Aug 21 13:45:17 +0000 2015", "contributors_enabled": false, "time_zone": null, "protected": false, "translator_type": "none", "is_translator": false}, "geo": null, "in_reply_to_user_id_str": null, "possibly_sensitive": false, "lang": "en", "extended_tweet": {"display_text_range": [0, 212], "entities": {"user_mentions": [], "symbols": [], "hashtags": [{"indices": [119, 123], "text": "USA"}, {"indices": [127, 134], "text": "Brazil"}, {"indices": [138, 147], "text": "Pakistan"}], "urls": [{"url": "https://t.co/XOC8Xj7164", "indices": [189, 212], "expanded_url": "https://www.instagram.com/p/BpMgzHaACZT/?utm_source=ig_twitter_share&igshid=t175uarhut6t", "display_url": "instagram.com/p/BpMgzHaACZT/\u2026"}]}, "full_text": "Global InterGold is growing everyday. We are looking forward to our official office in India \ud83c\uddee\ud83c\uddf3 soon. Then followed by #USA \ud83c\uddfa\ud83c\uddf8 #Brazil \ud83c\udde7\ud83c\uddf7 #Pakistan \ud83c\uddf5\ud83c\uddf0 and many other great news. The right\u2026 https://t.co/XOC8Xj7164"}, "created_at": "Sun Oct 21 12:51:51 +0000 2018", "filter_level": "low", "in_reply_to_status_id_str": null, "place": null}
{"quote_count": 0, "contributors": null, "truncated": false, "text": "RT @RealSufyanSays: #\u06c1\u0645\u06cc\u06ba_\u067e\u06cc\u0627\u0631_\u06c1\u06d2_\u067e\u0627\u06a9\u0633\u062a\u0627\u0646_\u0633\u06d2 \n\nYesterday's Evening In Naran, #KPK, #Pakistan \ud83c\uddf5\ud83c\uddf0 https://t.co/Dd1Y9Z3Mzi", "is_quote_status": false, "in_reply_to_status_id": null, "reply_count": 0, "id": 1053992262693216263, "favorite_count": 0, "entities": {"user_mentions": [{"id": 746727003563294720, "indices": [3, 18], "id_str": "746727003563294720", "screen_name": "RealSufyanSays", "name": "Muhammad Sufyan Khan"}], "symbols": [], "hashtags": [{"indices": [20, 44], "text": "\u06c1\u0645\u06cc\u06ba_\u067e\u06cc\u0627\u0631_\u06c1\u06d2_\u067e\u0627\u06a9\u0633\u062a\u0627\u0646_\u0633\u06d2"}, {"indices": [77, 81], "text": "KPK"}, {"indices": [83, 92], "text": "Pakistan"}], "urls": [], "media": [{"source_user_id": 746727003563294720, "source_status_id_str": "1053989559233642496", "expanded_url": "https://twitter.com/RealSufyanSays/status/1053989559233642496/photo/1", "display_url": "pic.twitter.com/Dd1Y9Z3Mzi", "url": "https://t.co/Dd1Y9Z3Mzi", "media_url_https": "https://pbs.twimg.com/media/DqCF5_pWwAACtFA.jpg", "source_user_id_str": "746727003563294720", "source_status_id": 1053989559233642496, "id_str": "1053989544188624896", "sizes": {"small": {"h": 680, "resize": "fit", "w": 407}, "large": {"h": 922, "resize": "fit", "w": 552}, "medium": {"h": 922, "resize": "fit", "w": 552}, "thumb": {"h": 150, "resize": "crop", "w": 150}}, "indices": [96, 119], "type": "photo", "id": 1053989544188624896, "media_url": "http://pbs.twimg.com/media/DqCF5_pWwAACtFA.jpg"}]}, "retweeted": false, "coordinates": null, "timestamp_ms": "1540126312312", "source": "<a href=\"http://twitter.com/download/iphone\" rel=\"nofollow\">Twitter for iPhone</a>", "in_reply_to_screen_name": null, "id_str": "1053992262693216263", "retweet_count": 0, "in_reply_to_user_id": null, "favorited": false, "retweeted_status": {"quote_count": 0, "contributors": null, "truncated": false, "text": "#\u06c1\u0645\u06cc\u06ba_\u067e\u06cc\u0627\u0631_\u06c1\u06d2_\u067e\u0627\u06a9\u0633\u062a\u0627\u0646_\u0633\u06d2 \n\nYesterday's Evening In Naran, #KPK, #Pakistan \ud83c\uddf5\ud83c\uddf0 https://t.co/Dd1Y9Z3Mzi", "is_quote_status": false, "in_reply_to_status_id": null, "reply_count": 0, "id": 1053989559233642496, "favorite_count": 4, "entities": {"user_mentions": [], "symbols": [], "hashtags": [{"indices": [0, 24], "text": "\u06c1\u0645\u06cc\u06ba_\u067e\u06cc\u0627\u0631_\u06c1\u06d2_\u067e\u0627\u06a9\u0633\u062a\u0627\u0646_\u0633\u06d2"}, {"indices": [57, 61], "text": "KPK"}, {"indices": [63, 72], "text": "Pakistan"}], "urls": [], "media": [{"expanded_url": "https://twitter.com/RealSufyanSays/status/1053989559233642496/photo/1", "display_url": "pic.twitter.com/Dd1Y9Z3Mzi", "url": "https://t.co/Dd1Y9Z3Mzi", "media_url_https": "https://pbs.twimg.com/media/DqCF5_pWwAACtFA.jpg", "id_str": "1053989544188624896", "sizes": {"small": {"h": 680, "resize": "fit", "w": 407}, "large": {"h": 922, "resize": "fit", "w": 552}, "medium": {"h": 922, "resize": "fit", "w": 552}, "thumb": {"h": 150, "resize": "crop", "w": 150}}, "indices": [76, 99], "type": "photo", "id": 1053989544188624896, "media_url": "http://pbs.twimg.com/media/DqCF5_pWwAACtFA.jpg"}]}, "retweeted": false, "coordinates": null, "source": "<a href=\"http://twitter.com/download/android\" rel=\"nofollow\">Twitter for Android</a>", "in_reply_to_screen_name": null, "id_str": "1053989559233642496", "display_text_range": [0, 75], "retweet_count": 1, "in_reply_to_user_id": null, "favorited": false, "user": {"follow_request_sent": null, "profile_use_background_image": true, "default_profile_image": false, "id": 746727003563294720, "default_profile": true, "verified": false, "profile_image_url_https": "https://pbs.twimg.com/profile_images/1035249378968186881/DLMlIiYg_normal.jpg", "profile_sidebar_fill_color": "DDEEF6", "profile_text_color": "333333", "followers_count": 9707, "profile_sidebar_border_color": "C0DEED", "id_str": "746727003563294720", "profile_background_color": "F5F8FA", "listed_count": 16, "profile_background_image_url_https": "", "utc_offset": null, "statuses_count": 23829, "description": "Agriculturist || Lawyer\ud83d\udcda || Mass Com\u2712||  Blogger || Social Med Activist || Sociologist ||\nCrickoholic\ud83c\udfcf || Sports || \u2764 Pak Army ||\nPassionate Pakistani \ud83c\uddf5\ud83c\uddf0||", "friends_count": 7756, "location": "City Of Saints \ud83d\udd4c", "profile_link_color": "1DA1F2", "profile_image_url": "http://pbs.twimg.com/profile_images/1035249378968186881/DLMlIiYg_normal.jpg", "following": null, "geo_enabled": true, "profile_banner_url": "https://pbs.twimg.com/profile_banners/746727003563294720/1536678191", "profile_background_image_url": "", "name": "Muhammad Sufyan Khan", "lang": "en", "profile_background_tile": false, "favourites_count": 51244, "screen_name": "RealSufyanSays", "notifications": null, "url": "http://shan-e-pakistan.tk", "created_at": "Sat Jun 25 15:29:25 +0000 2016", "contributors_enabled": false, "time_zone": null, "protected": false, "translator_type": "none", "is_translator": false}, "geo": null, "in_reply_to_user_id_str": null, "possibly_sensitive": false, "lang": "en", "created_at": "Sun Oct 21 12:41:07 +0000 2018", "filter_level": "low", "in_reply_to_status_id_str": null, "place": null, "extended_entities": {"media": [{"expanded_url": "https://twitter.com/RealSufyanSays/status/1053989559233642496/photo/1", "display_url": "pic.twitter.com/Dd1Y9Z3Mzi", "url": "https://t.co/Dd1Y9Z3Mzi", "media_url_https": "https://pbs.twimg.com/media/DqCF5_pWwAACtFA.jpg", "id_str": "1053989544188624896", "sizes": {"small": {"h": 680, "resize": "fit", "w": 407}, "large": {"h": 922, "resize": "fit", "w": 552}, "medium": {"h": 922, "resize": "fit", "w": 552}, "thumb": {"h": 150, "resize": "crop", "w": 150}}, "indices": [76, 99], "type": "photo", "id": 1053989544188624896, "media_url": "http://pbs.twimg.com/media/DqCF5_pWwAACtFA.jpg"}]}}, "user": {"follow_request_sent": null, "profile_use_background_image": true, "default_profile_image": false, "id": 1030302953901580289, "default_profile": true, "verified": false, "profile_image_url_https": "https://pbs.twimg.com/profile_images/1045731774427516928/viyAnKm1_normal.jpg", "profile_sidebar_fill_color": "DDEEF6", "profile_text_color": "333333", "followers_count": 1582, "profile_sidebar_border_color": "C0DEED", "id_str": "1030302953901580289", "profile_background_color": "F5F8FA", "listed_count": 0, "profile_background_image_url_https": "", "utc_offset": null, "statuses_count": 1389, "description": null, "friends_count": 1621, "location": null, "profile_link_color": "1DA1F2", "profile_image_url": "http://pbs.twimg.com/profile_images/1045731774427516928/viyAnKm1_normal.jpg", "following": null, "geo_enabled": false, "profile_banner_url": "https://pbs.twimg.com/profile_banners/1030302953901580289/1534826577", "profile_background_image_url": "", "name": "Hassan Raza Gardezi", "lang": "en", "profile_background_tile": false, "favourites_count": 1843, "screen_name": "IAMGardezi", "notifications": null, "url": null, "created_at": "Fri Aug 17 03:59:01 +0000 2018", "contributors_enabled": false, "time_zone": null, "protected": false, "translator_type": "none", "is_translator": false}, "geo": null, "in_reply_to_user_id_str": null, "possibly_sensitive": false, "lang": "en", "created_at": "Sun Oct 21 12:51:52 +0000 2018", "filter_level": "low", "in_reply_to_status_id_str": null, "place": null, "extended_entities": {"media": [{"source_user_id": 746727003563294720, "source_status_id_str": "1053989559233642496", "expanded_url": "https://twitter.com/RealSufyanSays/status/1053989559233642496/photo/1", "display_url": "pic.twitter.com/Dd1Y9Z3Mzi", "url": "https://t.co/Dd1Y9Z3Mzi", "media_url_https": "https://pbs.twimg.com/media/DqCF5_pWwAACtFA.jpg", "source_user_id_str": "746727003563294720", "source_status_id": 1053989559233642496, "id_str": "1053989544188624896", "sizes": {"small": {"h": 680, "resize": "fit", "w": 407}, "large": {"h": 922, "resize": "fit", "w": 552}, "medium": {"h": 922, "resize": "fit", "w": 552}, "thumb": {"h": 150, "resize": "crop", "w": 150}}, "indices": [96, 119], "type": "photo", "id": 1053989544188624896, "media_url": "http://pbs.twimg.com/media/DqCF5_pWwAACtFA.jpg"}]}}
{"quote_count": 0, "contributors": null, "truncated": false, "text": "RT @LouPotts50: Going Green has Brought Positive Change ~ Billion \ud83c\udf33\ud83c\udf34\ud83c\udf8b Tsunami! #FreeKaavan team is prepared to come to #Pakistan to discuss\u2026", "is_quote_status": false, "in_reply_to_status_id": null, "reply_count": 0, "id": 1053992324408045569, "favorite_count": 0, "entities": {"user_mentions": [{"id": 891987402625081344, "indices": [3, 14], "id_str": "891987402625081344", "screen_name": "LouPotts50", "name": "Louise Potts"}], "symbols": [], "hashtags": [{"indices": [79, 90], "text": "FreeKaavan"}, {"indices": [119, 128], "text": "Pakistan"}], "urls": []}, "retweeted": false, "coordinates": null, "timestamp_ms": "1540126327026", "source": "<a href=\"http://twitter.com/download/iphone\" rel=\"nofollow\">Twitter for iPhone</a>", "in_reply_to_screen_name": null, "id_str": "1053992324408045569", "retweet_count": 0, "in_reply_to_user_id": null, "favorited": false, "retweeted_status": {"quote_count": 0, "contributors": null, "truncated": true, "text": "Going Green has Brought Positive Change ~ Billion \ud83c\udf33\ud83c\udf34\ud83c\udf8b Tsunami! #FreeKaavan team is prepared to come to #Pakistan to\u2026 https://t.co/jmqBnIhOLe", "is_quote_status": false, "in_reply_to_status_id": null, "reply_count": 0, "id": 1053944356456017920, "favorite_count": 0, "entities": {"user_mentions": [], "symbols": [], "hashtags": [{"indices": [63, 74], "text": "FreeKaavan"}, {"indices": [103, 112], "text": "Pakistan"}], "urls": [{"url": "https://t.co/jmqBnIhOLe", "indices": [117, 140], "expanded_url": "https://twitter.com/i/web/status/1053944356456017920", "display_url": "twitter.com/i/web/status/1\u2026"}]}, "retweeted": false, "coordinates": null, "source": "<a href=\"http://twitter.com\" rel=\"nofollow\">Twitter Web Client</a>", "in_reply_to_screen_name": null, "id_str": "1053944356456017920", "retweet_count": 2, "in_reply_to_user_id": null, "favorited": false, "user": {"follow_request_sent": null, "profile_use_background_image": false, "default_profile_image": false, "id": 891987402625081344, "default_profile": false, "verified": false, "profile_image_url_https": "https://pbs.twimg.com/profile_images/1016662776289390594/xj_bIKVu_normal.jpg", "profile_sidebar_fill_color": "000000", "profile_text_color": "000000", "followers_count": 107, "profile_sidebar_border_color": "000000", "id_str": "891987402625081344", "profile_background_color": "000000", "listed_count": 0, "profile_background_image_url_https": "https://abs.twimg.com/images/themes/theme1/bg.png", "utc_offset": null, "statuses_count": 1185, "description": "Advocator for elephants worldwide. Brand Ambassador for Elephas,Paris, the soap that saves elephants. http://www.elephas.fr", "friends_count": 198, "location": "England, United Kingdom", "profile_link_color": "1B95E0", "profile_image_url": "http://pbs.twimg.com/profile_images/1016662776289390594/xj_bIKVu_normal.jpg", "following": null, "geo_enabled": false, "profile_banner_url": "https://pbs.twimg.com/profile_banners/891987402625081344/1525419220", "profile_background_image_url": "http://abs.twimg.com/images/themes/theme1/bg.png", "name": "Louise Potts", "lang": "en", "profile_background_tile": false, "favourites_count": 865, "screen_name": "LouPotts50", "notifications": null, "url": null, "created_at": "Mon Jul 31 11:42:23 +0000 2017", "contributors_enabled": false, "time_zone": null, "protected": false, "translator_type": "none", "is_translator": false}, "geo": null, "in_reply_to_user_id_str": null, "possibly_sensitive": false, "lang": "en", "extended_tweet": {"display_text_range": [0, 226], "entities": {"user_mentions": [{"id": 113286385, "indices": [188, 202], "id_str": "113286385", "screen_name": "fawadchaudhry", "name": "Ch Fawad Hussain"}], "symbols": [], "hashtags": [{"indices": [63, 74], "text": "FreeKaavan"}, {"indices": [103, 112], "text": "Pakistan"}], "urls": [], "media": [{"source_user_id": 850861278864199680, "source_status_id_str": "1047345459943993344", "expanded_url": "https://twitter.com/xxmoreeles/status/1047345459943993344/photo/1", "display_url": "pic.twitter.com/Szc9IxDw3k", "url": "https://t.co/Szc9IxDw3k", "media_url_https": "https://pbs.twimg.com/media/DojrC4rVAAIYjLv.jpg", "source_user_id_str": "850861278864199680", "source_status_id": 1047345459943993344, "id_str": "1047345348170022914", "sizes": {"large": {"h": 478, "resize": "fit", "w": 731}, "small": {"h": 445, "resize": "fit", "w": 680}, "medium": {"h": 478, "resize": "fit", "w": 731}, "thumb": {"h": 150, "resize": "crop", "w": 150}}, "indices": [203, 226], "type": "photo", "id": 1047345348170022914, "media_url": "http://pbs.twimg.com/media/DojrC4rVAAIYjLv.jpg"}, {"source_user_id": 850861278864199680, "source_status_id_str": "1047345459943993344", "expanded_url": "https://twitter.com/xxmoreeles/status/1047345459943993344/photo/1", "display_url": "pic.twitter.com/Szc9IxDw3k", "url": "https://t.co/Szc9IxDw3k", "media_url_https": "https://pbs.twimg.com/media/DojrG1sV4AE9ASy.jpg", "source_user_id_str": "850861278864199680", "source_status_id": 1047345459943993344, "id_str": "1047345416088444929", "sizes": {"small": {"h": 639, "resize": "fit", "w": 626}, "large": {"h": 639, "resize": "fit", "w": 626}, "medium": {"h": 639, "resize": "fit", "w": 626}, "thumb": {"h": 150, "resize": "crop", "w": 150}}, "indices": [203, 226], "type": "photo", "id": 1047345416088444929, "media_url": "http://pbs.twimg.com/media/DojrG1sV4AE9ASy.jpg"}]}, "extended_entities": {"media": [{"source_user_id": 850861278864199680, "source_status_id_str": "1047345459943993344", "expanded_url": "https://twitter.com/xxmoreeles/status/1047345459943993344/photo/1", "display_url": "pic.twitter.com/Szc9IxDw3k", "url": "https://t.co/Szc9IxDw3k", "media_url_https": "https://pbs.twimg.com/media/DojrC4rVAAIYjLv.jpg", "source_user_id_str": "850861278864199680", "source_status_id": 1047345459943993344, "id_str": "1047345348170022914", "sizes": {"large": {"h": 478, "resize": "fit", "w": 731}, "small": {"h": 445, "resize": "fit", "w": 680}, "medium": {"h": 478, "resize": "fit", "w": 731}, "thumb": {"h": 150, "resize": "crop", "w": 150}}, "indices": [203, 226], "type": "photo", "id": 1047345348170022914, "media_url": "http://pbs.twimg.com/media/DojrC4rVAAIYjLv.jpg"}, {"source_user_id": 850861278864199680, "source_status_id_str": "1047345459943993344", "expanded_url": "https://twitter.com/xxmoreeles/status/1047345459943993344/photo/1", "display_url": "pic.twitter.com/Szc9IxDw3k", "url": "https://t.co/Szc9IxDw3k", "media_url_https": "https://pbs.twimg.com/media/DojrG1sV4AE9ASy.jpg", "source_user_id_str": "850861278864199680", "source_status_id": 1047345459943993344, "id_str": "1047345416088444929", "sizes": {"small": {"h": 639, "resize": "fit", "w": 626}, "large": {"h": 639, "resize": "fit", "w": 626}, "medium": {"h": 639, "resize": "fit", "w": 626}, "thumb": {"h": 150, "resize": "crop", "w": 150}}, "indices": [203, 226], "type": "photo", "id": 1047345416088444929, "media_url": "http://pbs.twimg.com/media/DojrG1sV4AE9ASy.jpg"}]}, "full_text": "Going Green has Brought Positive Change ~ Billion \ud83c\udf33\ud83c\udf34\ud83c\udf8b Tsunami! #FreeKaavan team is prepared to come to #Pakistan to discuss in a meeting our offer to help Captive Animals @ No Cost to \ud83c\uddf5\ud83c\uddf0. @fawadchaudhry https://t.co/Szc9IxDw3k"}, "created_at": "Sun Oct 21 09:41:30 +0000 2018", "filter_level": "low", "in_reply_to_status_id_str": null, "place": null}, "user": {"follow_request_sent": null, "profile_use_background_image": true, "default_profile_image": false, "id": 4799604449, "default_profile": true, "verified": false, "profile_image_url_https": "https://pbs.twimg.com/profile_images/971571011962327040/lzhqfaio_normal.jpg", "profile_sidebar_fill_color": "DDEEF6", "profile_text_color": "333333", "followers_count": 2920, "profile_sidebar_border_color": "C0DEED", "id_str": "4799604449", "profile_background_color": "F5F8FA", "listed_count": 76, "profile_background_image_url_https": "", "utc_offset": null, "statuses_count": 145915, "description": "#Kaavan is my First LOVE for \ud83d\udc18\u2019s Member #FreeKaavan \ud83d\udc18 Join #Kaavan page \ud83d\udc49\ud83c\udffb https://www.facebook.com/teamkaavan/ #TeamKaavan. 4 all Voiceless \ud83e\udd8d\ud83e\udd8f\ud83d\udc15", "friends_count": 1964, "location": "Canada", "profile_link_color": "1DA1F2", "profile_image_url": "http://pbs.twimg.com/profile_images/971571011962327040/lzhqfaio_normal.jpg", "following": null, "geo_enabled": false, "profile_banner_url": "https://pbs.twimg.com/profile_banners/4799604449/1520475563", "profile_background_image_url": "", "name": "Anika", "lang": "en", "profile_background_tile": false, "favourites_count": 30271, "screen_name": "anikasleem", "notifications": null, "url": null, "created_at": "Thu Jan 14 01:41:46 +0000 2016", "contributors_enabled": false, "time_zone": null, "protected": false, "translator_type": "none", "is_translator": false}, "geo": null, "in_reply_to_user_id_str": null, "lang": "en", "created_at": "Sun Oct 21 12:52:07 +0000 2018", "filter_level": "low", "in_reply_to_status_id_str": null, "place": null}
{"quote_count": 0, "contributors": null, "truncated": false, "text": "RT @BoriwalKakar: \u067e\u0627\u06a9\u0633\u062a\u0627\u0646 \u0627\u0641\u063a\u0627\u0646\u0633\u062a\u0627\u0646 \u0645\u06cc\u06ba \u0627\u0645\u0646 \u0686\u0627\u06c1\u062a\u0627 \u06c1\u06d2 \u0627\u0633\u06a9\u0627 \u0627\u0646\u062f\u0627\u0632\u06c1 \u0627\u0633 \u067e\u0627\u06a9\u0633\u062a\u0627\u0646\u06cc \u0627\u062e\u0628\u0627\u0631 \u06a9\u06d2 \u0628\u06cc\u0627\u0646 \u0633\u06d2 \u0635\u0627\u0641 \u0638\u0627\u06c1\u0631 \u06c1\u06d2\u06d4 \n#Afghanistan #Pakistan #Peace h\u2026", "is_quote_status": false, "in_reply_to_status_id": null, "reply_count": 0, "id": 1053992366628057089, "favorite_count": 0, "entities": {"user_mentions": [{"id": 299184330, "indices": [3, 16], "id_str": "299184330", "screen_name": "BoriwalKakar", "name": "Boriwal Kakar"}], "symbols": [], "hashtags": [{"indices": [108, 120], "text": "Afghanistan"}, {"indices": [121, 130], "text": "Pakistan"}, {"indices": [131, 137], "text": "Peace"}], "urls": []}, "retweeted": false, "coordinates": null, "timestamp_ms": "1540126337092", "source": "<a href=\"http://twitter.com/download/iphone\" rel=\"nofollow\">Twitter for iPhone</a>", "in_reply_to_screen_name": null, "id_str": "1053992366628057089", "retweet_count": 0, "in_reply_to_user_id": null, "favorited": false, "retweeted_status": {"quote_count": 1, "contributors": null, "truncated": true, "text": "\u067e\u0627\u06a9\u0633\u062a\u0627\u0646 \u0627\u0641\u063a\u0627\u0646\u0633\u062a\u0627\u0646 \u0645\u06cc\u06ba \u0627\u0645\u0646 \u0686\u0627\u06c1\u062a\u0627 \u06c1\u06d2 \u0627\u0633\u06a9\u0627 \u0627\u0646\u062f\u0627\u0632\u06c1 \u0627\u0633 \u067e\u0627\u06a9\u0633\u062a\u0627\u0646\u06cc \u0627\u062e\u0628\u0627\u0631 \u06a9\u06d2 \u0628\u06cc\u0627\u0646 \u0633\u06d2 \u0635\u0627\u0641 \u0638\u0627\u06c1\u0631 \u06c1\u06d2\u06d4 \n#Afghanistan #Pakistan\u2026 https://t.co/S1lEEN4YhV", "is_quote_status": false, "in_reply_to_status_id": null, "reply_count": 3, "id": 1053914274156945408, "favorite_count": 39, "entities": {"user_mentions": [], "symbols": [], "hashtags": [{"indices": [90, 102], "text": "Afghanistan"}, {"indices": [103, 112], "text": "Pakistan"}], "urls": [{"url": "https://t.co/S1lEEN4YhV", "indices": [114, 137], "expanded_url": "https://twitter.com/i/web/status/1053914274156945408", "display_url": "twitter.com/i/web/status/1\u2026"}]}, "retweeted": false, "coordinates": null, "source": "<a href=\"http://twitter.com/download/iphone\" rel=\"nofollow\">Twitter for iPhone</a>", "in_reply_to_screen_name": null, "id_str": "1053914274156945408", "display_text_range": [0, 140], "retweet_count": 16, "in_reply_to_user_id": null, "favorited": false, "user": {"follow_request_sent": null, "profile_use_background_image": true, "default_profile_image": false, "id": 299184330, "default_profile": false, "verified": false, "profile_image_url_https": "https://pbs.twimg.com/profile_images/967809047415181314/iHHVLEwW_normal.jpg", "profile_sidebar_fill_color": "7AC3EE", "profile_text_color": "3D1957", "followers_count": 7860, "profile_sidebar_border_color": "65B0DA", "id_str": "299184330", "profile_background_color": "642D8B", "listed_count": 29, "profile_background_image_url_https": "https://abs.twimg.com/images/themes/theme10/bg.gif", "utc_offset": null, "statuses_count": 3852, "description": "Journalist. Believe In Freedom Of Speech. Views Are Mine & Retweets Aren't Endorsement. In Love with Nature , Sea , Rain , Snow , Music & Cricket.", "friends_count": 250, "location": null, "profile_link_color": "FF0000", "profile_image_url": "http://pbs.twimg.com/profile_images/967809047415181314/iHHVLEwW_normal.jpg", "following": null, "geo_enabled": false, "profile_banner_url": "https://pbs.twimg.com/profile_banners/299184330/1409085357", "profile_background_image_url": "http://abs.twimg.com/images/themes/theme10/bg.gif", "name": "Boriwal Kakar", "lang": "en", "profile_background_tile": false, "favourites_count": 740, "screen_name": "BoriwalKakar", "notifications": null, "url": null, "created_at": "Sun May 15 17:05:07 +0000 2011", "contributors_enabled": false, "time_zone": null, "protected": false, "translator_type": "none", "is_translator": false}, "geo": null, "in_reply_to_user_id_str": null, "possibly_sensitive": false, "lang": "ur", "extended_tweet": {"display_text_range": [0, 119], "entities": {"user_mentions": [], "symbols": [], "hashtags": [{"indices": [90, 102], "text": "Afghanistan"}, {"indices": [103, 112], "text": "Pakistan"}, {"indices": [113, 119], "text": "Peace"}], "urls": [], "media": [{"expanded_url": "https://twitter.com/BoriwalKakar/status/1053914274156945408/photo/1", "display_url": "pic.twitter.com/I054hqZufj", "url": "https://t.co/I054hqZufj", "media_url_https": "https://pbs.twimg.com/media/DqBBcLaX4AAtynr.jpg", "id_str": "1053914265160245248", "sizes": {"large": {"h": 960, "resize": "fit", "w": 1488}, "small": {"h": 439, "resize": "fit", "w": 680}, "medium": {"h": 774, "resize": "fit", "w": 1200}, "thumb": {"h": 150, "resize": "crop", "w": 150}}, "indices": [120, 143], "type": "photo", "id": 1053914265160245248, "media_url": "http://pbs.twimg.com/media/DqBBcLaX4AAtynr.jpg"}]}, "extended_entities": {"media": [{"expanded_url": "https://twitter.com/BoriwalKakar/status/1053914274156945408/photo/1", "display_url": "pic.twitter.com/I054hqZufj", "url": "https://t.co/I054hqZufj", "media_url_https": "https://pbs.twimg.com/media/DqBBcLaX4AAtynr.jpg", "id_str": "1053914265160245248", "sizes": {"large": {"h": 960, "resize": "fit", "w": 1488}, "small": {"h": 439, "resize": "fit", "w": 680}, "medium": {"h": 774, "resize": "fit", "w": 1200}, "thumb": {"h": 150, "resize": "crop", "w": 150}}, "indices": [120, 143], "type": "photo", "id": 1053914265160245248, "media_url": "http://pbs.twimg.com/media/DqBBcLaX4AAtynr.jpg"}]}, "full_text": "\u067e\u0627\u06a9\u0633\u062a\u0627\u0646 \u0627\u0641\u063a\u0627\u0646\u0633\u062a\u0627\u0646 \u0645\u06cc\u06ba \u0627\u0645\u0646 \u0686\u0627\u06c1\u062a\u0627 \u06c1\u06d2 \u0627\u0633\u06a9\u0627 \u0627\u0646\u062f\u0627\u0632\u06c1 \u0627\u0633 \u067e\u0627\u06a9\u0633\u062a\u0627\u0646\u06cc \u0627\u062e\u0628\u0627\u0631 \u06a9\u06d2 \u0628\u06cc\u0627\u0646 \u0633\u06d2 \u0635\u0627\u0641 \u0638\u0627\u06c1\u0631 \u06c1\u06d2\u06d4 \n#Afghanistan #Pakistan #Peace https://t.co/I054hqZufj"}, "created_at": "Sun Oct 21 07:41:58 +0000 2018", "filter_level": "low", "in_reply_to_status_id_str": null, "place": null}, "user": {"follow_request_sent": null, "profile_use_background_image": true, "default_profile_image": false, "id": 1028372496888856576, "default_profile": true, "verified": false, "profile_image_url_https": "https://pbs.twimg.com/profile_images/1029471772167561216/OGPovFVA_normal.jpg", "profile_sidebar_fill_color": "DDEEF6", "profile_text_color": "333333", "followers_count": 40, "profile_sidebar_border_color": "C0DEED", "id_str": "1028372496888856576", "profile_background_color": "F5F8FA", "listed_count": 0, "profile_background_image_url_https": "", "utc_offset": null, "statuses_count": 151, "description": null, "friends_count": 104, "location": null, "profile_link_color": "1DA1F2", "profile_image_url": "http://pbs.twimg.com/profile_images/1029471772167561216/OGPovFVA_normal.jpg", "following": null, "geo_enabled": false, "profile_banner_url": "https://pbs.twimg.com/profile_banners/1028372496888856576/1534112352", "profile_background_image_url": "", "name": "Azad Azadi", "lang": "en", "profile_background_tile": false, "favourites_count": 1693, "screen_name": "AzadAza35675060", "notifications": null, "url": null, "created_at": "Sat Aug 11 20:08:04 +0000 2018", "contributors_enabled": false, "time_zone": null, "protected": false, "translator_type": "none", "is_translator": false}, "geo": null, "in_reply_to_user_id_str": null, "lang": "ur", "created_at": "Sun Oct 21 12:52:17 +0000 2018", "filter_level": "low", "in_reply_to_status_id_str": null, "place": null}
{"quote_count": 0, "contributors": null, "truncated": false, "text": "@vanyajha @ImVikas78 @narendramodi In sharp contrast to punishment of #Jaynab rapist in #Pakistan.", "is_quote_status": false, "in_reply_to_status_id": 1053963901434384384, "reply_count": 0, "id": 1053992370771881986, "favorite_count": 0, "entities": {"user_mentions": [{"id": 102153835, "indices": [0, 9], "id_str": "102153835", "screen_name": "vanyajha", "name": "Vanya"}, {"id": 2879626388, "indices": [10, 20], "id_str": "2879626388", "screen_name": "ImVikas78", "name": "Vikas"}, {"id": 18839785, "indices": [21, 34], "id_str": "18839785", "screen_name": "narendramodi", "name": "Narendra Modi"}], "symbols": [], "hashtags": [{"indices": [70, 77], "text": "Jaynab"}, {"indices": [88, 97], "text": "Pakistan"}], "urls": []}, "retweeted": false, "coordinates": null, "timestamp_ms": "1540126338080", "source": "<a href=\"https://mobile.twitter.com\" rel=\"nofollow\">Twitter Lite</a>", "in_reply_to_screen_name": "vanyajha", "id_str": "1053992370771881986", "display_text_range": [35, 98], "retweet_count": 0, "in_reply_to_user_id": 102153835, "favorited": false, "user": {"follow_request_sent": null, "profile_use_background_image": true, "default_profile_image": false, "id": 140829126, "default_profile": true, "verified": false, "profile_image_url_https": "https://pbs.twimg.com/profile_images/921529628/Untitled-2_normal.gif", "profile_sidebar_fill_color": "DDEEF6", "profile_text_color": "333333", "followers_count": 176, "profile_sidebar_border_color": "C0DEED", "id_str": "140829126", "profile_background_color": "C0DEED", "listed_count": 2, "profile_background_image_url_https": "https://abs.twimg.com/images/themes/theme1/bg.png", "utc_offset": null, "statuses_count": 731, "description": "Watching social & political development affecting global community, specifically India", "friends_count": 302, "location": null, "profile_link_color": "1DA1F2", "profile_image_url": "http://pbs.twimg.com/profile_images/921529628/Untitled-2_normal.gif", "following": null, "geo_enabled": false, "profile_background_image_url": "http://abs.twimg.com/images/themes/theme1/bg.png", "name": "SocioPoliticalWatch", "lang": "en", "profile_background_tile": false, "favourites_count": 125, "screen_name": "SocioPoliticalW", "notifications": null, "url": "http://sociopoliticalwatch.blogspot.com/", "created_at": "Thu May 06 13:29:48 +0000 2010", "contributors_enabled": false, "time_zone": null, "protected": false, "translator_type": "none", "is_translator": false}, "geo": null, "in_reply_to_user_id_str": "102153835", "lang": "en", "created_at": "Sun Oct 21 12:52:18 +0000 2018", "filter_level": "low", "in_reply_to_status_id_str": "1053963901434384384", "place": null}
{"quote_count": 0, "contributors": null, "truncated": false, "text": "RT @WBOreports: Internationally banned terrorist organization JAMAT'UD'DA'WAH releases a video of  #hafizsaeed  celebrating the death of Ma\u2026", "is_quote_status": false, "in_reply_to_status_id": null, "reply_count": 0, "id": 1053992398399983616, "favorite_count": 0, "entities": {"user_mentions": [{"id": 926497863173115904, "indices": [3, 14], "id_str": "926497863173115904", "screen_name": "WBOreports", "name": "WBO Reports"}], "symbols": [], "hashtags": [{"indices": [99, 110], "text": "hafizsaeed"}], "urls": []}, "retweeted": false, "coordinates": null, "timestamp_ms": "1540126344667", "source": "<a href=\"http://twitter.com/download/android\" rel=\"nofollow\">Twitter for Android</a>", "in_reply_to_screen_name": null, "id_str": "1053992398399983616", "retweet_count": 0, "in_reply_to_user_id": null, "favorited": false, "retweeted_status": {"quote_count": 0, "contributors": null, "truncated": true, "text": "Internationally banned terrorist organization JAMAT'UD'DA'WAH releases a video of  #hafizsaeed  celebrating the dea\u2026 https://t.co/oLrGSFpaqx", "is_quote_status": false, "in_reply_to_status_id": null, "reply_count": 0, "id": 1053774903437090817, "favorite_count": 6, "entities": {"user_mentions": [], "symbols": [], "hashtags": [{"indices": [83, 94], "text": "hafizsaeed"}], "urls": [{"url": "https://t.co/oLrGSFpaqx", "indices": [117, 140], "expanded_url": "https://twitter.com/i/web/status/1053774903437090817", "display_url": "twitter.com/i/web/status/1\u2026"}]}, "retweeted": false, "coordinates": null, "source": "<a href=\"http://twitter.com/download/android\" rel=\"nofollow\">Twitter for Android</a>", "in_reply_to_screen_name": null, "id_str": "1053774903437090817", "retweet_count": 6, "in_reply_to_user_id": null, "favorited": false, "user": {"follow_request_sent": null, "profile_use_background_image": true, "default_profile_image": false, "id": 926497863173115904, "default_profile": true, "verified": false, "profile_image_url_https": "https://pbs.twimg.com/profile_images/965842080248614912/DeYopmaX_normal.jpg", "profile_sidebar_fill_color": "DDEEF6", "profile_text_color": "333333", "followers_count": 408, "profile_sidebar_border_color": "C0DEED", "id_str": "926497863173115904", "profile_background_color": "F5F8FA", "listed_count": 0, "profile_background_image_url_https": "", "utc_offset": null, "statuses_count": 1631, "description": "We work on raising awareness of the human rights situation in Pakistan-occupied #Balochistan. \n\nFollow us for the latest news updates on the Balochistan crisis.", "friends_count": 15, "location": "Balochistan", "profile_link_color": "1DA1F2", "profile_image_url": "http://pbs.twimg.com/profile_images/965842080248614912/DeYopmaX_normal.jpg", "following": null, "geo_enabled": false, "profile_banner_url": "https://pbs.twimg.com/profile_banners/926497863173115904/1518951523", "profile_background_image_url": "", "name": "WBO Reports", "lang": "en", "profile_background_tile": false, "favourites_count": 59, "screen_name": "WBOreports", "notifications": null, "url": "http://WorldBaloch.org", "created_at": "Fri Nov 03 17:14:39 +0000 2017", "contributors_enabled": false, "time_zone": null, "protected": false, "translator_type": "none", "is_translator": false}, "geo": null, "in_reply_to_user_id_str": null, "possibly_sensitive": false, "lang": "en", "extended_tweet": {"display_text_range": [0, 176], "entities": {"user_mentions": [], "symbols": [], "hashtags": [{"indices": [83, 94], "text": "hafizsaeed"}, {"indices": [133, 141], "text": "Kashmir"}, {"indices": [142, 151], "text": "Pakistan"}], "urls": [], "media": [{"additional_media_info": {"monetizable": false}, "source_user_id": 863350204640002048, "source_status_id_str": "1053768675684040704", "expanded_url": "https://twitter.com/khhaton/status/1053768675684040704/video/1", "display_url": "pic.twitter.com/RloVfW8Mh4", "url": "https://t.co/RloVfW8Mh4", "media_url_https": "https://pbs.twimg.com/ext_tw_video_thumb/1053767453224796160/pu/img/XekglPJ575R2jVoh.jpg", "source_user_id_str": "863350204640002048", "source_status_id": 1053768675684040704, "video_info": {"aspect_ratio": [53, 30], "duration_millis": 112917, "variants": [{"url": "https://video.twimg.com/ext_tw_video/1053767453224796160/pu/vid/636x360/qF5vasmNAWuOzDes.mp4?tag=5", "bitrate": 832000, "content_type": "video/mp4"}, {"url": "https://video.twimg.com/ext_tw_video/1053767453224796160/pu/pl/OlQVbzaA3SdB7Qex.m3u8?tag=5", "content_type": "application/x-mpegURL"}, {"url": "https://video.twimg.com/ext_tw_video/1053767453224796160/pu/vid/318x180/1r_EB2spaTnK29rM.mp4?tag=5", "bitrate": 256000, "content_type": "video/mp4"}]}, "id_str": "1053767453224796160", "sizes": {"large": {"h": 360, "resize": "fit", "w": 636}, "small": {"h": 360, "resize": "fit", "w": 636}, "medium": {"h": 360, "resize": "fit", "w": 636}, "thumb": {"h": 150, "resize": "crop", "w": 150}}, "indices": [153, 176], "type": "video", "id": 1053767453224796160, "media_url": "http://pbs.twimg.com/ext_tw_video_thumb/1053767453224796160/pu/img/XekglPJ575R2jVoh.jpg"}]}, "extended_entities": {"media": [{"additional_media_info": {"monetizable": false}, "source_user_id": 863350204640002048, "source_status_id_str": "1053768675684040704", "expanded_url": "https://twitter.com/khhaton/status/1053768675684040704/video/1", "display_url": "pic.twitter.com/RloVfW8Mh4", "url": "https://t.co/RloVfW8Mh4", "media_url_https": "https://pbs.twimg.com/ext_tw_video_thumb/1053767453224796160/pu/img/XekglPJ575R2jVoh.jpg", "source_user_id_str": "863350204640002048", "source_status_id": 1053768675684040704, "video_info": {"aspect_ratio": [53, 30], "duration_millis": 112917, "variants": [{"url": "https://video.twimg.com/ext_tw_video/1053767453224796160/pu/vid/636x360/qF5vasmNAWuOzDes.mp4?tag=5", "bitrate": 832000, "content_type": "video/mp4"}, {"url": "https://video.twimg.com/ext_tw_video/1053767453224796160/pu/pl/OlQVbzaA3SdB7Qex.m3u8?tag=5", "content_type": "application/x-mpegURL"}, {"url": "https://video.twimg.com/ext_tw_video/1053767453224796160/pu/vid/318x180/1r_EB2spaTnK29rM.mp4?tag=5", "bitrate": 256000, "content_type": "video/mp4"}]}, "id_str": "1053767453224796160", "sizes": {"large": {"h": 360, "resize": "fit", "w": 636}, "small": {"h": 360, "resize": "fit", "w": 636}, "medium": {"h": 360, "resize": "fit", "w": 636}, "thumb": {"h": 150, "resize": "crop", "w": 150}}, "indices": [153, 176], "type": "video", "id": 1053767453224796160, "media_url": "http://pbs.twimg.com/ext_tw_video_thumb/1053767453224796160/pu/img/XekglPJ575R2jVoh.jpg"}]}, "full_text": "Internationally banned terrorist organization JAMAT'UD'DA'WAH releases a video of  #hafizsaeed  celebrating the death of Manan Wani. #Kashmir #Pakistan\n https://t.co/RloVfW8Mh4"}, "created_at": "Sat Oct 20 22:28:09 +0000 2018", "filter_level": "low", "in_reply_to_status_id_str": null, "place": null}, "user": {"follow_request_sent": null, "profile_use_background_image": true, "default_profile_image": false, "id": 1038697665385705473, "default_profile": true, "verified": false, "profile_image_url_https": "https://pbs.twimg.com/profile_images/1038698656906584064/rJNTdEaA_normal.jpg", "profile_sidebar_fill_color": "DDEEF6", "profile_text_color": "333333", "followers_count": 14, "profile_sidebar_border_color": "C0DEED", "id_str": "1038697665385705473", "profile_background_color": "F5F8FA", "listed_count": 0, "profile_background_image_url_https": "", "utc_offset": null, "statuses_count": 233, "description": "#freebalochistan", "friends_count": 122, "location": null, "profile_link_color": "1DA1F2", "profile_image_url": "http://pbs.twimg.com/profile_images/1038698656906584064/rJNTdEaA_normal.jpg", "following": null, "geo_enabled": false, "profile_banner_url": "https://pbs.twimg.com/profile_banners/1038697665385705473/1536480031", "profile_background_image_url": "", "name": "balochi balochi", "lang": "en", "profile_background_tile": false, "favourites_count": 466, "screen_name": "baloshibaloshi2", "notifications": null, "url": null, "created_at": "Sun Sep 09 07:56:36 +0000 2018", "contributors_enabled": false, "time_zone": null, "protected": false, "translator_type": "none", "is_translator": false}, "geo": null, "in_reply_to_user_id_str": null, "lang": "en", "created_at": "Sun Oct 21 12:52:24 +0000 2018", "filter_level": "low", "in_reply_to_status_id_str": null, "place": null}
