{"quote_count": 0, "contributors": null, "truncated": false, "text": "Good step. Should be followed by others also. @sardarshah1\n#PPP #Pakistan #PTI #PMLN https://t.co/XBMewa37Hn", "is_quote_status": false, "in_reply_to_status_id": null, "reply_count": 0, "id": 1050997791919497216, "favorite_count": 0, "entities": {"user_mentions": [{"id": 285588689, "indices": [46, 58], "id_str": "285588689", "screen_name": "sardarshah1", "name": "sardar shah"}], "symbols": [], "hashtags": [{"indices": [59, 63], "text": "PPP"}, {"indices": [64, 73], "text": "Pakistan"}, {"indices": [74, 78], "text": "PTI"}, {"indices": [79, 84], "text": "PMLN"}], "urls": [], "media": [{"expanded_url": "https://twitter.com/HuzaifaJalil/status/1050997791919497216/photo/1", "display_url": "pic.twitter.com/XBMewa37Hn", "url": "https://t.co/XBMewa37Hn", "media_url_https": "https://pbs.twimg.com/media/DpXk6TJXUAEv1o0.jpg", "id_str": "1050997778283974657", "sizes": {"small": {"h": 369, "resize": "fit", "w": 680}, "large": {"h": 513, "resize": "fit", "w": 945}, "medium": {"h": 513, "resize": "fit", "w": 945}, "thumb": {"h": 150, "resize": "crop", "w": 150}}, "indices": [85, 108], "type": "photo", "id": 1050997778283974657, "media_url": "http://pbs.twimg.com/media/DpXk6TJXUAEv1o0.jpg"}]}, "retweeted": false, "coordinates": null, "timestamp_ms": "1539412374845", "source": "<a href=\"http://twitter.com/download/android\" rel=\"nofollow\">Twitter for Android</a>", "in_reply_to_screen_name": null, "id_str": "1050997791919497216", "display_text_range": [0, 84], "retweet_count": 0, "in_reply_to_user_id": null, "favorited": false, "user": {"follow_request_sent": null, "profile_use_background_image": true, "default_profile_image": false, "id": 2289734227, "default_profile": true, "verified": false, "profile_image_url_https": "https://pbs.twimg.com/profile_images/897756301748580352/zO0UdWde_normal.jpg", "profile_sidebar_fill_color": "DDEEF6", "profile_text_color": "333333", "followers_count": 185, "profile_sidebar_border_color": "C0DEED", "id_str": "2289734227", "profile_background_color": "C0DEED", "listed_count": 0, "profile_background_image_url_https": "https://abs.twimg.com/images/themes/theme1/bg.png", "utc_offset": null, "statuses_count": 148, "description": "Engineer by Profession. Wants a Prosperous Pakistan. Allah bless us all.", "friends_count": 1442, "location": "Pakistan", "profile_link_color": "1DA1F2", "profile_image_url": "http://pbs.twimg.com/profile_images/897756301748580352/zO0UdWde_normal.jpg", "following": null, "geo_enabled": false, "profile_background_image_url": "http://abs.twimg.com/images/themes/theme1/bg.png", "name": "Huzaifa Jalil", "lang": "en", "profile_background_tile": false, "favourites_count": 28623, "screen_name": "HuzaifaJalil", "notifications": null, "url": null, "created_at": "Mon Jan 13 13:57:09 +0000 2014", "contributors_enabled": false, "time_zone": null, "protected": false, "translator_type": "none", "is_translator": false}, "geo": null, "in_reply_to_user_id_str": null, "possibly_sensitive": false, "lang": "en", "created_at": "Sat Oct 13 06:32:54 +0000 2018", "filter_level": "low", "in_reply_to_status_id_str": null, "place": null, "extended_entities": {"media": [{"expanded_url": "https://twitter.com/HuzaifaJalil/status/1050997791919497216/photo/1", "display_url": "pic.twitter.com/XBMewa37Hn", "url": "https://t.co/XBMewa37Hn", "media_url_https": "https://pbs.twimg.com/media/DpXk6TJXUAEv1o0.jpg", "id_str": "1050997778283974657", "sizes": {"small": {"h": 369, "resize": "fit", "w": 680}, "large": {"h": 513, "resize": "fit", "w": 945}, "medium": {"h": 513, "resize": "fit", "w": 945}, "thumb": {"h": 150, "resize": "crop", "w": 150}}, "indices": [85, 108], "type": "photo", "id": 1050997778283974657, "media_url": "http://pbs.twimg.com/media/DpXk6TJXUAEv1o0.jpg"}]}}
{"quote_count": 0, "quoted_status_permalink": {"url": "https://t.co/WVOHr36OGW", "expanded": "https://twitter.com/Aryanwarlord/status/1050994703397580800", "display": "twitter.com/Aryanwarlord/s\u2026"}, "contributors": null, "truncated": false, "text": "RT @avarakai: Whenever population is reaping demographic dividend, maps have changed. https://t.co/WVOHr36OGW", "is_quote_status": true, "in_reply_to_status_id": null, "reply_count": 0, "id": 1050997799003856905, "favorite_count": 0, "entities": {"user_mentions": [{"id": 35442954, "indices": [3, 12], "id_str": "35442954", "screen_name": "avarakai", "name": "Sniper"}], "symbols": [], "hashtags": [], "urls": [{"url": "https://t.co/WVOHr36OGW", "indices": [86, 109], "expanded_url": "https://twitter.com/Aryanwarlord/status/1050994703397580800", "display_url": "twitter.com/Aryanwarlord/s\u2026"}]}, "quoted_status_id": 1050994703397580800, "retweeted": false, "coordinates": null, "timestamp_ms": "1539412376534", "quoted_status": {"quote_count": 1, "contributors": null, "truncated": true, "text": "@avarakai #Pakistan is going through a \"youth bulge\" as well , historically youth bulges have tended to throw up au\u2026 https://t.co/d2MRohCwki", "is_quote_status": false, "in_reply_to_status_id": 1050993015039254529, "reply_count": 0, "id": 1050994703397580800, "favorite_count": 1, "entities": {"user_mentions": [{"id": 35442954, "indices": [0, 9], "id_str": "35442954", "screen_name": "avarakai", "name": "Sniper"}], "symbols": [], "hashtags": [{"indices": [10, 19], "text": "Pakistan"}], "urls": [{"url": "https://t.co/d2MRohCwki", "indices": [117, 140], "expanded_url": "https://twitter.com/i/web/status/1050994703397580800", "display_url": "twitter.com/i/web/status/1\u2026"}]}, "retweeted": false, "coordinates": null, "source": "<a href=\"http://twitter.com/download/android\" rel=\"nofollow\">Twitter for Android</a>", "in_reply_to_screen_name": "avarakai", "id_str": "1050994703397580800", "display_text_range": [10, 140], "retweet_count": 0, "in_reply_to_user_id": 35442954, "favorited": false, "user": {"follow_request_sent": null, "profile_use_background_image": true, "default_profile_image": false, "id": 1067857808, "default_profile": true, "verified": false, "profile_image_url_https": "https://pbs.twimg.com/profile_images/984294390490456064/eqrx7OWy_normal.jpg", "profile_sidebar_fill_color": "DDEEF6", "profile_text_color": "333333", "followers_count": 1846, "profile_sidebar_border_color": "C0DEED", "id_str": "1067857808", "profile_background_color": "C0DEED", "listed_count": 149, "profile_background_image_url_https": "https://abs.twimg.com/images/themes/theme1/bg.png", "utc_offset": null, "statuses_count": 45315, "description": "#Indian National interest above religion, caste or creed ! #infrastructure ,#defence ,#renewables , #geopolitics #military \nblog at https://t.co/ipXCLKB0L0", "friends_count": 1405, "location": "New Delhi, India", "profile_link_color": "1DA1F2", "profile_image_url": "http://pbs.twimg.com/profile_images/984294390490456064/eqrx7OWy_normal.jpg", "following": null, "geo_enabled": false, "profile_banner_url": "https://pbs.twimg.com/profile_banners/1067857808/1536304078", "profile_background_image_url": "http://abs.twimg.com/images/themes/theme1/bg.png", "name": "Ninjamonkey", "lang": "en", "profile_background_tile": false, "favourites_count": 30390, "screen_name": "Aryanwarlord", "notifications": null, "url": "http://bengalraider.blogspot.in/?m=1", "created_at": "Mon Jan 07 09:16:02 +0000 2013", "contributors_enabled": false, "time_zone": null, "protected": false, "translator_type": "none", "is_translator": false}, "geo": null, "in_reply_to_user_id_str": "35442954", "lang": "en", "extended_tweet": {"display_text_range": [10, 296], "entities": {"user_mentions": [{"id": 35442954, "indices": [0, 9], "id_str": "35442954", "screen_name": "avarakai", "name": "Sniper"}], "symbols": [], "hashtags": [{"indices": [10, 19], "text": "Pakistan"}], "urls": []}, "full_text": "@avarakai #Pakistan is going through a \"youth bulge\" as well , historically youth bulges have tended to throw up authoritarian govts ex Germany in 1938 &amp; Iran during the Islamic revolution.\nThese govts create their own bogeys , i see hard times for the minorities, Shia &amp; Ahmediyya ahead."}, "created_at": "Sat Oct 13 06:20:38 +0000 2018", "filter_level": "low", "in_reply_to_status_id_str": "1050993015039254529", "place": null}, "source": "<a href=\"https://mobile.twitter.com\" rel=\"nofollow\">Twitter Lite</a>", "in_reply_to_screen_name": null, "id_str": "1050997799003856905", "retweet_count": 0, "in_reply_to_user_id": null, "favorited": false, "retweeted_status": {"quote_count": 0, "quoted_status_permalink": {"url": "https://t.co/WVOHr36OGW", "expanded": "https://twitter.com/Aryanwarlord/status/1050994703397580800", "display": "twitter.com/Aryanwarlord/s\u2026"}, "contributors": null, "truncated": false, "text": "Whenever population is reaping demographic dividend, maps have changed. https://t.co/WVOHr36OGW", "is_quote_status": true, "in_reply_to_status_id": null, "reply_count": 0, "id": 1050997302712627200, "favorite_count": 0, "entities": {"user_mentions": [], "symbols": [], "hashtags": [], "urls": [{"url": "https://t.co/WVOHr36OGW", "indices": [72, 95], "expanded_url": "https://twitter.com/Aryanwarlord/status/1050994703397580800", "display_url": "twitter.com/Aryanwarlord/s\u2026"}]}, "quoted_status_id": 1050994703397580800, "retweeted": false, "coordinates": null, "quoted_status": {"quote_count": 1, "contributors": null, "truncated": true, "text": "@avarakai #Pakistan is going through a \"youth bulge\" as well , historically youth bulges have tended to throw up au\u2026 https://t.co/d2MRohCwki", "is_quote_status": false, "in_reply_to_status_id": 1050993015039254529, "reply_count": 0, "id": 1050994703397580800, "favorite_count": 1, "entities": {"user_mentions": [{"id": 35442954, "indices": [0, 9], "id_str": "35442954", "screen_name": "avarakai", "name": "Sniper"}], "symbols": [], "hashtags": [{"indices": [10, 19], "text": "Pakistan"}], "urls": [{"url": "https://t.co/d2MRohCwki", "indices": [117, 140], "expanded_url": "https://twitter.com/i/web/status/1050994703397580800", "display_url": "twitter.com/i/web/status/1\u2026"}]}, "retweeted": false, "coordinates": null, "source": "<a href=\"http://twitter.com/download/android\" rel=\"nofollow\">Twitter for Android</a>", "in_reply_to_screen_name": "avarakai", "id_str": "1050994703397580800", "display_text_range": [10, 140], "retweet_count": 0, "in_reply_to_user_id": 35442954, "favorited": false, "user": {"follow_request_sent": null, "profile_use_background_image": true, "default_profile_image": false, "id": 1067857808, "default_profile": true, "verified": false, "profile_image_url_https": "https://pbs.twimg.com/profile_images/984294390490456064/eqrx7OWy_normal.jpg", "profile_sidebar_fill_color": "DDEEF6", "profile_text_color": "333333", "followers_count": 1846, "profile_sidebar_border_color": "C0DEED", "id_str": "1067857808", "profile_background_color": "C0DEED", "listed_count": 149, "profile_background_image_url_https": "https://abs.twimg.com/images/themes/theme1/bg.png", "utc_offset": null, "statuses_count": 45315, "description": "#Indian National interest above religion, caste or creed ! #infrastructure ,#defence ,#renewables , #geopolitics #military \nblog at https://t.co/ipXCLKB0L0", "friends_count": 1405, "location": "New Delhi, India", "profile_link_color": "1DA1F2", "profile_image_url": "http://pbs.twimg.com/profile_images/984294390490456064/eqrx7OWy_normal.jpg", "following": null, "geo_enabled": false, "profile_banner_url": "https://pbs.twimg.com/profile_banners/1067857808/1536304078", "profile_background_image_url": "http://abs.twimg.com/images/themes/theme1/bg.png", "name": "Ninjamonkey", "lang": "en", "profile_background_tile": false, "favourites_count": 30390, "screen_name": "Aryanwarlord", "notifications": null, "url": "http://bengalraider.blogspot.in/?m=1", "created_at": "Mon Jan 07 09:16:02 +0000 2013", "contributors_enabled": false, "time_zone": null, "protected": false, "translator_type": "none", "is_translator": false}, "geo": null, "in_reply_to_user_id_str": "35442954", "lang": "en", "extended_tweet": {"display_text_range": [10, 296], "entities": {"user_mentions": [{"id": 35442954, "indices": [0, 9], "id_str": "35442954", "screen_name": "avarakai", "name": "Sniper"}], "symbols": [], "hashtags": [{"indices": [10, 19], "text": "Pakistan"}], "urls": []}, "full_text": "@avarakai #Pakistan is going through a \"youth bulge\" as well , historically youth bulges have tended to throw up authoritarian govts ex Germany in 1938 &amp; Iran during the Islamic revolution.\nThese govts create their own bogeys , i see hard times for the minorities, Shia &amp; Ahmediyya ahead."}, "created_at": "Sat Oct 13 06:20:38 +0000 2018", "filter_level": "low", "in_reply_to_status_id_str": "1050993015039254529", "place": null}, "source": "<a href=\"http://twitter.com/download/android\" rel=\"nofollow\">Twitter for Android</a>", "in_reply_to_screen_name": null, "id_str": "1050997302712627200", "display_text_range": [0, 71], "retweet_count": 1, "in_reply_to_user_id": null, "favorited": false, "user": {"follow_request_sent": null, "profile_use_background_image": true, "default_profile_image": false, "id": 35442954, "default_profile": false, "verified": false, "profile_image_url_https": "https://pbs.twimg.com/profile_images/1012761920984768512/AbPd8qlw_normal.jpg", "profile_sidebar_fill_color": "99CC33", "profile_text_color": "3E4415", "followers_count": 12066, "profile_sidebar_border_color": "000000", "id_str": "35442954", "profile_background_color": "352726", "listed_count": 145, "profile_background_image_url_https": "https://abs.twimg.com/images/themes/theme5/bg.gif", "utc_offset": null, "statuses_count": 218537, "description": "I write threads, on few subjects I follow closely. Mostly end up contradicting popular view. My views usually come true after a very long time. Right of Centre.", "friends_count": 641, "location": "Omnipresent", "profile_link_color": "000011", "profile_image_url": "http://pbs.twimg.com/profile_images/1012761920984768512/AbPd8qlw_normal.jpg", "following": null, "geo_enabled": false, "profile_banner_url": "https://pbs.twimg.com/profile_banners/35442954/1537557864", "profile_background_image_url": "http://abs.twimg.com/images/themes/theme5/bg.gif", "name": "Sniper", "lang": "en", "profile_background_tile": true, "favourites_count": 33, "screen_name": "avarakai", "notifications": null, "url": null, "created_at": "Sun Apr 26 10:37:00 +0000 2009", "contributors_enabled": false, "time_zone": null, "protected": false, "translator_type": "none", "is_translator": false}, "geo": null, "in_reply_to_user_id_str": null, "possibly_sensitive": false, "lang": "en", "created_at": "Sat Oct 13 06:30:58 +0000 2018", "quoted_status_id_str": "1050994703397580800", "filter_level": "low", "in_reply_to_status_id_str": null, "place": null}, "user": {"follow_request_sent": null, "profile_use_background_image": true, "default_profile_image": false, "id": 949130877757399040, "default_profile": true, "verified": false, "profile_image_url_https": "https://abs.twimg.com/sticky/default_profile_images/default_profile_normal.png", "profile_sidebar_fill_color": "DDEEF6", "profile_text_color": "333333", "followers_count": 46, "profile_sidebar_border_color": "C0DEED", "id_str": "949130877757399040", "profile_background_color": "F5F8FA", "listed_count": 0, "profile_background_image_url_https": "", "utc_offset": null, "statuses_count": 5915, "description": "#Marketing #CRYPTOS #ICOs #Tokens. DM for details. Views strictly personal.I don't have any political ideologies. Support based strictly on situations.#Business", "friends_count": 663, "location": null, "profile_link_color": "1DA1F2", "profile_image_url": "http://abs.twimg.com/sticky/default_profile_images/default_profile_normal.png", "following": null, "geo_enabled": false, "profile_background_image_url": "", "name": "Bitcoin Gp", "lang": "en", "profile_background_tile": false, "favourites_count": 336, "screen_name": "BitcoinGp", "notifications": null, "url": null, "created_at": "Fri Jan 05 04:10:10 +0000 2018", "contributors_enabled": false, "time_zone": null, "protected": false, "translator_type": "none", "is_translator": false}, "geo": null, "in_reply_to_user_id_str": null, "possibly_sensitive": false, "lang": "en", "created_at": "Sat Oct 13 06:32:56 +0000 2018", "quoted_status_id_str": "1050994703397580800", "filter_level": "low", "in_reply_to_status_id_str": null, "place": null}
{"quote_count": 0, "contributors": null, "truncated": false, "text": "RT @gnnhdofficial: \u067e\u0627\u06a9\u0633\u062a\u0627\u0646 \u0645\u06cc\u06ba \u0633\u06cc\u0627\u062d\u062a \u06a9\u0627 \u0634\u0639\u0628\u06c1 \u0628\u06cc\u062a \u0627\u0644\u062e\u0644\u0627\u0621 \u06a9\u06cc \u0633\u06c1\u0648\u0644\u062a \u0645\u06cc\u06ba \u06a9\u0645\u06cc \u06a9\u06cc \u0648\u062c\u06c1 \u0633\u06d2 \u0628\u062d\u0631\u0627\u0646 \u06a9\u0627 \u0634\u06a9\u0627\u0631 \u0631\u06c1\u0627\u060c \u0648\u0632\u06cc\u0631\u0627\u0639\u0638\u0645 \u0639\u0645\u0631\u0627\u0646 \u062e\u0627\u0646\n\n#ImranKhan #PTI #\u2026", "is_quote_status": false, "in_reply_to_status_id": null, "reply_count": 0, "id": 1050997806905856000, "favorite_count": 0, "entities": {"user_mentions": [{"id": 492154297, "indices": [3, 17], "id_str": "492154297", "screen_name": "gnnhdofficial", "name": "GNN"}], "symbols": [], "hashtags": [{"indices": [122, 132], "text": "ImranKhan"}, {"indices": [133, 137], "text": "PTI"}], "urls": []}, "retweeted": false, "coordinates": null, "timestamp_ms": "1539412378418", "source": "<a href=\"http://twitter.com/download/iphone\" rel=\"nofollow\">Twitter for iPhone</a>", "in_reply_to_screen_name": null, "id_str": "1050997806905856000", "retweet_count": 0, "in_reply_to_user_id": null, "favorited": false, "retweeted_status": {"quote_count": 1, "contributors": null, "truncated": true, "text": "\u067e\u0627\u06a9\u0633\u062a\u0627\u0646 \u0645\u06cc\u06ba \u0633\u06cc\u0627\u062d\u062a \u06a9\u0627 \u0634\u0639\u0628\u06c1 \u0628\u06cc\u062a \u0627\u0644\u062e\u0644\u0627\u0621 \u06a9\u06cc \u0633\u06c1\u0648\u0644\u062a \u0645\u06cc\u06ba \u06a9\u0645\u06cc \u06a9\u06cc \u0648\u062c\u06c1 \u0633\u06d2 \u0628\u062d\u0631\u0627\u0646 \u06a9\u0627 \u0634\u06a9\u0627\u0631 \u0631\u06c1\u0627\u060c \u0648\u0632\u06cc\u0631\u0627\u0639\u0638\u0645 \u0639\u0645\u0631\u0627\u0646 \u062e\u0627\u0646\n\n#ImranKhan\u2026 https://t.co/nm09faoibq", "is_quote_status": false, "in_reply_to_status_id": null, "reply_count": 2, "id": 1049250200441819136, "favorite_count": 18, "entities": {"user_mentions": [], "symbols": [], "hashtags": [{"indices": [103, 113], "text": "ImranKhan"}], "urls": [{"url": "https://t.co/nm09faoibq", "indices": [115, 138], "expanded_url": "https://twitter.com/i/web/status/1049250200441819136", "display_url": "twitter.com/i/web/status/1\u2026"}]}, "retweeted": false, "coordinates": null, "source": "<a href=\"http://twitter.com\" rel=\"nofollow\">Twitter Web Client</a>", "in_reply_to_screen_name": null, "id_str": "1049250200441819136", "display_text_range": [0, 140], "retweet_count": 8, "in_reply_to_user_id": null, "favorited": false, "user": {"follow_request_sent": null, "profile_use_background_image": true, "default_profile_image": false, "id": 492154297, "default_profile": false, "verified": false, "profile_image_url_https": "https://pbs.twimg.com/profile_images/1026793630521012225/aQXx2TG3_normal.jpg", "profile_sidebar_fill_color": "DDEEF6", "profile_text_color": "333333", "followers_count": 134944, "profile_sidebar_border_color": "FFFFFF", "id_str": "492154297", "profile_background_color": "C0DEED", "listed_count": 496, "profile_background_image_url_https": "https://abs.twimg.com/images/themes/theme1/bg.png", "utc_offset": null, "statuses_count": 1287, "description": "A news channel providing credible, authentic and reliable information about the latest news with responsibility.#GNN keeps its audience informed round the clock", "friends_count": 26, "location": "Pakistan", "profile_link_color": "FF691F", "profile_image_url": "http://pbs.twimg.com/profile_images/1026793630521012225/aQXx2TG3_normal.jpg", "following": null, "geo_enabled": true, "profile_banner_url": "https://pbs.twimg.com/profile_banners/492154297/1536315936", "profile_background_image_url": "http://abs.twimg.com/images/themes/theme1/bg.png", "name": "GNN", "lang": "en", "profile_background_tile": false, "favourites_count": 44, "screen_name": "gnnhdofficial", "notifications": null, "url": "http://www.gnnhd.tv", "created_at": "Tue Feb 14 12:08:18 +0000 2012", "contributors_enabled": false, "time_zone": null, "protected": false, "translator_type": "none", "is_translator": false}, "geo": null, "in_reply_to_user_id_str": null, "possibly_sensitive": false, "lang": "ur", "extended_tweet": {"display_text_range": [0, 226], "entities": {"user_mentions": [{"id": 127483019, "indices": [139, 151], "id_str": "127483019", "screen_name": "PTIofficial", "name": "PTI"}], "symbols": [], "hashtags": [{"indices": [103, 113], "text": "ImranKhan"}, {"indices": [114, 118], "text": "PTI"}, {"indices": [119, 138], "text": "CleanGreenPakistan"}, {"indices": [152, 161], "text": "Pakistan"}, {"indices": [162, 182], "text": "CleanlinessCampaign"}], "urls": [{"url": "https://t.co/UdrXTj7l5X", "indices": [203, 226], "expanded_url": "http://live.gnnhd.tv/", "display_url": "live.gnnhd.tv"}], "media": [{"expanded_url": "https://twitter.com/gnnhdofficial/status/1049250200441819136/photo/1", "display_url": "pic.twitter.com/CJAxZ7xtNx", "url": "https://t.co/CJAxZ7xtNx", "media_url_https": "https://pbs.twimg.com/media/Do-vGnrW0AMoFMn.jpg", "id_str": "1049249766465523715", "sizes": {"large": {"h": 492, "resize": "fit", "w": 856}, "small": {"h": 391, "resize": "fit", "w": 680}, "medium": {"h": 492, "resize": "fit", "w": 856}, "thumb": {"h": 150, "resize": "crop", "w": 150}}, "indices": [227, 250], "type": "photo", "id": 1049249766465523715, "media_url": "http://pbs.twimg.com/media/Do-vGnrW0AMoFMn.jpg"}]}, "extended_entities": {"media": [{"expanded_url": "https://twitter.com/gnnhdofficial/status/1049250200441819136/photo/1", "display_url": "pic.twitter.com/CJAxZ7xtNx", "url": "https://t.co/CJAxZ7xtNx", "media_url_https": "https://pbs.twimg.com/media/Do-vGnrW0AMoFMn.jpg", "id_str": "1049249766465523715", "sizes": {"large": {"h": 492, "resize": "fit", "w": 856}, "small": {"h": 391, "resize": "fit", "w": 680}, "medium": {"h": 492, "resize": "fit", "w": 856}, "thumb": {"h": 150, "resize": "crop", "w": 150}}, "indices": [227, 250], "type": "photo", "id": 1049249766465523715, "media_url": "http://pbs.twimg.com/media/Do-vGnrW0AMoFMn.jpg"}]}, "full_text": "\u067e\u0627\u06a9\u0633\u062a\u0627\u0646 \u0645\u06cc\u06ba \u0633\u06cc\u0627\u062d\u062a \u06a9\u0627 \u0634\u0639\u0628\u06c1 \u0628\u06cc\u062a \u0627\u0644\u062e\u0644\u0627\u0621 \u06a9\u06cc \u0633\u06c1\u0648\u0644\u062a \u0645\u06cc\u06ba \u06a9\u0645\u06cc \u06a9\u06cc \u0648\u062c\u06c1 \u0633\u06d2 \u0628\u062d\u0631\u0627\u0646 \u06a9\u0627 \u0634\u06a9\u0627\u0631 \u0631\u06c1\u0627\u060c \u0648\u0632\u06cc\u0631\u0627\u0639\u0638\u0645 \u0639\u0645\u0631\u0627\u0646 \u062e\u0627\u0646\n\n#ImranKhan #PTI #CleanGreenPakistan @PTIofficial #Pakistan #CleanlinessCampaign \n\n\u0628\u0631\u0627\u06c1 \u0631\u0627\u0633\u062a \u062f\u06cc\u06a9\u06be\u06cc\u06ba: https://t.co/UdrXTj7l5X https://t.co/CJAxZ7xtNx"}, "created_at": "Mon Oct 08 10:48:36 +0000 2018", "filter_level": "low", "in_reply_to_status_id_str": null, "place": null}, "user": {"follow_request_sent": null, "profile_use_background_image": true, "default_profile_image": false, "id": 920187997823340544, "default_profile": true, "verified": false, "profile_image_url_https": "https://pbs.twimg.com/profile_images/929684301813354496/6MTrkjma_normal.jpg", "profile_sidebar_fill_color": "DDEEF6", "profile_text_color": "333333", "followers_count": 161, "profile_sidebar_border_color": "C0DEED", "id_str": "920187997823340544", "profile_background_color": "F5F8FA", "listed_count": 0, "profile_background_image_url_https": "", "utc_offset": null, "statuses_count": 1495, "description": "I m Esha. H R Specialist", "friends_count": 373, "location": "Pakistan", "profile_link_color": "1DA1F2", "profile_image_url": "http://pbs.twimg.com/profile_images/929684301813354496/6MTrkjma_normal.jpg", "following": null, "geo_enabled": false, "profile_banner_url": "https://pbs.twimg.com/profile_banners/920187997823340544/1539316336", "profile_background_image_url": "", "name": "Esha Ali", "lang": "en", "profile_background_tile": false, "favourites_count": 1704, "screen_name": "khanesha128", "notifications": null, "url": null, "created_at": "Tue Oct 17 07:21:29 +0000 2017", "contributors_enabled": false, "time_zone": null, "protected": false, "translator_type": "none", "is_translator": false}, "geo": null, "in_reply_to_user_id_str": null, "lang": "ur", "created_at": "Sat Oct 13 06:32:58 +0000 2018", "filter_level": "low", "in_reply_to_status_id_str": null, "place": null}
{"quote_count": 0, "contributors": null, "truncated": false, "text": "How can #Pakistan progress? by Syed Fawad Hussain https://t.co/sSBcVvX9Vi", "is_quote_status": false, "in_reply_to_status_id": null, "reply_count": 0, "id": 1050997816443588608, "favorite_count": 0, "source": "<a href=\"http://twitter.com\" rel=\"nofollow\">Twitter Web Client</a>", "retweeted": false, "coordinates": null, "timestamp_ms": "1539412380692", "entities": {"user_mentions": [], "symbols": [], "hashtags": [{"indices": [8, 17], "text": "Pakistan"}], "urls": [{"url": "https://t.co/sSBcVvX9Vi", "indices": [50, 73], "expanded_url": "https://www.quora.com/How-can-Pakistan-progress/answer/Syed-Fawad-Hussain-1?ch=2&srid=pRm", "display_url": "quora.com/How-can-Pakist\u2026"}]}, "in_reply_to_screen_name": null, "id_str": "1050997816443588608", "retweet_count": 0, "in_reply_to_user_id": null, "favorited": false, "user": {"follow_request_sent": null, "profile_use_background_image": true, "default_profile_image": false, "id": 225349488, "default_profile": false, "verified": false, "profile_image_url_https": "https://pbs.twimg.com/profile_images/857484345291948033/jVD-p8b3_normal.jpg", "profile_sidebar_fill_color": "C9C9C9", "profile_text_color": "1C1F23", "followers_count": 221, "profile_sidebar_border_color": "FFFFFF", "id_str": "225349488", "profile_background_color": "07090B", "listed_count": 34, "profile_background_image_url_https": "https://abs.twimg.com/images/themes/theme3/bg.gif", "utc_offset": null, "statuses_count": 5959, "description": "https://twitter.com/nonsameer/status/996624191494459392", "friends_count": 12, "location": "https://twitter.com/nonsameer/status/996796406202585089", "profile_link_color": "ABB8C2", "profile_image_url": "http://pbs.twimg.com/profile_images/857484345291948033/jVD-p8b3_normal.jpg", "following": null, "geo_enabled": true, "profile_banner_url": "https://pbs.twimg.com/profile_banners/225349488/1525671684", "profile_background_image_url": "http://abs.twimg.com/images/themes/theme3/bg.gif", "name": "Sameer", "lang": "en", "profile_background_tile": true, "favourites_count": 4292, "screen_name": "nonsameer", "notifications": null, "url": "http://sdf.org/~sameers/interpellation/", "created_at": "Sat Dec 11 10:34:17 +0000 2010", "contributors_enabled": false, "time_zone": null, "protected": false, "translator_type": "regular", "is_translator": false}, "geo": null, "in_reply_to_user_id_str": null, "possibly_sensitive": false, "lang": "en", "created_at": "Sat Oct 13 06:33:00 +0000 2018", "filter_level": "low", "in_reply_to_status_id_str": null, "place": null}
{"quote_count": 0, "contributors": null, "truncated": false, "text": "RT @absarnooru: #Pakistan's married women are looking for this person, (molvi)\nOne million rupees prize to the one who finds ... \ud83d\ude02\ud83e\udd23\ud83e\udd23\ud83e\udd23\ud83e\udd23\n#\u06a9\u0627\u0644\u2026", "is_quote_status": false, "in_reply_to_status_id": null, "reply_count": 0, "id": 1050997840342904832, "favorite_count": 0, "entities": {"user_mentions": [{"id": 866907605918257152, "indices": [3, 14], "id_str": "866907605918257152", "screen_name": "absarnooru", "name": "noorul absar"}], "symbols": [], "hashtags": [{"indices": [16, 25], "text": "Pakistan"}], "urls": []}, "retweeted": false, "coordinates": null, "timestamp_ms": "1539412386390", "source": "<a href=\"http://twitter.com\" rel=\"nofollow\">Twitter Web Client</a>", "in_reply_to_screen_name": null, "id_str": "1050997840342904832", "retweet_count": 0, "in_reply_to_user_id": null, "favorited": false, "retweeted_status": {"quote_count": 0, "contributors": null, "truncated": true, "text": "#Pakistan's married women are looking for this person, (molvi)\nOne million rupees prize to the one who finds ... \ud83d\ude02\ud83e\udd23\u2026 https://t.co/ToZ5EBOV6s", "is_quote_status": false, "in_reply_to_status_id": null, "reply_count": 1, "id": 1050984877787631616, "favorite_count": 2, "entities": {"user_mentions": [], "symbols": [], "hashtags": [{"indices": [0, 9], "text": "Pakistan"}], "urls": [{"url": "https://t.co/ToZ5EBOV6s", "indices": [117, 140], "expanded_url": "https://twitter.com/i/web/status/1050984877787631616", "display_url": "twitter.com/i/web/status/1\u2026"}]}, "retweeted": false, "coordinates": null, "source": "<a href=\"http://twitter.com\" rel=\"nofollow\">Twitter Web Client</a>", "in_reply_to_screen_name": null, "id_str": "1050984877787631616", "display_text_range": [0, 140], "retweet_count": 2, "in_reply_to_user_id": null, "favorited": false, "user": {"follow_request_sent": null, "profile_use_background_image": true, "default_profile_image": false, "id": 866907605918257152, "default_profile": true, "verified": false, "profile_image_url_https": "https://pbs.twimg.com/profile_images/869815791830675456/MSR3vOjh_normal.jpg", "profile_sidebar_fill_color": "DDEEF6", "profile_text_color": "333333", "followers_count": 168, "profile_sidebar_border_color": "C0DEED", "id_str": "866907605918257152", "profile_background_color": "F5F8FA", "listed_count": 0, "profile_background_image_url_https": "", "utc_offset": null, "statuses_count": 1390, "description": null, "friends_count": 105, "location": null, "profile_link_color": "1DA1F2", "profile_image_url": "http://pbs.twimg.com/profile_images/869815791830675456/MSR3vOjh_normal.jpg", "following": null, "geo_enabled": false, "profile_background_image_url": "", "name": "noorul absar", "lang": "en", "profile_background_tile": false, "favourites_count": 1037, "screen_name": "absarnooru", "notifications": null, "url": null, "created_at": "Tue May 23 06:44:14 +0000 2017", "contributors_enabled": false, "time_zone": null, "protected": false, "translator_type": "none", "is_translator": false}, "geo": null, "in_reply_to_user_id_str": null, "possibly_sensitive": false, "lang": "en", "extended_tweet": {"display_text_range": [0, 224], "entities": {"user_mentions": [], "symbols": [], "hashtags": [{"indices": [0, 9], "text": "Pakistan"}, {"indices": [119, 137], "text": "\u06a9\u0627\u0644\u0627\u0631\u0627\u062c_\u06a9\u0627\u0644\u0627\u0627\u0646\u0635\u0627\u0641"}, {"indices": [138, 145], "text": "zainab"}, {"indices": [146, 158], "text": "LaRojaEnCHV"}, {"indices": [159, 164], "text": "NLCS"}, {"indices": [165, 183], "text": "\u0639\u0637\u0646\u0627_\u0639\u0628\u0627\u0631\u0647_\u0627\u0639\u062c\u0628\u062a\u0643"}, {"indices": [184, 204], "text": "VLCCExpertsinMumbai"}, {"indices": [205, 224], "text": "SaturdayMotivation"}], "urls": [], "media": [{"additional_media_info": {"monetizable": false}, "expanded_url": "https://twitter.com/absarnooru/status/1050984877787631616/video/1", "display_url": "pic.twitter.com/veLkfMBTOJ", "url": "https://t.co/veLkfMBTOJ", "media_url_https": "https://pbs.twimg.com/ext_tw_video_thumb/1050984607104012288/pu/img/otqPuHvOxDdyI8cG.jpg", "video_info": {"aspect_ratio": [11, 20], "duration_millis": 55723, "variants": [{"url": "https://video.twimg.com/ext_tw_video/1050984607104012288/pu/vid/180x326/Lrj6XUbvEgP3EZBk.mp4?tag=5", "bitrate": 256000, "content_type": "video/mp4"}, {"url": "https://video.twimg.com/ext_tw_video/1050984607104012288/pu/vid/264x480/_AED4mPSkON1riSF.mp4?tag=5", "bitrate": 832000, "content_type": "video/mp4"}, {"url": "https://video.twimg.com/ext_tw_video/1050984607104012288/pu/pl/zVNH3X2TstOszPOl.m3u8?tag=5", "content_type": "application/x-mpegURL"}]}, "id_str": "1050984607104012288", "sizes": {"small": {"h": 480, "resize": "fit", "w": 264}, "large": {"h": 480, "resize": "fit", "w": 264}, "medium": {"h": 480, "resize": "fit", "w": 264}, "thumb": {"h": 150, "resize": "crop", "w": 150}}, "indices": [225, 248], "type": "video", "id": 1050984607104012288, "media_url": "http://pbs.twimg.com/ext_tw_video_thumb/1050984607104012288/pu/img/otqPuHvOxDdyI8cG.jpg"}]}, "extended_entities": {"media": [{"additional_media_info": {"monetizable": false}, "expanded_url": "https://twitter.com/absarnooru/status/1050984877787631616/video/1", "display_url": "pic.twitter.com/veLkfMBTOJ", "url": "https://t.co/veLkfMBTOJ", "media_url_https": "https://pbs.twimg.com/ext_tw_video_thumb/1050984607104012288/pu/img/otqPuHvOxDdyI8cG.jpg", "video_info": {"aspect_ratio": [11, 20], "duration_millis": 55723, "variants": [{"url": "https://video.twimg.com/ext_tw_video/1050984607104012288/pu/vid/180x326/Lrj6XUbvEgP3EZBk.mp4?tag=5", "bitrate": 256000, "content_type": "video/mp4"}, {"url": "https://video.twimg.com/ext_tw_video/1050984607104012288/pu/vid/264x480/_AED4mPSkON1riSF.mp4?tag=5", "bitrate": 832000, "content_type": "video/mp4"}, {"url": "https://video.twimg.com/ext_tw_video/1050984607104012288/pu/pl/zVNH3X2TstOszPOl.m3u8?tag=5", "content_type": "application/x-mpegURL"}]}, "id_str": "1050984607104012288", "sizes": {"small": {"h": 480, "resize": "fit", "w": 264}, "large": {"h": 480, "resize": "fit", "w": 264}, "medium": {"h": 480, "resize": "fit", "w": 264}, "thumb": {"h": 150, "resize": "crop", "w": 150}}, "indices": [225, 248], "type": "video", "id": 1050984607104012288, "media_url": "http://pbs.twimg.com/ext_tw_video_thumb/1050984607104012288/pu/img/otqPuHvOxDdyI8cG.jpg"}]}, "full_text": "#Pakistan's married women are looking for this person, (molvi)\nOne million rupees prize to the one who finds ... \ud83d\ude02\ud83e\udd23\ud83e\udd23\ud83e\udd23\ud83e\udd23\n#\u06a9\u0627\u0644\u0627\u0631\u0627\u062c_\u06a9\u0627\u0644\u0627\u0627\u0646\u0635\u0627\u0641 #zainab #LaRojaEnCHV #NLCS #\u0639\u0637\u0646\u0627_\u0639\u0628\u0627\u0631\u0647_\u0627\u0639\u062c\u0628\u062a\u0643 #VLCCExpertsinMumbai #SaturdayMotivation https://t.co/veLkfMBTOJ"}, "created_at": "Sat Oct 13 05:41:35 +0000 2018", "filter_level": "low", "in_reply_to_status_id_str": null, "place": null}, "user": {"follow_request_sent": null, "profile_use_background_image": false, "default_profile_image": false, "id": 869452523060379648, "default_profile": false, "verified": false, "profile_image_url_https": "https://pbs.twimg.com/profile_images/878144099798335488/pkUaam0k_normal.jpg", "profile_sidebar_fill_color": "000000", "profile_text_color": "000000", "followers_count": 38, "profile_sidebar_border_color": "000000", "id_str": "869452523060379648", "profile_background_color": "000000", "listed_count": 0, "profile_background_image_url_https": "https://abs.twimg.com/images/themes/theme1/bg.png", "utc_offset": null, "statuses_count": 3032, "description": "Proud to be an Indian.\nFollow back 100%\ud83d\ude00", "friends_count": 65, "location": "Jammu, Jammu And Kashmir", "profile_link_color": "19CF86", "profile_image_url": "http://pbs.twimg.com/profile_images/878144099798335488/pkUaam0k_normal.jpg", "following": null, "geo_enabled": false, "profile_banner_url": "https://pbs.twimg.com/profile_banners/869452523060379648/1518492185", "profile_background_image_url": "http://abs.twimg.com/images/themes/theme1/bg.png", "name": "abdulwaajid", "lang": "en", "profile_background_tile": false, "favourites_count": 2219, "screen_name": "waajid90", "notifications": null, "url": null, "created_at": "Tue May 30 07:16:49 +0000 2017", "contributors_enabled": false, "time_zone": null, "protected": false, "translator_type": "none", "is_translator": false}, "geo": null, "in_reply_to_user_id_str": null, "lang": "en", "created_at": "Sat Oct 13 06:33:06 +0000 2018", "filter_level": "low", "in_reply_to_status_id_str": null, "place": null}
{"quote_count": 0, "contributors": null, "truncated": false, "text": "RT @abhishekINDIAN7: The way #ImranKhanPTI is auctioning properties of #Pakistan ,I think #CONGRESS shud relocate it's base to Lahore &amp; shu\u2026", "is_quote_status": false, "in_reply_to_status_id": null, "reply_count": 0, "id": 1050997885678972929, "favorite_count": 0, "entities": {"user_mentions": [{"id": 762591701525561344, "indices": [3, 19], "id_str": "762591701525561344", "screen_name": "abhishekINDIAN7", "name": "\u24b6\u24b7\u24bd\u24be\u24c8\u24bd\u24ba\u24c0 \u24c8\u24d8\u24dd\u24d6\u24d7"}], "symbols": [], "hashtags": [{"indices": [29, 42], "text": "ImranKhanPTI"}, {"indices": [71, 80], "text": "Pakistan"}, {"indices": [90, 99], "text": "CONGRESS"}], "urls": []}, "retweeted": false, "coordinates": null, "timestamp_ms": "1539412397199", "source": "<a href=\"http://twitter.com/download/android\" rel=\"nofollow\">Twitter for Android</a>", "in_reply_to_screen_name": null, "id_str": "1050997885678972929", "retweet_count": 0, "in_reply_to_user_id": null, "favorited": false, "retweeted_status": {"quote_count": 0, "contributors": null, "truncated": true, "text": "The way #ImranKhanPTI is auctioning properties of #Pakistan ,I think #CONGRESS shud relocate it's base to Lahore &amp;\u2026 https://t.co/2VJjSVJ4f9", "is_quote_status": false, "in_reply_to_status_id": null, "reply_count": 0, "id": 1050807695094308865, "favorite_count": 3, "entities": {"user_mentions": [], "symbols": [], "hashtags": [{"indices": [8, 21], "text": "ImranKhanPTI"}, {"indices": [50, 59], "text": "Pakistan"}, {"indices": [69, 78], "text": "CONGRESS"}], "urls": [{"url": "https://t.co/2VJjSVJ4f9", "indices": [120, 143], "expanded_url": "https://twitter.com/i/web/status/1050807695094308865", "display_url": "twitter.com/i/web/status/1\u2026"}]}, "retweeted": false, "coordinates": null, "source": "<a href=\"http://twitter.com/download/android\" rel=\"nofollow\">Twitter for Android</a>", "in_reply_to_screen_name": null, "id_str": "1050807695094308865", "retweet_count": 11, "in_reply_to_user_id": null, "favorited": false, "user": {"follow_request_sent": null, "profile_use_background_image": false, "default_profile_image": false, "id": 762591701525561344, "default_profile": false, "verified": false, "profile_image_url_https": "https://pbs.twimg.com/profile_images/1050776783212175361/WKhC13E7_normal.jpg", "profile_sidebar_fill_color": "000000", "profile_text_color": "000000", "followers_count": 756, "profile_sidebar_border_color": "000000", "id_str": "762591701525561344", "profile_background_color": "000000", "listed_count": 6, "profile_background_image_url_https": "https://abs.twimg.com/images/themes/theme1/bg.png", "utc_offset": null, "statuses_count": 23539, "description": "SANGHI for Life. \n\nAnti-Nationals call me : SANGHI GOON & SANGHI TERRORISTS. \nOh that's a Badge of Honor. \nLoving it.", "friends_count": 2496, "location": "Pune, India", "profile_link_color": "981CEB", "profile_image_url": "http://pbs.twimg.com/profile_images/1050776783212175361/WKhC13E7_normal.jpg", "following": null, "geo_enabled": true, "profile_banner_url": "https://pbs.twimg.com/profile_banners/762591701525561344/1537435880", "profile_background_image_url": "http://abs.twimg.com/images/themes/theme1/bg.png", "name": "\u24b6\u24b7\u24bd\u24be\u24c8\u24bd\u24ba\u24c0 \u24c8\u24d8\u24dd\u24d6\u24d7", "lang": "en", "profile_background_tile": false, "favourites_count": 9745, "screen_name": "abhishekINDIAN7", "notifications": null, "url": "http://bjp.org", "created_at": "Mon Aug 08 10:10:04 +0000 2016", "contributors_enabled": false, "time_zone": null, "protected": false, "translator_type": "none", "is_translator": false}, "geo": null, "in_reply_to_user_id_str": null, "lang": "hi", "extended_tweet": {"display_text_range": [0, 282], "entities": {"user_mentions": [], "symbols": [], "hashtags": [{"indices": [8, 21], "text": "ImranKhanPTI"}, {"indices": [50, 59], "text": "Pakistan"}, {"indices": [69, 78], "text": "CONGRESS"}], "urls": []}, "full_text": "The way #ImranKhanPTI is auctioning properties of #Pakistan ,I think #CONGRESS shud relocate it's base to Lahore &amp; shud make VADRA JIJAJI d man incharge.\n\nSasoor kuch toh milega lootne ke liye usse, warna MODIRAJ mein toh bheekh b na mile. \n\nWaise b chhote desh ke layak hi woh."}, "created_at": "Fri Oct 12 17:57:32 +0000 2018", "filter_level": "low", "in_reply_to_status_id_str": null, "place": null}, "user": {"follow_request_sent": null, "profile_use_background_image": true, "default_profile_image": false, "id": 907430075712159744, "default_profile": true, "verified": false, "profile_image_url_https": "https://pbs.twimg.com/profile_images/1047520823857352704/0sq9R4M6_normal.jpg", "profile_sidebar_fill_color": "DDEEF6", "profile_text_color": "333333", "followers_count": 5256, "profile_sidebar_border_color": "C0DEED", "id_str": "907430075712159744", "profile_background_color": "F5F8FA", "listed_count": 10, "profile_background_image_url_https": "", "utc_offset": null, "statuses_count": 80107, "description": "\ud83d\ude4f #\u091c\u092f_\u0936\u094d\u0930\u0940_\u092a\u0930\u0936\u0941\u0930\u093e\u092e \ud83d\ude4f\n\ud83d\ude4f #\u091c\u092f_\u092d\u093e\u0930\u0924 \ud83d\ude4f\n\ud83d\ude4f #\u092d\u093e\u0930\u0924_\u0905\u091f\u0932_\u0939\u0948 \ud83d\ude4f\n\ud83d\ude4f #\u0938\u0902\u0915\u0932\u094d\u092a_\u0930\u093e\u092e\u092e\u0902\u0926\u093f\u0930_\u0928\u093f\u0930\u094d\u092e\u093e\u0923 \ud83d\ude4f", "friends_count": 28, "location": null, "profile_link_color": "1DA1F2", "profile_image_url": "http://pbs.twimg.com/profile_images/1047520823857352704/0sq9R4M6_normal.jpg", "following": null, "geo_enabled": false, "profile_banner_url": "https://pbs.twimg.com/profile_banners/907430075712159744/1532400068", "profile_background_image_url": "", "name": "\ud83c\udf3a\u092c\u094d\u0930\u093e\u0939\u094d\u092e\u0923\u0940\ud83c\udf3a", "lang": "en", "profile_background_tile": false, "favourites_count": 495, "screen_name": "Brahman_Putri", "notifications": null, "url": null, "created_at": "Tue Sep 12 02:26:04 +0000 2017", "contributors_enabled": false, "time_zone": null, "protected": false, "translator_type": "none", "is_translator": false}, "geo": null, "in_reply_to_user_id_str": null, "lang": "hi", "created_at": "Sat Oct 13 06:33:17 +0000 2018", "filter_level": "low", "in_reply_to_status_id_str": null, "place": null}
{"quote_count": 0, "quoted_status_permalink": {"url": "https://t.co/IaMRP4383e", "expanded": "https://twitter.com/yavuzselimkiran/status/1050755351728062465", "display": "twitter.com/yavuzselimkira\u2026"}, "contributors": null, "truncated": false, "text": "RT @saltukfaris: Pakistan\u2019da bu aralar hareketlilik var. Bunlar\u0131n bir an \u00f6nce icraatlara d\u00f6n\u00fc\u015fmesini umuyorum.\nBunun i\u00e7in elimizden geleni\u2026", "is_quote_status": true, "in_reply_to_status_id": null, "reply_count": 0, "id": 1050997937982070785, "favorite_count": 0, "entities": {"user_mentions": [{"id": 1023167628737695745, "indices": [3, 15], "id_str": "1023167628737695745", "screen_name": "saltukfaris", "name": "Saltuk F\u00e2ris"}], "symbols": [], "hashtags": [], "urls": []}, "quoted_status_id": 1050755351728062465, "retweeted": false, "coordinates": null, "timestamp_ms": "1539412409669", "quoted_status": {"quote_count": 1, "contributors": null, "truncated": true, "text": "#Pakistan\u2019da ya\u015fayan T\u00fcrk toplumuyla, i\u015f insanlar\u0131m\u0131zla, STK temsilcilerimizle, T\u00fcrkiye mezunu bursiyerlerle birara\u2026 https://t.co/f422XL2FH4", "is_quote_status": false, "in_reply_to_status_id": null, "reply_count": 1, "id": 1050755351728062465, "favorite_count": 66, "entities": {"user_mentions": [], "symbols": [], "hashtags": [{"indices": [0, 9], "text": "Pakistan"}], "urls": [{"url": "https://t.co/f422XL2FH4", "indices": [117, 140], "expanded_url": "https://twitter.com/i/web/status/1050755351728062465", "display_url": "twitter.com/i/web/status/1\u2026"}]}, "retweeted": false, "coordinates": null, "source": "<a href=\"http://twitter.com/download/iphone\" rel=\"nofollow\">Twitter for iPhone</a>", "in_reply_to_screen_name": null, "id_str": "1050755351728062465", "display_text_range": [0, 140], "retweet_count": 7, "in_reply_to_user_id": null, "favorited": false, "user": {"follow_request_sent": null, "profile_use_background_image": true, "default_profile_image": false, "id": 160892164, "default_profile": true, "verified": true, "profile_image_url_https": "https://pbs.twimg.com/profile_images/990250548589973504/PipUC_MJ_normal.jpg", "profile_sidebar_fill_color": "DDEEF6", "profile_text_color": "333333", "followers_count": 9774, "profile_sidebar_border_color": "C0DEED", "id_str": "160892164", "profile_background_color": "C0DEED", "listed_count": 10, "profile_background_image_url_https": "https://abs.twimg.com/images/themes/theme1/bg.png", "utc_offset": null, "statuses_count": 3106, "description": "D\u0131\u015fi\u015fleri Bakan Yard\u0131mc\u0131s\u0131 / Deputy Minister of Foreign Affairs of Turkey", "friends_count": 686, "location": "Ankara", "profile_link_color": "1DA1F2", "profile_image_url": "http://pbs.twimg.com/profile_images/990250548589973504/PipUC_MJ_normal.jpg", "following": null, "geo_enabled": true, "profile_banner_url": "https://pbs.twimg.com/profile_banners/160892164/1533636916", "profile_background_image_url": "http://abs.twimg.com/images/themes/theme1/bg.png", "name": "Yavuz Selim KIRAN", "lang": "en", "profile_background_tile": false, "favourites_count": 450, "screen_name": "yavuzselimkiran", "notifications": null, "url": null, "created_at": "Tue Jun 29 11:50:56 +0000 2010", "contributors_enabled": false, "time_zone": null, "protected": false, "translator_type": "none", "is_translator": false}, "geo": null, "in_reply_to_user_id_str": null, "possibly_sensitive": false, "lang": "tr", "extended_tweet": {"display_text_range": [0, 197], "entities": {"user_mentions": [], "symbols": [], "hashtags": [{"indices": [0, 9], "text": "Pakistan"}], "urls": [], "media": [{"expanded_url": "https://twitter.com/yavuzselimkiran/status/1050755351728062465/photo/1", "display_url": "pic.twitter.com/sGTaiD6V4R", "url": "https://t.co/sGTaiD6V4R", "media_url_https": "https://pbs.twimg.com/media/DpUIaUqXoAICj1D.jpg", "id_str": "1050755336376918018", "sizes": {"small": {"h": 680, "resize": "fit", "w": 510}, "large": {"h": 1024, "resize": "fit", "w": 768}, "medium": {"h": 1024, "resize": "fit", "w": 768}, "thumb": {"h": 150, "resize": "crop", "w": 150}}, "indices": [198, 221], "type": "photo", "id": 1050755336376918018, "media_url": "http://pbs.twimg.com/media/DpUIaUqXoAICj1D.jpg"}, {"expanded_url": "https://twitter.com/yavuzselimkiran/status/1050755351728062465/photo/1", "display_url": "pic.twitter.com/sGTaiD6V4R", "url": "https://t.co/sGTaiD6V4R", "media_url_https": "https://pbs.twimg.com/media/DpUIaU0WkAEcUG_.jpg", "id_str": "1050755336418791425", "sizes": {"large": {"h": 1024, "resize": "fit", "w": 768}, "small": {"h": 680, "resize": "fit", "w": 510}, "medium": {"h": 1024, "resize": "fit", "w": 768}, "thumb": {"h": 150, "resize": "crop", "w": 150}}, "indices": [198, 221], "type": "photo", "id": 1050755336418791425, "media_url": "http://pbs.twimg.com/media/DpUIaU0WkAEcUG_.jpg"}, {"expanded_url": "https://twitter.com/yavuzselimkiran/status/1050755351728062465/photo/1", "display_url": "pic.twitter.com/sGTaiD6V4R", "url": "https://t.co/sGTaiD6V4R", "media_url_https": "https://pbs.twimg.com/media/DpUIaUyXcAMonpm.jpg", "id_str": "1050755336410460163", "sizes": {"large": {"h": 768, "resize": "fit", "w": 1024}, "small": {"h": 510, "resize": "fit", "w": 680}, "medium": {"h": 768, "resize": "fit", "w": 1024}, "thumb": {"h": 150, "resize": "crop", "w": 150}}, "indices": [198, 221], "type": "photo", "id": 1050755336410460163, "media_url": "http://pbs.twimg.com/media/DpUIaUyXcAMonpm.jpg"}, {"expanded_url": "https://twitter.com/yavuzselimkiran/status/1050755351728062465/photo/1", "display_url": "pic.twitter.com/sGTaiD6V4R", "url": "https://t.co/sGTaiD6V4R", "media_url_https": "https://pbs.twimg.com/media/DpUIaU1WsAAtS5w.jpg", "id_str": "1050755336422993920", "sizes": {"small": {"h": 510, "resize": "fit", "w": 680}, "large": {"h": 768, "resize": "fit", "w": 1024}, "medium": {"h": 768, "resize": "fit", "w": 1024}, "thumb": {"h": 150, "resize": "crop", "w": 150}}, "indices": [198, 221], "type": "photo", "id": 1050755336422993920, "media_url": "http://pbs.twimg.com/media/DpUIaU1WsAAtS5w.jpg"}]}, "extended_entities": {"media": [{"expanded_url": "https://twitter.com/yavuzselimkiran/status/1050755351728062465/photo/1", "display_url": "pic.twitter.com/sGTaiD6V4R", "url": "https://t.co/sGTaiD6V4R", "media_url_https": "https://pbs.twimg.com/media/DpUIaUqXoAICj1D.jpg", "id_str": "1050755336376918018", "sizes": {"small": {"h": 680, "resize": "fit", "w": 510}, "large": {"h": 1024, "resize": "fit", "w": 768}, "medium": {"h": 1024, "resize": "fit", "w": 768}, "thumb": {"h": 150, "resize": "crop", "w": 150}}, "indices": [198, 221], "type": "photo", "id": 1050755336376918018, "media_url": "http://pbs.twimg.com/media/DpUIaUqXoAICj1D.jpg"}, {"expanded_url": "https://twitter.com/yavuzselimkiran/status/1050755351728062465/photo/1", "display_url": "pic.twitter.com/sGTaiD6V4R", "url": "https://t.co/sGTaiD6V4R", "media_url_https": "https://pbs.twimg.com/media/DpUIaU0WkAEcUG_.jpg", "id_str": "1050755336418791425", "sizes": {"large": {"h": 1024, "resize": "fit", "w": 768}, "small": {"h": 680, "resize": "fit", "w": 510}, "medium": {"h": 1024, "resize": "fit", "w": 768}, "thumb": {"h": 150, "resize": "crop", "w": 150}}, "indices": [198, 221], "type": "photo", "id": 1050755336418791425, "media_url": "http://pbs.twimg.com/media/DpUIaU0WkAEcUG_.jpg"}, {"expanded_url": "https://twitter.com/yavuzselimkiran/status/1050755351728062465/photo/1", "display_url": "pic.twitter.com/sGTaiD6V4R", "url": "https://t.co/sGTaiD6V4R", "media_url_https": "https://pbs.twimg.com/media/DpUIaUyXcAMonpm.jpg", "id_str": "1050755336410460163", "sizes": {"large": {"h": 768, "resize": "fit", "w": 1024}, "small": {"h": 510, "resize": "fit", "w": 680}, "medium": {"h": 768, "resize": "fit", "w": 1024}, "thumb": {"h": 150, "resize": "crop", "w": 150}}, "indices": [198, 221], "type": "photo", "id": 1050755336410460163, "media_url": "http://pbs.twimg.com/media/DpUIaUyXcAMonpm.jpg"}, {"expanded_url": "https://twitter.com/yavuzselimkiran/status/1050755351728062465/photo/1", "display_url": "pic.twitter.com/sGTaiD6V4R", "url": "https://t.co/sGTaiD6V4R", "media_url_https": "https://pbs.twimg.com/media/DpUIaU1WsAAtS5w.jpg", "id_str": "1050755336422993920", "sizes": {"small": {"h": 510, "resize": "fit", "w": 680}, "large": {"h": 768, "resize": "fit", "w": 1024}, "medium": {"h": 768, "resize": "fit", "w": 1024}, "thumb": {"h": 150, "resize": "crop", "w": 150}}, "indices": [198, 221], "type": "photo", "id": 1050755336422993920, "media_url": "http://pbs.twimg.com/media/DpUIaU1WsAAtS5w.jpg"}]}, "full_text": "#Pakistan\u2019da ya\u015fayan T\u00fcrk toplumuyla, i\u015f insanlar\u0131m\u0131zla, STK temsilcilerimizle, T\u00fcrkiye mezunu bursiyerlerle biraraya gelerek hasret giderdik, sorunlar\u0131n\u0131 dinleyerek \u00e7\u00f6z\u00fcm yollar\u0131n\u0131 isti\u015fare ettik. https://t.co/sGTaiD6V4R"}, "created_at": "Fri Oct 12 14:29:32 +0000 2018", "filter_level": "low", "in_reply_to_status_id_str": null, "place": null}, "source": "<a href=\"http://twitter.com/download/android\" rel=\"nofollow\">Twitter for Android</a>", "in_reply_to_screen_name": null, "id_str": "1050997937982070785", "retweet_count": 0, "in_reply_to_user_id": null, "favorited": false, "retweeted_status": {"quote_count": 0, "quoted_status_permalink": {"url": "https://t.co/IaMRP4383e", "expanded": "https://twitter.com/yavuzselimkiran/status/1050755351728062465", "display": "twitter.com/yavuzselimkira\u2026"}, "contributors": null, "truncated": true, "text": "Pakistan\u2019da bu aralar hareketlilik var. Bunlar\u0131n bir an \u00f6nce icraatlara d\u00f6n\u00fc\u015fmesini umuyorum.\nBunun i\u00e7in elimizden\u2026 https://t.co/9ZpyeSkkSD", "is_quote_status": true, "in_reply_to_status_id": null, "reply_count": 0, "id": 1050978460057907200, "favorite_count": 36, "entities": {"user_mentions": [], "symbols": [], "hashtags": [], "urls": [{"url": "https://t.co/9ZpyeSkkSD", "indices": [116, 139], "expanded_url": "https://twitter.com/i/web/status/1050978460057907200", "display_url": "twitter.com/i/web/status/1\u2026"}]}, "quoted_status_id": 1050755351728062465, "retweeted": false, "coordinates": null, "quoted_status": {"quote_count": 1, "contributors": null, "truncated": true, "text": "#Pakistan\u2019da ya\u015fayan T\u00fcrk toplumuyla, i\u015f insanlar\u0131m\u0131zla, STK temsilcilerimizle, T\u00fcrkiye mezunu bursiyerlerle birara\u2026 https://t.co/f422XL2FH4", "is_quote_status": false, "in_reply_to_status_id": null, "reply_count": 1, "id": 1050755351728062465, "favorite_count": 66, "entities": {"user_mentions": [], "symbols": [], "hashtags": [{"indices": [0, 9], "text": "Pakistan"}], "urls": [{"url": "https://t.co/f422XL2FH4", "indices": [117, 140], "expanded_url": "https://twitter.com/i/web/status/1050755351728062465", "display_url": "twitter.com/i/web/status/1\u2026"}]}, "retweeted": false, "coordinates": null, "source": "<a href=\"http://twitter.com/download/iphone\" rel=\"nofollow\">Twitter for iPhone</a>", "in_reply_to_screen_name": null, "id_str": "1050755351728062465", "display_text_range": [0, 140], "retweet_count": 7, "in_reply_to_user_id": null, "favorited": false, "user": {"follow_request_sent": null, "profile_use_background_image": true, "default_profile_image": false, "id": 160892164, "default_profile": true, "verified": true, "profile_image_url_https": "https://pbs.twimg.com/profile_images/990250548589973504/PipUC_MJ_normal.jpg", "profile_sidebar_fill_color": "DDEEF6", "profile_text_color": "333333", "followers_count": 9774, "profile_sidebar_border_color": "C0DEED", "id_str": "160892164", "profile_background_color": "C0DEED", "listed_count": 10, "profile_background_image_url_https": "https://abs.twimg.com/images/themes/theme1/bg.png", "utc_offset": null, "statuses_count": 3106, "description": "D\u0131\u015fi\u015fleri Bakan Yard\u0131mc\u0131s\u0131 / Deputy Minister of Foreign Affairs of Turkey", "friends_count": 686, "location": "Ankara", "profile_link_color": "1DA1F2", "profile_image_url": "http://pbs.twimg.com/profile_images/990250548589973504/PipUC_MJ_normal.jpg", "following": null, "geo_enabled": true, "profile_banner_url": "https://pbs.twimg.com/profile_banners/160892164/1533636916", "profile_background_image_url": "http://abs.twimg.com/images/themes/theme1/bg.png", "name": "Yavuz Selim KIRAN", "lang": "en", "profile_background_tile": false, "favourites_count": 450, "screen_name": "yavuzselimkiran", "notifications": null, "url": null, "created_at": "Tue Jun 29 11:50:56 +0000 2010", "contributors_enabled": false, "time_zone": null, "protected": false, "translator_type": "none", "is_translator": false}, "geo": null, "in_reply_to_user_id_str": null, "possibly_sensitive": false, "lang": "tr", "extended_tweet": {"display_text_range": [0, 197], "entities": {"user_mentions": [], "symbols": [], "hashtags": [{"indices": [0, 9], "text": "Pakistan"}], "urls": [], "media": [{"expanded_url": "https://twitter.com/yavuzselimkiran/status/1050755351728062465/photo/1", "display_url": "pic.twitter.com/sGTaiD6V4R", "url": "https://t.co/sGTaiD6V4R", "media_url_https": "https://pbs.twimg.com/media/DpUIaUqXoAICj1D.jpg", "id_str": "1050755336376918018", "sizes": {"small": {"h": 680, "resize": "fit", "w": 510}, "large": {"h": 1024, "resize": "fit", "w": 768}, "medium": {"h": 1024, "resize": "fit", "w": 768}, "thumb": {"h": 150, "resize": "crop", "w": 150}}, "indices": [198, 221], "type": "photo", "id": 1050755336376918018, "media_url": "http://pbs.twimg.com/media/DpUIaUqXoAICj1D.jpg"}, {"expanded_url": "https://twitter.com/yavuzselimkiran/status/1050755351728062465/photo/1", "display_url": "pic.twitter.com/sGTaiD6V4R", "url": "https://t.co/sGTaiD6V4R", "media_url_https": "https://pbs.twimg.com/media/DpUIaU0WkAEcUG_.jpg", "id_str": "1050755336418791425", "sizes": {"large": {"h": 1024, "resize": "fit", "w": 768}, "small": {"h": 680, "resize": "fit", "w": 510}, "medium": {"h": 1024, "resize": "fit", "w": 768}, "thumb": {"h": 150, "resize": "crop", "w": 150}}, "indices": [198, 221], "type": "photo", "id": 1050755336418791425, "media_url": "http://pbs.twimg.com/media/DpUIaU0WkAEcUG_.jpg"}, {"expanded_url": "https://twitter.com/yavuzselimkiran/status/1050755351728062465/photo/1", "display_url": "pic.twitter.com/sGTaiD6V4R", "url": "https://t.co/sGTaiD6V4R", "media_url_https": "https://pbs.twimg.com/media/DpUIaUyXcAMonpm.jpg", "id_str": "1050755336410460163", "sizes": {"large": {"h": 768, "resize": "fit", "w": 1024}, "small": {"h": 510, "resize": "fit", "w": 680}, "medium": {"h": 768, "resize": "fit", "w": 1024}, "thumb": {"h": 150, "resize": "crop", "w": 150}}, "indices": [198, 221], "type": "photo", "id": 1050755336410460163, "media_url": "http://pbs.twimg.com/media/DpUIaUyXcAMonpm.jpg"}, {"expanded_url": "https://twitter.com/yavuzselimkiran/status/1050755351728062465/photo/1", "display_url": "pic.twitter.com/sGTaiD6V4R", "url": "https://t.co/sGTaiD6V4R", "media_url_https": "https://pbs.twimg.com/media/DpUIaU1WsAAtS5w.jpg", "id_str": "1050755336422993920", "sizes": {"small": {"h": 510, "resize": "fit", "w": 680}, "large": {"h": 768, "resize": "fit", "w": 1024}, "medium": {"h": 768, "resize": "fit", "w": 1024}, "thumb": {"h": 150, "resize": "crop", "w": 150}}, "indices": [198, 221], "type": "photo", "id": 1050755336422993920, "media_url": "http://pbs.twimg.com/media/DpUIaU1WsAAtS5w.jpg"}]}, "extended_entities": {"media": [{"expanded_url": "https://twitter.com/yavuzselimkiran/status/1050755351728062465/photo/1", "display_url": "pic.twitter.com/sGTaiD6V4R", "url": "https://t.co/sGTaiD6V4R", "media_url_https": "https://pbs.twimg.com/media/DpUIaUqXoAICj1D.jpg", "id_str": "1050755336376918018", "sizes": {"small": {"h": 680, "resize": "fit", "w": 510}, "large": {"h": 1024, "resize": "fit", "w": 768}, "medium": {"h": 1024, "resize": "fit", "w": 768}, "thumb": {"h": 150, "resize": "crop", "w": 150}}, "indices": [198, 221], "type": "photo", "id": 1050755336376918018, "media_url": "http://pbs.twimg.com/media/DpUIaUqXoAICj1D.jpg"}, {"expanded_url": "https://twitter.com/yavuzselimkiran/status/1050755351728062465/photo/1", "display_url": "pic.twitter.com/sGTaiD6V4R", "url": "https://t.co/sGTaiD6V4R", "media_url_https": "https://pbs.twimg.com/media/DpUIaU0WkAEcUG_.jpg", "id_str": "1050755336418791425", "sizes": {"large": {"h": 1024, "resize": "fit", "w": 768}, "small": {"h": 680, "resize": "fit", "w": 510}, "medium": {"h": 1024, "resize": "fit", "w": 768}, "thumb": {"h": 150, "resize": "crop", "w": 150}}, "indices": [198, 221], "type": "photo", "id": 1050755336418791425, "media_url": "http://pbs.twimg.com/media/DpUIaU0WkAEcUG_.jpg"}, {"expanded_url": "https://twitter.com/yavuzselimkiran/status/1050755351728062465/photo/1", "display_url": "pic.twitter.com/sGTaiD6V4R", "url": "https://t.co/sGTaiD6V4R", "media_url_https": "https://pbs.twimg.com/media/DpUIaUyXcAMonpm.jpg", "id_str": "1050755336410460163", "sizes": {"large": {"h": 768, "resize": "fit", "w": 1024}, "small": {"h": 510, "resize": "fit", "w": 680}, "medium": {"h": 768, "resize": "fit", "w": 1024}, "thumb": {"h": 150, "resize": "crop", "w": 150}}, "indices": [198, 221], "type": "photo", "id": 1050755336410460163, "media_url": "http://pbs.twimg.com/media/DpUIaUyXcAMonpm.jpg"}, {"expanded_url": "https://twitter.com/yavuzselimkiran/status/1050755351728062465/photo/1", "display_url": "pic.twitter.com/sGTaiD6V4R", "url": "https://t.co/sGTaiD6V4R", "media_url_https": "https://pbs.twimg.com/media/DpUIaU1WsAAtS5w.jpg", "id_str": "1050755336422993920", "sizes": {"small": {"h": 510, "resize": "fit", "w": 680}, "large": {"h": 768, "resize": "fit", "w": 1024}, "medium": {"h": 768, "resize": "fit", "w": 1024}, "thumb": {"h": 150, "resize": "crop", "w": 150}}, "indices": [198, 221], "type": "photo", "id": 1050755336422993920, "media_url": "http://pbs.twimg.com/media/DpUIaU1WsAAtS5w.jpg"}]}, "full_text": "#Pakistan\u2019da ya\u015fayan T\u00fcrk toplumuyla, i\u015f insanlar\u0131m\u0131zla, STK temsilcilerimizle, T\u00fcrkiye mezunu bursiyerlerle biraraya gelerek hasret giderdik, sorunlar\u0131n\u0131 dinleyerek \u00e7\u00f6z\u00fcm yollar\u0131n\u0131 isti\u015fare ettik. https://t.co/sGTaiD6V4R"}, "created_at": "Fri Oct 12 14:29:32 +0000 2018", "filter_level": "low", "in_reply_to_status_id_str": null, "place": null}, "source": "<a href=\"http://twitter.com/download/iphone\" rel=\"nofollow\">Twitter for iPhone</a>", "in_reply_to_screen_name": null, "id_str": "1050978460057907200", "display_text_range": [0, 140], "retweet_count": 15, "in_reply_to_user_id": null, "favorited": false, "user": {"follow_request_sent": null, "profile_use_background_image": true, "default_profile_image": false, "id": 1023167628737695745, "default_profile": true, "verified": false, "profile_image_url_https": "https://pbs.twimg.com/profile_images/1023656926645813250/pG4pREVy_normal.jpg", "profile_sidebar_fill_color": "DDEEF6", "profile_text_color": "333333", "followers_count": 6861, "profile_sidebar_border_color": "C0DEED", "id_str": "1023167628737695745", "profile_background_color": "F5F8FA", "listed_count": 10, "profile_background_image_url_https": "", "utc_offset": null, "statuses_count": 226, "description": "Hint Alt K\u0131tas\u0131 Uzman\u0131 - Pakistan'da g\u00f6n\u00fcll\u00fc \u015eehbender", "friends_count": 23, "location": "Pakistan", "profile_link_color": "1DA1F2", "profile_image_url": "http://pbs.twimg.com/profile_images/1023656926645813250/pG4pREVy_normal.jpg", "following": null, "geo_enabled": false, "profile_banner_url": "https://pbs.twimg.com/profile_banners/1023167628737695745/1532778323", "profile_background_image_url": "", "name": "Saltuk F\u00e2ris", "lang": "en", "profile_background_tile": false, "favourites_count": 226, "screen_name": "saltukfaris", "notifications": null, "url": null, "created_at": "Sat Jul 28 11:25:47 +0000 2018", "contributors_enabled": false, "time_zone": null, "protected": false, "translator_type": "none", "is_translator": false}, "geo": null, "in_reply_to_user_id_str": null, "possibly_sensitive": false, "lang": "tr", "extended_tweet": {"display_text_range": [0, 268], "entities": {"user_mentions": [], "symbols": [], "hashtags": [], "urls": [{"url": "https://t.co/IaMRP4383e", "indices": [269, 292], "expanded_url": "https://twitter.com/yavuzselimkiran/status/1050755351728062465", "display_url": "twitter.com/yavuzselimkira\u2026"}]}, "full_text": "Pakistan\u2019da bu aralar hareketlilik var. Bunlar\u0131n bir an \u00f6nce icraatlara d\u00f6n\u00fc\u015fmesini umuyorum.\nBunun i\u00e7in elimizden geleni yapmaya devam edece\u011fiz. Sahadaki heyecan, beklenti ve \u00fcmitlerin b\u00fcrokratlar\u0131m\u0131z taraf\u0131ndan s\u00fcmenalt\u0131lar\u0131nda bekletilmesine art\u0131k tahamm\u00fcl\u00fcm\u00fcz yok. https://t.co/IaMRP4383e"}, "created_at": "Sat Oct 13 05:16:05 +0000 2018", "quoted_status_id_str": "1050755351728062465", "filter_level": "low", "in_reply_to_status_id_str": null, "place": null}, "user": {"follow_request_sent": null, "profile_use_background_image": true, "default_profile_image": false, "id": 1696052412, "default_profile": true, "verified": false, "profile_image_url_https": "https://pbs.twimg.com/profile_images/523816261349031937/yzR4eA-5_normal.jpeg", "profile_sidebar_fill_color": "DDEEF6", "profile_text_color": "333333", "followers_count": 365, "profile_sidebar_border_color": "C0DEED", "id_str": "1696052412", "profile_background_color": "C0DEED", "listed_count": 1, "profile_background_image_url_https": "https://abs.twimg.com/images/themes/theme1/bg.png", "utc_offset": null, "statuses_count": 48732, "description": null, "friends_count": 730, "location": null, "profile_link_color": "1DA1F2", "profile_image_url": "http://pbs.twimg.com/profile_images/523816261349031937/yzR4eA-5_normal.jpeg", "following": null, "geo_enabled": true, "profile_background_image_url": "http://abs.twimg.com/images/themes/theme1/bg.png", "name": "mehmet \u00f6nder", "lang": "tr", "profile_background_tile": false, "favourites_count": 21, "screen_name": "hedefmedikaltr", "notifications": null, "url": null, "created_at": "Sat Aug 24 10:01:17 +0000 2013", "contributors_enabled": false, "time_zone": null, "protected": false, "translator_type": "none", "is_translator": false}, "geo": null, "in_reply_to_user_id_str": null, "lang": "tr", "created_at": "Sat Oct 13 06:33:29 +0000 2018", "quoted_status_id_str": "1050755351728062465", "filter_level": "low", "in_reply_to_status_id_str": null, "place": null}
{"quote_count": 0, "contributors": null, "truncated": true, "text": "Going Green has Brought Positive Change ~ Billion \ud83c\udf33\ud83c\udf34\ud83c\udf8b Tsunami! #FreeKaavan team is prepared to come to #Pakistan to\u2026 https://t.co/q7bQukPhhT", "is_quote_status": false, "in_reply_to_status_id": null, "reply_count": 0, "id": 1050997963525251072, "favorite_count": 0, "entities": {"user_mentions": [], "symbols": [], "hashtags": [{"indices": [63, 74], "text": "FreeKaavan"}, {"indices": [103, 112], "text": "Pakistan"}], "urls": [{"url": "https://t.co/q7bQukPhhT", "indices": [117, 140], "expanded_url": "https://twitter.com/i/web/status/1050997963525251072", "display_url": "twitter.com/i/web/status/1\u2026"}]}, "retweeted": false, "coordinates": null, "timestamp_ms": "1539412415759", "source": "<a href=\"http://twitter.com\" rel=\"nofollow\">Twitter Web Client</a>", "in_reply_to_screen_name": null, "id_str": "1050997963525251072", "retweet_count": 0, "in_reply_to_user_id": null, "favorited": false, "user": {"follow_request_sent": null, "profile_use_background_image": false, "default_profile_image": false, "id": 1265932692, "default_profile": false, "verified": false, "profile_image_url_https": "https://pbs.twimg.com/profile_images/691834669088804864/RwGeE4fB_normal.jpg", "profile_sidebar_fill_color": "000000", "profile_text_color": "000000", "followers_count": 18523, "profile_sidebar_border_color": "000000", "id_str": "1265932692", "profile_background_color": "000000", "listed_count": 62, "profile_background_image_url_https": "https://abs.twimg.com/images/themes/theme1/bg.png", "utc_offset": null, "statuses_count": 40714, "description": "All living beings have the right to freedom.Animal lover. #DolphinAngels STOP  \u592a\u5730\u30a4\u30eb\u30ab\u8ffd\u3044\u8fbc\u307f\u6f01", "friends_count": 17681, "location": "Sydney Aus", "profile_link_color": "89C9FA", "profile_image_url": "http://pbs.twimg.com/profile_images/691834669088804864/RwGeE4fB_normal.jpg", "following": null, "geo_enabled": true, "profile_banner_url": "https://pbs.twimg.com/profile_banners/1265932692/1447220233", "profile_background_image_url": "http://abs.twimg.com/images/themes/theme1/bg.png", "name": "\u30a4\u30eb\u30ab\u30b7\u30e7\u30fc\u3092\u30dc\u30a4\u30b3\u30c3\u30c8\u3092\u3057\u3088\u3046", "lang": "en", "profile_background_tile": false, "favourites_count": 2661, "screen_name": "asmithruby", "notifications": null, "url": "http://bit.ly/eajapan", "created_at": "Thu Mar 14 02:06:05 +0000 2013", "contributors_enabled": false, "time_zone": null, "protected": false, "translator_type": "none", "is_translator": false}, "geo": null, "in_reply_to_user_id_str": null, "possibly_sensitive": false, "lang": "en", "extended_tweet": {"display_text_range": [0, 226], "entities": {"user_mentions": [{"id": 113286385, "indices": [188, 202], "id_str": "113286385", "screen_name": "fawadchaudhry", "name": "Ch Fawad Hussain"}], "symbols": [], "hashtags": [{"indices": [63, 74], "text": "FreeKaavan"}, {"indices": [103, 112], "text": "Pakistan"}], "urls": [], "media": [{"source_user_id": 850861278864199680, "source_status_id_str": "1047345459943993344", "expanded_url": "https://twitter.com/xxmoreeles/status/1047345459943993344/photo/1", "display_url": "pic.twitter.com/tzNdMYkwYn", "url": "https://t.co/tzNdMYkwYn", "media_url_https": "https://pbs.twimg.com/media/DojrC4rVAAIYjLv.jpg", "source_user_id_str": "850861278864199680", "source_status_id": 1047345459943993344, "id_str": "1047345348170022914", "sizes": {"large": {"h": 478, "resize": "fit", "w": 731}, "small": {"h": 445, "resize": "fit", "w": 680}, "medium": {"h": 478, "resize": "fit", "w": 731}, "thumb": {"h": 150, "resize": "crop", "w": 150}}, "indices": [203, 226], "type": "photo", "id": 1047345348170022914, "media_url": "http://pbs.twimg.com/media/DojrC4rVAAIYjLv.jpg"}, {"source_user_id": 850861278864199680, "source_status_id_str": "1047345459943993344", "expanded_url": "https://twitter.com/xxmoreeles/status/1047345459943993344/photo/1", "display_url": "pic.twitter.com/tzNdMYkwYn", "url": "https://t.co/tzNdMYkwYn", "media_url_https": "https://pbs.twimg.com/media/DojrG1sV4AE9ASy.jpg", "source_user_id_str": "850861278864199680", "source_status_id": 1047345459943993344, "id_str": "1047345416088444929", "sizes": {"small": {"h": 639, "resize": "fit", "w": 626}, "large": {"h": 639, "resize": "fit", "w": 626}, "medium": {"h": 639, "resize": "fit", "w": 626}, "thumb": {"h": 150, "resize": "crop", "w": 150}}, "indices": [203, 226], "type": "photo", "id": 1047345416088444929, "media_url": "http://pbs.twimg.com/media/DojrG1sV4AE9ASy.jpg"}]}, "extended_entities": {"media": [{"source_user_id": 850861278864199680, "source_status_id_str": "1047345459943993344", "expanded_url": "https://twitter.com/xxmoreeles/status/1047345459943993344/photo/1", "display_url": "pic.twitter.com/tzNdMYkwYn", "url": "https://t.co/tzNdMYkwYn", "media_url_https": "https://pbs.twimg.com/media/DojrC4rVAAIYjLv.jpg", "source_user_id_str": "850861278864199680", "source_status_id": 1047345459943993344, "id_str": "1047345348170022914", "sizes": {"large": {"h": 478, "resize": "fit", "w": 731}, "small": {"h": 445, "resize": "fit", "w": 680}, "medium": {"h": 478, "resize": "fit", "w": 731}, "thumb": {"h": 150, "resize": "crop", "w": 150}}, "indices": [203, 226], "type": "photo", "id": 1047345348170022914, "media_url": "http://pbs.twimg.com/media/DojrC4rVAAIYjLv.jpg"}, {"source_user_id": 850861278864199680, "source_status_id_str": "1047345459943993344", "expanded_url": "https://twitter.com/xxmoreeles/status/1047345459943993344/photo/1", "display_url": "pic.twitter.com/tzNdMYkwYn", "url": "https://t.co/tzNdMYkwYn", "media_url_https": "https://pbs.twimg.com/media/DojrG1sV4AE9ASy.jpg", "source_user_id_str": "850861278864199680", "source_status_id": 1047345459943993344, "id_str": "1047345416088444929", "sizes": {"small": {"h": 639, "resize": "fit", "w": 626}, "large": {"h": 639, "resize": "fit", "w": 626}, "medium": {"h": 639, "resize": "fit", "w": 626}, "thumb": {"h": 150, "resize": "crop", "w": 150}}, "indices": [203, 226], "type": "photo", "id": 1047345416088444929, "media_url": "http://pbs.twimg.com/media/DojrG1sV4AE9ASy.jpg"}]}, "full_text": "Going Green has Brought Positive Change ~ Billion \ud83c\udf33\ud83c\udf34\ud83c\udf8b Tsunami! #FreeKaavan team is prepared to come to #Pakistan to discuss in a meeting our offer to help Captive Animals @ No Cost to \ud83c\uddf5\ud83c\uddf0. @fawadchaudhry https://t.co/tzNdMYkwYn"}, "created_at": "Sat Oct 13 06:33:35 +0000 2018", "filter_level": "low", "in_reply_to_status_id_str": null, "place": null}
{"quote_count": 0, "quoted_status_permalink": {"url": "https://t.co/eWgJxbpecA", "expanded": "https://twitter.com/anikasleem/status/1050391556467900418", "display": "twitter.com/anikasleem/sta\u2026"}, "contributors": null, "truncated": false, "text": "https://t.co/eWgJxbpecA", "is_quote_status": true, "in_reply_to_status_id": null, "reply_count": 0, "id": 1050998009775849472, "favorite_count": 0, "entities": {"user_mentions": [], "symbols": [], "hashtags": [], "urls": [{"url": "https://t.co/eWgJxbpecA", "indices": [0, 23], "expanded_url": "https://twitter.com/anikasleem/status/1050391556467900418", "display_url": "twitter.com/anikasleem/sta\u2026"}]}, "quoted_status_id": 1050391556467900418, "retweeted": false, "coordinates": null, "timestamp_ms": "1539412426786", "quoted_status": {"quote_count": 7, "contributors": null, "truncated": true, "text": "At present, there are 5 \ud83d\udc18\u2019s in #Pakistan zoos \u2014 2 in #Karachi zoo Noor Jahan &amp; Madhubala &amp; 2 at the Safari Park Mal\u2026 https://t.co/jaHMPGhW4X", "is_quote_status": false, "in_reply_to_status_id": null, "reply_count": 0, "id": 1050391556467900418, "favorite_count": 9, "entities": {"user_mentions": [], "symbols": [], "hashtags": [{"indices": [31, 40], "text": "Pakistan"}, {"indices": [53, 61], "text": "Karachi"}], "urls": [{"url": "https://t.co/jaHMPGhW4X", "indices": [125, 148], "expanded_url": "https://twitter.com/i/web/status/1050391556467900418", "display_url": "twitter.com/i/web/status/1\u2026"}]}, "retweeted": false, "coordinates": null, "source": "<a href=\"http://twitter.com/download/iphone\" rel=\"nofollow\">Twitter for iPhone</a>", "in_reply_to_screen_name": null, "id_str": "1050391556467900418", "display_text_range": [0, 140], "retweet_count": 8, "in_reply_to_user_id": null, "favorited": false, "user": {"follow_request_sent": null, "profile_use_background_image": true, "default_profile_image": false, "id": 4799604449, "default_profile": true, "verified": false, "profile_image_url_https": "https://pbs.twimg.com/profile_images/971571011962327040/lzhqfaio_normal.jpg", "profile_sidebar_fill_color": "DDEEF6", "profile_text_color": "333333", "followers_count": 2905, "profile_sidebar_border_color": "C0DEED", "id_str": "4799604449", "profile_background_color": "F5F8FA", "listed_count": 75, "profile_background_image_url_https": "", "utc_offset": null, "statuses_count": 145759, "description": "#Kaavan is my First LOVE for \ud83d\udc18\u2019s Member #FreeKaavan \ud83d\udc18 Join #Kaavan page \ud83d\udc49\ud83c\udffb https://www.facebook.com/teamkaavan/ #TeamKaavan. 4 all Voiceless \ud83e\udd8d\ud83e\udd8f\ud83d\udc15", "friends_count": 1962, "location": "Canada", "profile_link_color": "1DA1F2", "profile_image_url": "http://pbs.twimg.com/profile_images/971571011962327040/lzhqfaio_normal.jpg", "following": null, "geo_enabled": false, "profile_banner_url": "https://pbs.twimg.com/profile_banners/4799604449/1520475563", "profile_background_image_url": "", "name": "Anika", "lang": "en", "profile_background_tile": false, "favourites_count": 30203, "screen_name": "anikasleem", "notifications": null, "url": null, "created_at": "Thu Jan 14 01:41:46 +0000 2016", "contributors_enabled": false, "time_zone": null, "protected": false, "translator_type": "none", "is_translator": false}, "geo": null, "in_reply_to_user_id_str": null, "possibly_sensitive": false, "lang": "en", "extended_tweet": {"display_text_range": [0, 281], "entities": {"user_mentions": [{"id": 122453931, "indices": [268, 281], "id_str": "122453931", "screen_name": "ImranKhanPTI", "name": "Imran Khan"}], "symbols": [], "hashtags": [{"indices": [31, 40], "text": "Pakistan"}, {"indices": [53, 61], "text": "Karachi"}, {"indices": [149, 156], "text": "Kavaan"}, {"indices": [160, 170], "text": "Islamabad"}], "urls": [], "media": [{"expanded_url": "https://twitter.com/anikasleem/status/1050391556467900418/photo/1", "display_url": "pic.twitter.com/DZ0j74XHLS", "url": "https://t.co/DZ0j74XHLS", "media_url_https": "https://pbs.twimg.com/media/DpO9h82UYAEq9OR.jpg", "id_str": "1050391529074745345", "sizes": {"small": {"h": 408, "resize": "fit", "w": 680}, "large": {"h": 480, "resize": "fit", "w": 800}, "medium": {"h": 480, "resize": "fit", "w": 800}, "thumb": {"h": 150, "resize": "crop", "w": 150}}, "indices": [282, 305], "type": "photo", "id": 1050391529074745345, "media_url": "http://pbs.twimg.com/media/DpO9h82UYAEq9OR.jpg"}, {"expanded_url": "https://twitter.com/anikasleem/status/1050391556467900418/photo/1", "display_url": "pic.twitter.com/DZ0j74XHLS", "url": "https://t.co/DZ0j74XHLS", "media_url_https": "https://pbs.twimg.com/media/DpO9h87VsAA7pNh.jpg", "id_str": "1050391529095802880", "sizes": {"small": {"h": 511, "resize": "fit", "w": 680}, "large": {"h": 1538, "resize": "fit", "w": 2048}, "medium": {"h": 901, "resize": "fit", "w": 1200}, "thumb": {"h": 150, "resize": "crop", "w": 150}}, "indices": [282, 305], "type": "photo", "id": 1050391529095802880, "media_url": "http://pbs.twimg.com/media/DpO9h87VsAA7pNh.jpg"}, {"expanded_url": "https://twitter.com/anikasleem/status/1050391556467900418/photo/1", "display_url": "pic.twitter.com/DZ0j74XHLS", "url": "https://t.co/DZ0j74XHLS", "media_url_https": "https://pbs.twimg.com/media/DpO9h85V4AIbwZ9.jpg", "id_str": "1050391529087426562", "sizes": {"small": {"h": 680, "resize": "fit", "w": 680}, "large": {"h": 1146, "resize": "fit", "w": 1146}, "medium": {"h": 1146, "resize": "fit", "w": 1146}, "thumb": {"h": 150, "resize": "crop", "w": 150}}, "indices": [282, 305], "type": "photo", "id": 1050391529087426562, "media_url": "http://pbs.twimg.com/media/DpO9h85V4AIbwZ9.jpg"}]}, "extended_entities": {"media": [{"expanded_url": "https://twitter.com/anikasleem/status/1050391556467900418/photo/1", "display_url": "pic.twitter.com/DZ0j74XHLS", "url": "https://t.co/DZ0j74XHLS", "media_url_https": "https://pbs.twimg.com/media/DpO9h82UYAEq9OR.jpg", "id_str": "1050391529074745345", "sizes": {"small": {"h": 408, "resize": "fit", "w": 680}, "large": {"h": 480, "resize": "fit", "w": 800}, "medium": {"h": 480, "resize": "fit", "w": 800}, "thumb": {"h": 150, "resize": "crop", "w": 150}}, "indices": [282, 305], "type": "photo", "id": 1050391529074745345, "media_url": "http://pbs.twimg.com/media/DpO9h82UYAEq9OR.jpg"}, {"expanded_url": "https://twitter.com/anikasleem/status/1050391556467900418/photo/1", "display_url": "pic.twitter.com/DZ0j74XHLS", "url": "https://t.co/DZ0j74XHLS", "media_url_https": "https://pbs.twimg.com/media/DpO9h87VsAA7pNh.jpg", "id_str": "1050391529095802880", "sizes": {"small": {"h": 511, "resize": "fit", "w": 680}, "large": {"h": 1538, "resize": "fit", "w": 2048}, "medium": {"h": 901, "resize": "fit", "w": 1200}, "thumb": {"h": 150, "resize": "crop", "w": 150}}, "indices": [282, 305], "type": "photo", "id": 1050391529095802880, "media_url": "http://pbs.twimg.com/media/DpO9h87VsAA7pNh.jpg"}, {"expanded_url": "https://twitter.com/anikasleem/status/1050391556467900418/photo/1", "display_url": "pic.twitter.com/DZ0j74XHLS", "url": "https://t.co/DZ0j74XHLS", "media_url_https": "https://pbs.twimg.com/media/DpO9h85V4AIbwZ9.jpg", "id_str": "1050391529087426562", "sizes": {"small": {"h": 680, "resize": "fit", "w": 680}, "large": {"h": 1146, "resize": "fit", "w": 1146}, "medium": {"h": 1146, "resize": "fit", "w": 1146}, "thumb": {"h": 150, "resize": "crop", "w": 150}}, "indices": [282, 305], "type": "photo", "id": 1050391529087426562, "media_url": "http://pbs.twimg.com/media/DpO9h85V4AIbwZ9.jpg"}]}, "full_text": "At present, there are 5 \ud83d\udc18\u2019s in #Pakistan zoos \u2014 2 in #Karachi zoo Noor Jahan &amp; Madhubala &amp; 2 at the Safari Park Malika  &amp;  Sonu ,  &amp; #Kavaan in #Islamabad\nwithout legislation, \u201cHow do you monitor a zoo without any set   standards? We are here to help .@ImranKhanPTI https://t.co/DZ0j74XHLS"}, "created_at": "Thu Oct 11 14:23:57 +0000 2018", "filter_level": "low", "in_reply_to_status_id_str": null, "place": null}, "source": "<a href=\"http://twitter.com\" rel=\"nofollow\">Twitter Web Client</a>", "in_reply_to_screen_name": null, "id_str": "1050998009775849472", "retweet_count": 0, "in_reply_to_user_id": null, "favorited": false, "user": {"follow_request_sent": null, "profile_use_background_image": true, "default_profile_image": false, "id": 111188618, "default_profile": false, "verified": false, "profile_image_url_https": "https://pbs.twimg.com/profile_images/674537298/Misty2resize_normal.jpg", "profile_sidebar_fill_color": "E3E2DE", "profile_text_color": "634047", "followers_count": 21, "profile_sidebar_border_color": "D3D2CF", "id_str": "111188618", "profile_background_color": "EDECE9", "listed_count": 1, "profile_background_image_url_https": "https://abs.twimg.com/images/themes/theme3/bg.gif", "utc_offset": null, "statuses_count": 9108, "description": null, "friends_count": 4, "location": "Australia", "profile_link_color": "955FC7", "profile_image_url": "http://pbs.twimg.com/profile_images/674537298/Misty2resize_normal.jpg", "following": null, "geo_enabled": false, "profile_background_image_url": "http://abs.twimg.com/images/themes/theme3/bg.gif", "name": "Carol Dixon", "lang": "en", "profile_background_tile": false, "favourites_count": 30, "screen_name": "doggiedogdog", "notifications": null, "url": null, "created_at": "Thu Feb 04 02:34:13 +0000 2010", "contributors_enabled": false, "time_zone": null, "protected": false, "translator_type": "none", "is_translator": false}, "geo": null, "in_reply_to_user_id_str": null, "possibly_sensitive": false, "lang": "und", "created_at": "Sat Oct 13 06:33:46 +0000 2018", "quoted_status_id_str": "1050391556467900418", "filter_level": "low", "in_reply_to_status_id_str": null, "place": null}
