{"quote_count": 0, "contributors": null, "truncated": false, "text": "RT @PakSarfrazbugti: On behalf of @SenatePakistan I welcome distinguished delegates of #APA2018 in #Gwadar, #Pakistan. #APAGwadar will help\u2026", "is_quote_status": false, "in_reply_to_status_id": null, "reply_count": 0, "id": 1056433599069741056, "favorite_count": 0, "entities": {"user_mentions": [{"id": 1844877012, "indices": [3, 19], "id_str": "1844877012", "screen_name": "PakSarfrazbugti", "name": "Senator Sarfraz Bugti"}, {"id": 2981891342, "indices": [34, 49], "id_str": "2981891342", "screen_name": "SenatePakistan", "name": "Senate of Pakistan"}], "symbols": [], "hashtags": [{"indices": [87, 95], "text": "APA2018"}, {"indices": [99, 106], "text": "Gwadar"}, {"indices": [108, 117], "text": "Pakistan"}, {"indices": [119, 129], "text": "APAGwadar"}], "urls": []}, "retweeted": false, "coordinates": null, "timestamp_ms": "1540708372262", "source": "<a href=\"http://twitter.com/download/android\" rel=\"nofollow\">Twitter for Android</a>", "in_reply_to_screen_name": null, "id_str": "1056433599069741056", "retweet_count": 0, "in_reply_to_user_id": null, "favorited": false, "retweeted_status": {"quote_count": 0, "contributors": null, "truncated": true, "text": "On behalf of @SenatePakistan I welcome distinguished delegates of #APA2018 in #Gwadar, #Pakistan. #APAGwadar will h\u2026 https://t.co/ColfNnCVyW", "is_quote_status": false, "in_reply_to_status_id": null, "reply_count": 1, "id": 1056432738599923713, "favorite_count": 13, "entities": {"user_mentions": [{"id": 2981891342, "indices": [13, 28], "id_str": "2981891342", "screen_name": "SenatePakistan", "name": "Senate of Pakistan"}], "symbols": [], "hashtags": [{"indices": [66, 74], "text": "APA2018"}, {"indices": [78, 85], "text": "Gwadar"}, {"indices": [87, 96], "text": "Pakistan"}, {"indices": [98, 108], "text": "APAGwadar"}], "urls": [{"url": "https://t.co/ColfNnCVyW", "indices": [117, 140], "expanded_url": "https://twitter.com/i/web/status/1056432738599923713", "display_url": "twitter.com/i/web/status/1\u2026"}]}, "retweeted": false, "coordinates": null, "source": "<a href=\"http://twitter.com/download/iphone\" rel=\"nofollow\">Twitter for iPhone</a>", "in_reply_to_screen_name": null, "id_str": "1056432738599923713", "display_text_range": [0, 140], "retweet_count": 4, "in_reply_to_user_id": null, "favorited": false, "user": {"follow_request_sent": null, "profile_use_background_image": true, "default_profile_image": false, "id": 1844877012, "default_profile": true, "verified": true, "profile_image_url_https": "https://pbs.twimg.com/profile_images/877956881557467138/QYtNyYMV_normal.jpg", "profile_sidebar_fill_color": "DDEEF6", "profile_text_color": "333333", "followers_count": 74887, "profile_sidebar_border_color": "C0DEED", "id_str": "1844877012", "profile_background_color": "C0DEED", "listed_count": 79, "profile_background_image_url_https": "https://abs.twimg.com/images/themes/theme1/bg.png", "utc_offset": null, "statuses_count": 2166, "description": "Senator, Pak Nationalist, NDU Alumnus, Senior Vice President @BAwamiParty, Ex- Provincial Minister Home & Tribal Affairs, Prisons & PDMA", "friends_count": 288, "location": "Quetta", "profile_link_color": "1DA1F2", "profile_image_url": "http://pbs.twimg.com/profile_images/877956881557467138/QYtNyYMV_normal.jpg", "following": null, "geo_enabled": true, "profile_banner_url": "https://pbs.twimg.com/profile_banners/1844877012/1495273246", "profile_background_image_url": "http://abs.twimg.com/images/themes/theme1/bg.png", "name": "Senator Sarfraz Bugti", "lang": "en", "profile_background_tile": false, "favourites_count": 1905, "screen_name": "PakSarfrazbugti", "notifications": null, "url": "http://www.pabalochistan.gov.pk/index.php/members/profile/en/27/447", "created_at": "Mon Sep 09 12:16:03 +0000 2013", "contributors_enabled": false, "time_zone": null, "protected": false, "translator_type": "none", "is_translator": false}, "geo": null, "in_reply_to_user_id_str": null, "possibly_sensitive": false, "lang": "en", "extended_tweet": {"display_text_range": [0, 225], "entities": {"user_mentions": [{"id": 2981891342, "indices": [13, 28], "id_str": "2981891342", "screen_name": "SenatePakistan", "name": "Senate of Pakistan"}], "symbols": [], "hashtags": [{"indices": [66, 74], "text": "APA2018"}, {"indices": [78, 85], "text": "Gwadar"}, {"indices": [87, 96], "text": "Pakistan"}, {"indices": [98, 108], "text": "APAGwadar"}, {"indices": [145, 157], "text": "Balochistan"}], "urls": [], "media": [{"expanded_url": "https://twitter.com/PakSarfrazbugti/status/1056432738599923713/photo/1", "display_url": "pic.twitter.com/9kgIJferBa", "url": "https://t.co/9kgIJferBa", "media_url_https": "https://pbs.twimg.com/media/Dqkz831X4AEASLT.jpg", "id_str": "1056432708468072449", "sizes": {"large": {"h": 512, "resize": "fit", "w": 1024}, "small": {"h": 340, "resize": "fit", "w": 680}, "medium": {"h": 512, "resize": "fit", "w": 1024}, "thumb": {"h": 150, "resize": "crop", "w": 150}}, "indices": [226, 249], "type": "photo", "id": 1056432708468072449, "media_url": "http://pbs.twimg.com/media/Dqkz831X4AEASLT.jpg"}]}, "extended_entities": {"media": [{"expanded_url": "https://twitter.com/PakSarfrazbugti/status/1056432738599923713/photo/1", "display_url": "pic.twitter.com/9kgIJferBa", "url": "https://t.co/9kgIJferBa", "media_url_https": "https://pbs.twimg.com/media/Dqkz831X4AEASLT.jpg", "id_str": "1056432708468072449", "sizes": {"large": {"h": 512, "resize": "fit", "w": 1024}, "small": {"h": 340, "resize": "fit", "w": 680}, "medium": {"h": 512, "resize": "fit", "w": 1024}, "thumb": {"h": 150, "resize": "crop", "w": 150}}, "indices": [226, 249], "type": "photo", "id": 1056432708468072449, "media_url": "http://pbs.twimg.com/media/Dqkz831X4AEASLT.jpg"}]}, "full_text": "On behalf of @SenatePakistan I welcome distinguished delegates of #APA2018 in #Gwadar, #Pakistan. #APAGwadar will help in positive projection of #Balochistan. Kudos to Chairman Senate Sadiq Sanjrani for organising this event. https://t.co/9kgIJferBa"}, "created_at": "Sun Oct 28 06:29:27 +0000 2018", "filter_level": "low", "in_reply_to_status_id_str": null, "place": null}, "user": {"follow_request_sent": null, "profile_use_background_image": true, "default_profile_image": false, "id": 1009677030890328064, "default_profile": true, "verified": false, "profile_image_url_https": "https://pbs.twimg.com/profile_images/1038696266123882496/nPC_kLpc_normal.jpg", "profile_sidebar_fill_color": "DDEEF6", "profile_text_color": "333333", "followers_count": 251, "profile_sidebar_border_color": "C0DEED", "id_str": "1009677030890328064", "profile_background_color": "F5F8FA", "listed_count": 0, "profile_background_image_url_https": "", "utc_offset": null, "statuses_count": 18620, "description": "Intermediate  Government  College Sahiwal", "friends_count": 872, "location": "Sahiwal, Pakistan", "profile_link_color": "1DA1F2", "profile_image_url": "http://pbs.twimg.com/profile_images/1038696266123882496/nPC_kLpc_normal.jpg", "following": null, "geo_enabled": false, "profile_background_image_url": "", "name": "Naghman", "lang": "en", "profile_background_tile": false, "favourites_count": 13652, "screen_name": "Naghman11774533", "notifications": null, "url": null, "created_at": "Thu Jun 21 05:58:57 +0000 2018", "contributors_enabled": false, "time_zone": null, "protected": false, "translator_type": "none", "is_translator": false}, "geo": null, "in_reply_to_user_id_str": null, "lang": "en", "created_at": "Sun Oct 28 06:32:52 +0000 2018", "filter_level": "low", "in_reply_to_status_id_str": null, "place": null}
{"quote_count": 0, "contributors": null, "truncated": false, "text": "RT @Dawn_News: \u0633\u06cc\u0646\u06cc\u0679 \u0645\u06cc\u06ba \u062a\u062d\u0631\u06cc\u06a9 \u0627\u0644\u062a\u0648\u0627 \u062c\u0645\u0639\nRead More: https://t.co/XjSZV5cm5G\n#DawnNews\n#Pakistan\n#PPP\n#PTI https://t.co/eduXiudbew", "is_quote_status": false, "in_reply_to_status_id": null, "reply_count": 0, "id": 1056433602416795648, "favorite_count": 0, "entities": {"user_mentions": [{"id": 61155779, "indices": [3, 13], "id_str": "61155779", "screen_name": "Dawn_News", "name": "DawnNews"}], "symbols": [], "hashtags": [{"indices": [76, 85], "text": "DawnNews"}, {"indices": [86, 95], "text": "Pakistan"}, {"indices": [96, 100], "text": "PPP"}, {"indices": [101, 105], "text": "PTI"}], "urls": [{"url": "https://t.co/XjSZV5cm5G", "indices": [52, 75], "expanded_url": "https://www.dawnnews.tv/news/1090034/", "display_url": "dawnnews.tv/news/1090034/"}], "media": [{"source_user_id": 61155779, "source_status_id_str": "1056433005789622272", "expanded_url": "https://twitter.com/Dawn_News/status/1056433005789622272/photo/1", "display_url": "pic.twitter.com/eduXiudbew", "url": "https://t.co/eduXiudbew", "media_url_https": "https://pbs.twimg.com/media/Dqk0HTGWkAAACc9.jpg", "source_user_id_str": "61155779", "source_status_id": 1056433005789622272, "id_str": "1056432887585738752", "sizes": {"small": {"h": 680, "resize": "fit", "w": 604}, "large": {"h": 900, "resize": "fit", "w": 800}, "medium": {"h": 900, "resize": "fit", "w": 800}, "thumb": {"h": 150, "resize": "crop", "w": 150}}, "indices": [106, 129], "type": "photo", "id": 1056432887585738752, "media_url": "http://pbs.twimg.com/media/Dqk0HTGWkAAACc9.jpg"}]}, "retweeted": false, "coordinates": null, "timestamp_ms": "1540708373060", "source": "<a href=\"http://twitter.com/download/android\" rel=\"nofollow\">Twitter for Android</a>", "in_reply_to_screen_name": null, "id_str": "1056433602416795648", "retweet_count": 0, "in_reply_to_user_id": null, "favorited": false, "retweeted_status": {"quote_count": 0, "contributors": null, "truncated": false, "text": "\u0633\u06cc\u0646\u06cc\u0679 \u0645\u06cc\u06ba \u062a\u062d\u0631\u06cc\u06a9 \u0627\u0644\u062a\u0648\u0627 \u062c\u0645\u0639\nRead More: https://t.co/XjSZV5cm5G\n#DawnNews\n#Pakistan\n#PPP\n#PTI https://t.co/eduXiudbew", "is_quote_status": false, "in_reply_to_status_id": null, "reply_count": 0, "id": 1056433005789622272, "favorite_count": 3, "entities": {"user_mentions": [], "symbols": [], "hashtags": [{"indices": [61, 70], "text": "DawnNews"}, {"indices": [71, 80], "text": "Pakistan"}, {"indices": [81, 85], "text": "PPP"}, {"indices": [86, 90], "text": "PTI"}], "urls": [{"url": "https://t.co/XjSZV5cm5G", "indices": [37, 60], "expanded_url": "https://www.dawnnews.tv/news/1090034/", "display_url": "dawnnews.tv/news/1090034/"}], "media": [{"expanded_url": "https://twitter.com/Dawn_News/status/1056433005789622272/photo/1", "display_url": "pic.twitter.com/eduXiudbew", "url": "https://t.co/eduXiudbew", "media_url_https": "https://pbs.twimg.com/media/Dqk0HTGWkAAACc9.jpg", "id_str": "1056432887585738752", "sizes": {"small": {"h": 680, "resize": "fit", "w": 604}, "large": {"h": 900, "resize": "fit", "w": 800}, "medium": {"h": 900, "resize": "fit", "w": 800}, "thumb": {"h": 150, "resize": "crop", "w": 150}}, "indices": [91, 114], "type": "photo", "id": 1056432887585738752, "media_url": "http://pbs.twimg.com/media/Dqk0HTGWkAAACc9.jpg"}]}, "retweeted": false, "coordinates": null, "source": "<a href=\"https://about.twitter.com/products/tweetdeck\" rel=\"nofollow\">TweetDeck</a>", "in_reply_to_screen_name": null, "id_str": "1056433005789622272", "display_text_range": [0, 90], "retweet_count": 1, "in_reply_to_user_id": null, "favorited": false, "user": {"follow_request_sent": null, "profile_use_background_image": false, "default_profile_image": false, "id": 61155779, "default_profile": false, "verified": true, "profile_image_url_https": "https://pbs.twimg.com/profile_images/692447860223262720/unD1GYcM_normal.jpg", "profile_sidebar_fill_color": "000000", "profile_text_color": "000000", "followers_count": 1183255, "profile_sidebar_border_color": "000000", "id_str": "61155779", "profile_background_color": "000000", "listed_count": 1405, "profile_background_image_url_https": "https://abs.twimg.com/images/themes/theme18/bg.gif", "utc_offset": null, "statuses_count": 131135, "description": "DawnNews is one of Pakistan\u2019s leading news and current affairs television channel that vows to provide its viewers credible news and information.", "friends_count": 12, "location": "Pakistan", "profile_link_color": "1B95E0", "profile_image_url": "http://pbs.twimg.com/profile_images/692447860223262720/unD1GYcM_normal.jpg", "following": null, "geo_enabled": false, "profile_banner_url": "https://pbs.twimg.com/profile_banners/61155779/1538727302", "profile_background_image_url": "http://abs.twimg.com/images/themes/theme18/bg.gif", "name": "DawnNews", "lang": "en", "profile_background_tile": false, "favourites_count": 273, "screen_name": "Dawn_News", "notifications": null, "url": "http://www.dawnnews.tv", "created_at": "Wed Jul 29 09:24:04 +0000 2009", "contributors_enabled": false, "time_zone": null, "protected": false, "translator_type": "regular", "is_translator": false}, "geo": null, "in_reply_to_user_id_str": null, "possibly_sensitive": false, "lang": "ur", "created_at": "Sun Oct 28 06:30:30 +0000 2018", "filter_level": "low", "in_reply_to_status_id_str": null, "place": null, "extended_entities": {"media": [{"expanded_url": "https://twitter.com/Dawn_News/status/1056433005789622272/photo/1", "display_url": "pic.twitter.com/eduXiudbew", "url": "https://t.co/eduXiudbew", "media_url_https": "https://pbs.twimg.com/media/Dqk0HTGWkAAACc9.jpg", "id_str": "1056432887585738752", "sizes": {"small": {"h": 680, "resize": "fit", "w": 604}, "large": {"h": 900, "resize": "fit", "w": 800}, "medium": {"h": 900, "resize": "fit", "w": 800}, "thumb": {"h": 150, "resize": "crop", "w": 150}}, "indices": [91, 114], "type": "photo", "id": 1056432887585738752, "media_url": "http://pbs.twimg.com/media/Dqk0HTGWkAAACc9.jpg"}]}}, "user": {"follow_request_sent": null, "profile_use_background_image": true, "default_profile_image": false, "id": 1051772215698571264, "default_profile": true, "verified": false, "profile_image_url_https": "https://pbs.twimg.com/profile_images/1051856580097007617/_LoHUf-9_normal.jpg", "profile_sidebar_fill_color": "DDEEF6", "profile_text_color": "333333", "followers_count": 209, "profile_sidebar_border_color": "C0DEED", "id_str": "1051772215698571264", "profile_background_color": "F5F8FA", "listed_count": 0, "profile_background_image_url_https": "", "utc_offset": null, "statuses_count": 583, "description": "Think positive Plan positive.", "friends_count": 570, "location": "Multan, Pakistan", "profile_link_color": "1DA1F2", "profile_image_url": "http://pbs.twimg.com/profile_images/1051856580097007617/_LoHUf-9_normal.jpg", "following": null, "geo_enabled": false, "profile_background_image_url": "", "name": "Hamza", "lang": "en", "profile_background_tile": false, "favourites_count": 1972, "screen_name": "Hamza12232815", "notifications": null, "url": null, "created_at": "Mon Oct 15 09:50:11 +0000 2018", "contributors_enabled": false, "time_zone": null, "protected": false, "translator_type": "none", "is_translator": false}, "geo": null, "in_reply_to_user_id_str": null, "possibly_sensitive": false, "lang": "ur", "created_at": "Sun Oct 28 06:32:53 +0000 2018", "filter_level": "low", "in_reply_to_status_id_str": null, "place": null, "extended_entities": {"media": [{"source_user_id": 61155779, "source_status_id_str": "1056433005789622272", "expanded_url": "https://twitter.com/Dawn_News/status/1056433005789622272/photo/1", "display_url": "pic.twitter.com/eduXiudbew", "url": "https://t.co/eduXiudbew", "media_url_https": "https://pbs.twimg.com/media/Dqk0HTGWkAAACc9.jpg", "source_user_id_str": "61155779", "source_status_id": 1056433005789622272, "id_str": "1056432887585738752", "sizes": {"small": {"h": 680, "resize": "fit", "w": 604}, "large": {"h": 900, "resize": "fit", "w": 800}, "medium": {"h": 900, "resize": "fit", "w": 800}, "thumb": {"h": 150, "resize": "crop", "w": 150}}, "indices": [106, 129], "type": "photo", "id": 1056432887585738752, "media_url": "http://pbs.twimg.com/media/Dqk0HTGWkAAACc9.jpg"}]}}
{"quote_count": 0, "contributors": null, "truncated": true, "text": "28.#aafaque_ehsens_ideamines_sites #ideamines_assf #Science #Physics #video_Tutorial For #Students #Teachers\u2026 https://t.co/FC66mQGz7K", "is_quote_status": false, "in_reply_to_status_id": null, "reply_count": 0, "id": 1056433633765003264, "favorite_count": 0, "entities": {"user_mentions": [], "symbols": [], "hashtags": [{"indices": [3, 34], "text": "aafaque_ehsens_ideamines_sites"}, {"indices": [35, 50], "text": "ideamines_assf"}, {"indices": [51, 59], "text": "Science"}, {"indices": [60, 68], "text": "Physics"}, {"indices": [69, 84], "text": "video_Tutorial"}, {"indices": [89, 98], "text": "Students"}, {"indices": [99, 108], "text": "Teachers"}], "urls": [{"url": "https://t.co/FC66mQGz7K", "indices": [110, 133], "expanded_url": "https://twitter.com/i/web/status/1056433633765003264", "display_url": "twitter.com/i/web/status/1\u2026"}]}, "retweeted": false, "coordinates": null, "timestamp_ms": "1540708380534", "source": "<a href=\"http://www.DynamicTweets.com\" rel=\"nofollow\">Dynamic Tweets</a>", "in_reply_to_screen_name": null, "id_str": "1056433633765003264", "retweet_count": 0, "in_reply_to_user_id": null, "favorited": false, "user": {"follow_request_sent": null, "profile_use_background_image": true, "default_profile_image": false, "id": 236603274, "default_profile": false, "verified": false, "profile_image_url_https": "https://pbs.twimg.com/profile_images/1212406373/circonspect-2403_normal.gif", "profile_sidebar_fill_color": "DDEEF6", "profile_text_color": "333333", "followers_count": 490, "profile_sidebar_border_color": "C0DEED", "id_str": "236603274", "profile_background_color": "C0DEED", "listed_count": 153, "profile_background_image_url_https": "https://abs.twimg.com/images/themes/theme1/bg.png", "utc_offset": null, "statuses_count": 57184, "description": "Advertising professional, Pakistan. Site Staff  at http://commissionedwriting.com/imforums/index.php", "friends_count": 901, "location": "@aamera_mukhtar/twitter.com", "profile_link_color": "BD230F", "profile_image_url": "http://pbs.twimg.com/profile_images/1212406373/circonspect-2403_normal.gif", "following": null, "geo_enabled": false, "profile_banner_url": "https://pbs.twimg.com/profile_banners/236603274/1370777510", "profile_background_image_url": "http://abs.twimg.com/images/themes/theme1/bg.png", "name": "Aamera Mukhtar", "lang": "en", "profile_background_tile": false, "favourites_count": 79, "screen_name": "Aamera1", "notifications": null, "url": "http://commissionedwriting.com/imforums/index.php", "created_at": "Mon Jan 10 23:50:17 +0000 2011", "contributors_enabled": false, "time_zone": null, "protected": false, "translator_type": "none", "is_translator": false}, "geo": null, "in_reply_to_user_id_str": null, "possibly_sensitive": false, "lang": "en", "extended_tweet": {"display_text_range": [0, 247], "entities": {"user_mentions": [], "symbols": [], "hashtags": [{"indices": [3, 34], "text": "aafaque_ehsens_ideamines_sites"}, {"indices": [35, 50], "text": "ideamines_assf"}, {"indices": [51, 59], "text": "Science"}, {"indices": [60, 68], "text": "Physics"}, {"indices": [69, 84], "text": "video_Tutorial"}, {"indices": [89, 98], "text": "Students"}, {"indices": [99, 108], "text": "Teachers"}, {"indices": [109, 118], "text": "Pakistan"}, {"indices": [119, 123], "text": "FSc"}, {"indices": [151, 167], "text": "transport_ideas"}, {"indices": [168, 184], "text": "share_knowledge"}, {"indices": [185, 202], "text": "promote_learning"}, {"indices": [203, 217], "text": "enable_skills"}, {"indices": [218, 233], "text": "empower_people"}, {"indices": [234, 247], "text": "enrich_lives"}], "urls": [{"url": "https://t.co/LpwLeggf3U", "indices": [124, 147], "expanded_url": "http://bit.ly/2o0id2E", "display_url": "bit.ly/2o0id2E"}]}, "full_text": "28.#aafaque_ehsens_ideamines_sites #ideamines_assf #Science #Physics #video_Tutorial For #Students #Teachers #Pakistan #FSc https://t.co/LpwLeggf3U We #transport_ideas #share_knowledge #promote_learning #enable_skills #empower_people #enrich_lives"}, "created_at": "Sun Oct 28 06:33:00 +0000 2018", "filter_level": "low", "in_reply_to_status_id_str": null, "place": null}
{"quote_count": 0, "quoted_status_permalink": {"url": "https://t.co/iMc3whwCoJ", "expanded": "https://twitter.com/adityarajkaul/status/1056152155596439552", "display": "twitter.com/adityarajkaul/\u2026"}, "contributors": null, "truncated": false, "text": "RT @zafarsareshwala: Not only #Pakistan but most of the so called #Islamic countries are having meetings and exchanges at the highest level\u2026", "is_quote_status": true, "in_reply_to_status_id": null, "reply_count": 0, "id": 1056433660771979264, "favorite_count": 0, "entities": {"user_mentions": [{"id": 1591419488, "indices": [3, 19], "id_str": "1591419488", "screen_name": "zafarsareshwala", "name": "zafar sareshwala"}], "symbols": [], "hashtags": [{"indices": [30, 39], "text": "Pakistan"}, {"indices": [66, 74], "text": "Islamic"}], "urls": []}, "quoted_status_id": 1056152155596439552, "retweeted": false, "coordinates": null, "timestamp_ms": "1540708386973", "quoted_status": {"quote_count": 2, "contributors": null, "truncated": false, "text": "Pakistan may not want to admit that they are having a dialogue with Israel covertly but technology can\u2019t hide it. https://t.co/9HlEitHee3", "is_quote_status": true, "in_reply_to_status_id": null, "reply_count": 5, "id": 1056152155596439552, "favorite_count": 105, "entities": {"user_mentions": [], "symbols": [], "hashtags": [], "urls": [{"url": "https://t.co/9HlEitHee3", "indices": [114, 137], "expanded_url": "https://twitter.com/avischarf/status/1055387120662208512", "display_url": "twitter.com/avischarf/stat\u2026"}]}, "quoted_status_id": 1055387120662208512, "retweeted": false, "coordinates": null, "source": "<a href=\"http://twitter.com/download/iphone\" rel=\"nofollow\">Twitter for iPhone</a>", "in_reply_to_screen_name": null, "id_str": "1056152155596439552", "display_text_range": [0, 113], "retweet_count": 39, "in_reply_to_user_id": null, "favorited": false, "user": {"follow_request_sent": null, "profile_use_background_image": true, "default_profile_image": false, "id": 44425241, "default_profile": true, "verified": true, "profile_image_url_https": "https://pbs.twimg.com/profile_images/1033056878081830912/2O7fpNu3_normal.jpg", "profile_sidebar_fill_color": "DDEEF6", "profile_text_color": "333333", "followers_count": 127615, "profile_sidebar_border_color": "C0DEED", "id_str": "44425241", "profile_background_color": "C0DEED", "listed_count": 754, "profile_background_image_url_https": "https://abs.twimg.com/images/themes/theme1/bg.png", "utc_offset": null, "statuses_count": 55344, "description": "Senior Associate Editor/Anchor - @Republic TV, Foreign/Strategic Affairs. Reported from Baghdad, Jerusalem, Ramallah, Korea, Kashmir. Mountain guy. Wanderer.", "friends_count": 8175, "location": "New Delhi/Srinagar, India", "profile_link_color": "1DA1F2", "profile_image_url": "http://pbs.twimg.com/profile_images/1033056878081830912/2O7fpNu3_normal.jpg", "following": null, "geo_enabled": true, "profile_banner_url": "https://pbs.twimg.com/profile_banners/44425241/1419668286", "profile_background_image_url": "http://abs.twimg.com/images/themes/theme1/bg.png", "name": "Aditya Raj Kaul", "lang": "en", "profile_background_tile": false, "favourites_count": 42282, "screen_name": "AdityaRajKaul", "notifications": null, "url": "https://www.facebook.com/kauladityaraj", "created_at": "Wed Jun 03 18:49:42 +0000 2009", "contributors_enabled": false, "time_zone": null, "protected": false, "translator_type": "none", "is_translator": false}, "geo": null, "in_reply_to_user_id_str": null, "possibly_sensitive": false, "lang": "en", "created_at": "Sat Oct 27 11:54:30 +0000 2018", "quoted_status_id_str": "1055387120662208512", "filter_level": "low", "in_reply_to_status_id_str": null, "place": null}, "source": "<a href=\"https://mobile.twitter.com\" rel=\"nofollow\">Twitter Lite</a>", "in_reply_to_screen_name": null, "id_str": "1056433660771979264", "retweet_count": 0, "in_reply_to_user_id": null, "favorited": false, "retweeted_status": {"quote_count": 0, "quoted_status_permalink": {"url": "https://t.co/iMc3whwCoJ", "expanded": "https://twitter.com/adityarajkaul/status/1056152155596439552", "display": "twitter.com/adityarajkaul/\u2026"}, "contributors": null, "truncated": true, "text": "Not only #Pakistan but most of the so called #Islamic countries are having meetings and exchanges at the highest le\u2026 https://t.co/LFLWiVKY2B", "is_quote_status": true, "in_reply_to_status_id": null, "reply_count": 0, "id": 1056415363146047488, "favorite_count": 52, "entities": {"user_mentions": [], "symbols": [], "hashtags": [{"indices": [9, 18], "text": "Pakistan"}, {"indices": [45, 53], "text": "Islamic"}], "urls": [{"url": "https://t.co/LFLWiVKY2B", "indices": [117, 140], "expanded_url": "https://twitter.com/i/web/status/1056415363146047488", "display_url": "twitter.com/i/web/status/1\u2026"}]}, "quoted_status_id": 1056152155596439552, "retweeted": false, "coordinates": null, "quoted_status": {"quote_count": 2, "contributors": null, "truncated": false, "text": "Pakistan may not want to admit that they are having a dialogue with Israel covertly but technology can\u2019t hide it. https://t.co/9HlEitHee3", "is_quote_status": true, "in_reply_to_status_id": null, "reply_count": 5, "id": 1056152155596439552, "favorite_count": 105, "entities": {"user_mentions": [], "symbols": [], "hashtags": [], "urls": [{"url": "https://t.co/9HlEitHee3", "indices": [114, 137], "expanded_url": "https://twitter.com/avischarf/status/1055387120662208512", "display_url": "twitter.com/avischarf/stat\u2026"}]}, "quoted_status_id": 1055387120662208512, "retweeted": false, "coordinates": null, "source": "<a href=\"http://twitter.com/download/iphone\" rel=\"nofollow\">Twitter for iPhone</a>", "in_reply_to_screen_name": null, "id_str": "1056152155596439552", "display_text_range": [0, 113], "retweet_count": 39, "in_reply_to_user_id": null, "favorited": false, "user": {"follow_request_sent": null, "profile_use_background_image": true, "default_profile_image": false, "id": 44425241, "default_profile": true, "verified": true, "profile_image_url_https": "https://pbs.twimg.com/profile_images/1033056878081830912/2O7fpNu3_normal.jpg", "profile_sidebar_fill_color": "DDEEF6", "profile_text_color": "333333", "followers_count": 127615, "profile_sidebar_border_color": "C0DEED", "id_str": "44425241", "profile_background_color": "C0DEED", "listed_count": 754, "profile_background_image_url_https": "https://abs.twimg.com/images/themes/theme1/bg.png", "utc_offset": null, "statuses_count": 55344, "description": "Senior Associate Editor/Anchor - @Republic TV, Foreign/Strategic Affairs. Reported from Baghdad, Jerusalem, Ramallah, Korea, Kashmir. Mountain guy. Wanderer.", "friends_count": 8175, "location": "New Delhi/Srinagar, India", "profile_link_color": "1DA1F2", "profile_image_url": "http://pbs.twimg.com/profile_images/1033056878081830912/2O7fpNu3_normal.jpg", "following": null, "geo_enabled": true, "profile_banner_url": "https://pbs.twimg.com/profile_banners/44425241/1419668286", "profile_background_image_url": "http://abs.twimg.com/images/themes/theme1/bg.png", "name": "Aditya Raj Kaul", "lang": "en", "profile_background_tile": false, "favourites_count": 42282, "screen_name": "AdityaRajKaul", "notifications": null, "url": "https://www.facebook.com/kauladityaraj", "created_at": "Wed Jun 03 18:49:42 +0000 2009", "contributors_enabled": false, "time_zone": null, "protected": false, "translator_type": "none", "is_translator": false}, "geo": null, "in_reply_to_user_id_str": null, "possibly_sensitive": false, "lang": "en", "created_at": "Sat Oct 27 11:54:30 +0000 2018", "quoted_status_id_str": "1055387120662208512", "filter_level": "low", "in_reply_to_status_id_str": null, "place": null}, "source": "<a href=\"http://twitter.com/download/iphone\" rel=\"nofollow\">Twitter for iPhone</a>", "in_reply_to_screen_name": null, "id_str": "1056415363146047488", "display_text_range": [0, 140], "retweet_count": 21, "in_reply_to_user_id": null, "favorited": false, "user": {"follow_request_sent": null, "profile_use_background_image": true, "default_profile_image": false, "id": 1591419488, "default_profile": true, "verified": true, "profile_image_url_https": "https://pbs.twimg.com/profile_images/960026120920985600/VNtJ2SL7_normal.jpg", "profile_sidebar_fill_color": "DDEEF6", "profile_text_color": "333333", "followers_count": 15338, "profile_sidebar_border_color": "C0DEED", "id_str": "1591419488", "profile_background_color": "C0DEED", "listed_count": 33, "profile_background_image_url_https": "https://abs.twimg.com/images/themes/theme1/bg.png", "utc_offset": null, "statuses_count": 9420, "description": "Former Chancellor of #MaulanaAzadNationalUrduUniversity #MANUU Chief Mentor Parsoli Corporation Ltd Founder of the flagship initiative #TAALIMOTARBIYAT", "friends_count": 392, "location": "Mumbai, India", "profile_link_color": "1DA1F2", "profile_image_url": "http://pbs.twimg.com/profile_images/960026120920985600/VNtJ2SL7_normal.jpg", "following": null, "geo_enabled": true, "profile_banner_url": "https://pbs.twimg.com/profile_banners/1591419488/1527931876", "profile_background_image_url": "http://abs.twimg.com/images/themes/theme1/bg.png", "name": "zafar sareshwala", "lang": "en", "profile_background_tile": false, "favourites_count": 6389, "screen_name": "zafarsareshwala", "notifications": null, "url": null, "created_at": "Sat Jul 13 17:00:20 +0000 2013", "contributors_enabled": false, "time_zone": null, "protected": false, "translator_type": "none", "is_translator": false}, "geo": null, "in_reply_to_user_id_str": null, "possibly_sensitive": false, "lang": "en", "extended_tweet": {"display_text_range": [0, 235], "entities": {"user_mentions": [], "symbols": [], "hashtags": [{"indices": [9, 18], "text": "Pakistan"}, {"indices": [45, 53], "text": "Islamic"}, {"indices": [150, 159], "text": "Istanbul"}, {"indices": [166, 174], "text": "TelAviv"}], "urls": [{"url": "https://t.co/iMc3whwCoJ", "indices": [236, 259], "expanded_url": "https://twitter.com/adityarajkaul/status/1056152155596439552", "display_url": "twitter.com/adityarajkaul/\u2026"}]}, "full_text": "Not only #Pakistan but most of the so called #Islamic countries are having meetings and exchanges at the highest level! There are 11+ flights between #Istanbul &amp; #TelAviv every single day \u201cHathi ke Daant Dikhane ke aur Khane ke aur https://t.co/iMc3whwCoJ"}, "created_at": "Sun Oct 28 05:20:24 +0000 2018", "quoted_status_id_str": "1056152155596439552", "filter_level": "low", "in_reply_to_status_id_str": null, "place": null}, "user": {"follow_request_sent": null, "profile_use_background_image": true, "default_profile_image": false, "id": 35692087, "default_profile": true, "verified": false, "profile_image_url_https": "https://pbs.twimg.com/profile_images/864873944666353664/pggl-hjw_normal.jpg", "profile_sidebar_fill_color": "DDEEF6", "profile_text_color": "333333", "followers_count": 116, "profile_sidebar_border_color": "C0DEED", "id_str": "35692087", "profile_background_color": "C0DEED", "listed_count": 4, "profile_background_image_url_https": "https://abs.twimg.com/images/themes/theme1/bg.png", "utc_offset": null, "statuses_count": 2757, "description": "Evolving human. Seeker. In love with laughter. #ChakDeIndia", "friends_count": 117, "location": null, "profile_link_color": "1DA1F2", "profile_image_url": "http://pbs.twimg.com/profile_images/864873944666353664/pggl-hjw_normal.jpg", "following": null, "geo_enabled": false, "profile_banner_url": "https://pbs.twimg.com/profile_banners/35692087/1481697917", "profile_background_image_url": "http://abs.twimg.com/images/themes/theme1/bg.png", "name": "Kushal Shah", "lang": "en", "profile_background_tile": false, "favourites_count": 919, "screen_name": "atmabodha", "notifications": null, "url": null, "created_at": "Mon Apr 27 07:01:21 +0000 2009", "contributors_enabled": false, "time_zone": null, "protected": false, "translator_type": "none", "is_translator": false}, "geo": null, "in_reply_to_user_id_str": null, "lang": "en", "created_at": "Sun Oct 28 06:33:06 +0000 2018", "quoted_status_id_str": "1056152155596439552", "filter_level": "low", "in_reply_to_status_id_str": null, "place": null}
{"quote_count": 0, "contributors": null, "truncated": false, "text": "RT @AfshanMasab: How about to \"constitute aggression\" now and being Khud Sakhta mediator ain't we in a position to see the things in #Yemen\u2026", "is_quote_status": false, "in_reply_to_status_id": null, "reply_count": 0, "id": 1056433677213802496, "favorite_count": 0, "entities": {"user_mentions": [{"id": 511942421, "indices": [3, 15], "id_str": "511942421", "screen_name": "AfshanMasab", "name": "\u0627\u0641\u0634\u0627\u06ba \u0645\u0635\u0639\u0628"}], "symbols": [], "hashtags": [{"indices": [133, 139], "text": "Yemen"}], "urls": []}, "retweeted": false, "coordinates": null, "timestamp_ms": "1540708390893", "source": "<a href=\"http://twitter.com/download/iphone\" rel=\"nofollow\">Twitter for iPhone</a>", "in_reply_to_screen_name": null, "id_str": "1056433677213802496", "retweet_count": 0, "in_reply_to_user_id": null, "favorited": false, "retweeted_status": {"quote_count": 0, "contributors": null, "truncated": true, "text": "How about to \"constitute aggression\" now and being Khud Sakhta mediator ain't we in a position to see the things in\u2026 https://t.co/SyNpYWRkoN", "is_quote_status": false, "in_reply_to_status_id": null, "reply_count": 2, "id": 1056342292141932544, "favorite_count": 49, "entities": {"user_mentions": [], "symbols": [], "hashtags": [], "urls": [{"url": "https://t.co/SyNpYWRkoN", "indices": [117, 140], "expanded_url": "https://twitter.com/i/web/status/1056342292141932544", "display_url": "twitter.com/i/web/status/1\u2026"}]}, "retweeted": false, "coordinates": null, "source": "<a href=\"http://twitter.com/download/android\" rel=\"nofollow\">Twitter for Android</a>", "in_reply_to_screen_name": null, "id_str": "1056342292141932544", "display_text_range": [0, 140], "retweet_count": 34, "in_reply_to_user_id": null, "favorited": false, "user": {"follow_request_sent": null, "profile_use_background_image": true, "default_profile_image": false, "id": 511942421, "default_profile": false, "verified": false, "profile_image_url_https": "https://pbs.twimg.com/profile_images/1056367202813837312/A6F9Elpa_normal.jpg", "profile_sidebar_fill_color": "000000", "profile_text_color": "000000", "followers_count": 66049, "profile_sidebar_border_color": "000000", "id_str": "511942421", "profile_background_color": "94D487", "listed_count": 122, "profile_background_image_url_https": "https://abs.twimg.com/images/themes/theme10/bg.gif", "utc_offset": null, "statuses_count": 263590, "description": "Perfectly imperfect,beautiful in my flaws. Only tyrant I accept in this world is the still small voice within me\u06d4\n\u2712Blogs @dawn_com @nayadaurpk", "friends_count": 96, "location": "Islamabad, Pakistan", "profile_link_color": "F58EA8", "profile_image_url": "http://pbs.twimg.com/profile_images/1056367202813837312/A6F9Elpa_normal.jpg", "following": null, "geo_enabled": false, "profile_banner_url": "https://pbs.twimg.com/profile_banners/511942421/1539187659", "profile_background_image_url": "http://abs.twimg.com/images/themes/theme10/bg.gif", "name": "\u0627\u0641\u0634\u0627\u06ba \u0645\u0635\u0639\u0628", "lang": "en", "profile_background_tile": true, "favourites_count": 91102, "screen_name": "AfshanMasab", "notifications": null, "url": "https://www.youtube.com/channel/UCpKFRi7S82J2vUYhkAmCa3w?view_as=subscriber", "created_at": "Fri Mar 02 13:36:41 +0000 2012", "contributors_enabled": false, "time_zone": null, "protected": false, "translator_type": "none", "is_translator": false}, "geo": null, "in_reply_to_user_id_str": null, "possibly_sensitive": false, "lang": "en", "extended_tweet": {"display_text_range": [0, 220], "entities": {"user_mentions": [{"id": 314479335, "indices": [152, 168], "id_str": "314479335", "screen_name": "ForeignOfficePk", "name": "Dr Mohammad Faisal"}, {"id": 2441410609, "indices": [207, 220], "id_str": "2441410609", "screen_name": "KSAembassyPK", "name": "\u0627\u0644\u0633\u0641\u0627\u0631\u0629 \u0641\u064a \u0628\u0627\u0643\u0633\u062a\u0627\u0646  - \u0633\u0639\u0648\u062f\u06cc \u0633\u0641\u0627\u0631\u062a \u062e\u0627\u0646\u06c1"}], "symbols": [], "hashtags": [{"indices": [116, 122], "text": "Yemen"}, {"indices": [126, 136], "text": "WarCrimes"}, {"indices": [192, 196], "text": "KSA"}, {"indices": [197, 206], "text": "Pakistan"}], "urls": [], "media": [{"additional_media_info": {"monetizable": false}, "expanded_url": "https://twitter.com/AfshanMasab/status/1056342292141932544/video/1", "display_url": "pic.twitter.com/7W5bLHz3ik", "url": "https://t.co/7W5bLHz3ik", "media_url_https": "https://pbs.twimg.com/ext_tw_video_thumb/1056341351485333505/pu/img/2h-V2wTx9pbIQLWM.jpg", "video_info": {"aspect_ratio": [4, 3], "duration_millis": 114560, "variants": [{"url": "https://video.twimg.com/ext_tw_video/1056341351485333505/pu/vid/480x360/RWaxr9oBoL0mlsVu.mp4?tag=5", "bitrate": 832000, "content_type": "video/mp4"}, {"url": "https://video.twimg.com/ext_tw_video/1056341351485333505/pu/vid/640x480/JVuNgSTb2gyNehJE.mp4?tag=5", "bitrate": 2176000, "content_type": "video/mp4"}, {"url": "https://video.twimg.com/ext_tw_video/1056341351485333505/pu/pl/ZDAdSxfAEzkepnMe.m3u8?tag=5", "content_type": "application/x-mpegURL"}, {"url": "https://video.twimg.com/ext_tw_video/1056341351485333505/pu/vid/240x180/P49Nb3qugcR_nFfb.mp4?tag=5", "bitrate": 256000, "content_type": "video/mp4"}]}, "id_str": "1056341351485333505", "sizes": {"small": {"h": 480, "resize": "fit", "w": 640}, "large": {"h": 480, "resize": "fit", "w": 640}, "medium": {"h": 480, "resize": "fit", "w": 640}, "thumb": {"h": 150, "resize": "crop", "w": 150}}, "indices": [221, 244], "type": "video", "id": 1056341351485333505, "media_url": "http://pbs.twimg.com/ext_tw_video_thumb/1056341351485333505/pu/img/2h-V2wTx9pbIQLWM.jpg"}]}, "extended_entities": {"media": [{"additional_media_info": {"monetizable": false}, "expanded_url": "https://twitter.com/AfshanMasab/status/1056342292141932544/video/1", "display_url": "pic.twitter.com/7W5bLHz3ik", "url": "https://t.co/7W5bLHz3ik", "media_url_https": "https://pbs.twimg.com/ext_tw_video_thumb/1056341351485333505/pu/img/2h-V2wTx9pbIQLWM.jpg", "video_info": {"aspect_ratio": [4, 3], "duration_millis": 114560, "variants": [{"url": "https://video.twimg.com/ext_tw_video/1056341351485333505/pu/vid/480x360/RWaxr9oBoL0mlsVu.mp4?tag=5", "bitrate": 832000, "content_type": "video/mp4"}, {"url": "https://video.twimg.com/ext_tw_video/1056341351485333505/pu/vid/640x480/JVuNgSTb2gyNehJE.mp4?tag=5", "bitrate": 2176000, "content_type": "video/mp4"}, {"url": "https://video.twimg.com/ext_tw_video/1056341351485333505/pu/pl/ZDAdSxfAEzkepnMe.m3u8?tag=5", "content_type": "application/x-mpegURL"}, {"url": "https://video.twimg.com/ext_tw_video/1056341351485333505/pu/vid/240x180/P49Nb3qugcR_nFfb.mp4?tag=5", "bitrate": 256000, "content_type": "video/mp4"}]}, "id_str": "1056341351485333505", "sizes": {"small": {"h": 480, "resize": "fit", "w": 640}, "large": {"h": 480, "resize": "fit", "w": 640}, "medium": {"h": 480, "resize": "fit", "w": 640}, "thumb": {"h": 150, "resize": "crop", "w": 150}}, "indices": [221, 244], "type": "video", "id": 1056341351485333505, "media_url": "http://pbs.twimg.com/ext_tw_video_thumb/1056341351485333505/pu/img/2h-V2wTx9pbIQLWM.jpg"}]}, "full_text": "How about to \"constitute aggression\" now and being Khud Sakhta mediator ain't we in a position to see the things in #Yemen as #WarCrimes today?\nWe want @ForeignOfficePk input on this please\ud83d\udc47\ud83d\ude4f\n#KSA #Pakistan @KSAembassyPK https://t.co/7W5bLHz3ik"}, "created_at": "Sun Oct 28 00:30:02 +0000 2018", "filter_level": "low", "in_reply_to_status_id_str": null, "place": null}, "user": {"follow_request_sent": null, "profile_use_background_image": true, "default_profile_image": false, "id": 3304828852, "default_profile": true, "verified": false, "profile_image_url_https": "https://pbs.twimg.com/profile_images/1032741271914381313/hVjNant-_normal.jpg", "profile_sidebar_fill_color": "DDEEF6", "profile_text_color": "333333", "followers_count": 2988, "profile_sidebar_border_color": "C0DEED", "id_str": "3304828852", "profile_background_color": "C0DEED", "listed_count": 4, "profile_background_image_url_https": "https://abs.twimg.com/images/themes/theme1/bg.png", "utc_offset": null, "statuses_count": 14414, "description": "\u062a\u0645\u0627\u0645 \u062e\u06cc\u0627\u0644\u0627\u062a \u0630\u0627\u062a\u06cc \u06c1\u06cc\u06ba \u26d3\ud83d\udc05\u26d3", "friends_count": 3025, "location": "Lahore Pakistan", "profile_link_color": "1DA1F2", "profile_image_url": "http://pbs.twimg.com/profile_images/1032741271914381313/hVjNant-_normal.jpg", "following": null, "geo_enabled": false, "profile_banner_url": "https://pbs.twimg.com/profile_banners/3304828852/1438431912", "profile_background_image_url": "http://abs.twimg.com/images/themes/theme1/bg.png", "name": "Bushra Rana", "lang": "en-GB", "profile_background_tile": false, "favourites_count": 6453, "screen_name": "BOLSupporter", "notifications": null, "url": null, "created_at": "Sun May 31 16:12:50 +0000 2015", "contributors_enabled": false, "time_zone": null, "protected": false, "translator_type": "none", "is_translator": false}, "geo": null, "in_reply_to_user_id_str": null, "lang": "en", "created_at": "Sun Oct 28 06:33:10 +0000 2018", "filter_level": "low", "in_reply_to_status_id_str": null, "place": null}
{"quote_count": 0, "contributors": null, "truncated": false, "text": "RT @politicslead: 5 lacks snatched from Mr. Rehman brother of Master Fazal in Razzak Dyeing SITE Area #Karachi \n\n#5YearsOfKarachiOperation\u2026", "is_quote_status": false, "in_reply_to_status_id": null, "reply_count": 0, "id": 1056433698458034177, "favorite_count": 0, "entities": {"user_mentions": [{"id": 3145722746, "indices": [3, 16], "id_str": "3145722746", "screen_name": "politicslead", "name": "KarachiKoInsafDo"}], "symbols": [], "hashtags": [{"indices": [102, 110], "text": "Karachi"}, {"indices": [113, 138], "text": "5YearsOfKarachiOperation"}], "urls": []}, "retweeted": false, "coordinates": null, "timestamp_ms": "1540708395958", "source": "<a href=\"http://twitter.com/download/iphone\" rel=\"nofollow\">Twitter for iPhone</a>", "in_reply_to_screen_name": null, "id_str": "1056433698458034177", "retweet_count": 0, "in_reply_to_user_id": null, "favorited": false, "retweeted_status": {"quote_count": 1, "contributors": null, "truncated": true, "text": "5 lacks snatched from Mr. Rehman brother of Master Fazal in Razzak Dyeing SITE Area #Karachi\u2026 https://t.co/L5JfFR2d0r", "is_quote_status": false, "in_reply_to_status_id": null, "reply_count": 1, "id": 1056402665842851841, "favorite_count": 6, "entities": {"user_mentions": [], "symbols": [], "hashtags": [{"indices": [84, 92], "text": "Karachi"}], "urls": [{"url": "https://t.co/L5JfFR2d0r", "indices": [94, 117], "expanded_url": "https://twitter.com/i/web/status/1056402665842851841", "display_url": "twitter.com/i/web/status/1\u2026"}]}, "retweeted": false, "coordinates": null, "source": "<a href=\"http://twitter.com/download/android\" rel=\"nofollow\">Twitter for Android</a>", "in_reply_to_screen_name": null, "id_str": "1056402665842851841", "display_text_range": [0, 140], "retweet_count": 9, "in_reply_to_user_id": null, "favorited": false, "user": {"follow_request_sent": null, "profile_use_background_image": true, "default_profile_image": false, "id": 3145722746, "default_profile": true, "verified": false, "profile_image_url_https": "https://pbs.twimg.com/profile_images/1029090720848785409/z7nFR7hp_normal.jpg", "profile_sidebar_fill_color": "DDEEF6", "profile_text_color": "333333", "followers_count": 1503, "profile_sidebar_border_color": "C0DEED", "id_str": "3145722746", "profile_background_color": "C0DEED", "listed_count": 24, "profile_background_image_url_https": "https://abs.twimg.com/images/themes/theme1/bg.png", "utc_offset": null, "statuses_count": 78103, "description": "MBA Marketing| Telecom| Solution Sales|Karachi|\nDie Heart Fan of Altaf Hussain Bhai| Believed in Practical Realistic Humanity First. Jiyo or Jena Do", "friends_count": 527, "location": "Karachi, Pakistan", "profile_link_color": "1DA1F2", "profile_image_url": "http://pbs.twimg.com/profile_images/1029090720848785409/z7nFR7hp_normal.jpg", "following": null, "geo_enabled": false, "profile_banner_url": "https://pbs.twimg.com/profile_banners/3145722746/1441637455", "profile_background_image_url": "http://abs.twimg.com/images/themes/theme1/bg.png", "name": "KarachiKoInsafDo", "lang": "en", "profile_background_tile": false, "favourites_count": 92981, "screen_name": "politicslead", "notifications": null, "url": null, "created_at": "Thu Apr 09 06:09:34 +0000 2015", "contributors_enabled": false, "time_zone": null, "protected": false, "translator_type": "none", "is_translator": false}, "geo": null, "in_reply_to_user_id_str": null, "possibly_sensitive": false, "lang": "en", "extended_tweet": {"display_text_range": [0, 131], "entities": {"user_mentions": [], "symbols": [], "hashtags": [{"indices": [84, 92], "text": "Karachi"}, {"indices": [95, 120], "text": "5YearsOfKarachiOperation"}, {"indices": [122, 131], "text": "Pakistan"}], "urls": [], "media": [{"additional_media_info": {"monetizable": false}, "expanded_url": "https://twitter.com/politicslead/status/1056402665842851841/video/1", "display_url": "pic.twitter.com/JBhDYmT2tD", "url": "https://t.co/JBhDYmT2tD", "media_url_https": "https://pbs.twimg.com/ext_tw_video_thumb/1056402244470497280/pu/img/kELIe1AA02SciNt5.jpg", "video_info": {"aspect_ratio": [53, 30], "duration_millis": 36725, "variants": [{"url": "https://video.twimg.com/ext_tw_video/1056402244470497280/pu/vid/636x360/7dP_ltalSdp4LeV2.mp4?tag=5", "bitrate": 832000, "content_type": "video/mp4"}, {"url": "https://video.twimg.com/ext_tw_video/1056402244470497280/pu/vid/318x180/cr8316pf2fnvcVfB.mp4?tag=5", "bitrate": 256000, "content_type": "video/mp4"}, {"url": "https://video.twimg.com/ext_tw_video/1056402244470497280/pu/vid/848x480/ZCinZ3IzHzJhCipw.mp4?tag=5", "bitrate": 2176000, "content_type": "video/mp4"}, {"url": "https://video.twimg.com/ext_tw_video/1056402244470497280/pu/pl/gspVR868y8zq1eIW.m3u8?tag=5", "content_type": "application/x-mpegURL"}]}, "id_str": "1056402244470497280", "sizes": {"large": {"h": 480, "resize": "fit", "w": 848}, "small": {"h": 385, "resize": "fit", "w": 680}, "medium": {"h": 480, "resize": "fit", "w": 848}, "thumb": {"h": 150, "resize": "crop", "w": 150}}, "indices": [132, 155], "type": "video", "id": 1056402244470497280, "media_url": "http://pbs.twimg.com/ext_tw_video_thumb/1056402244470497280/pu/img/kELIe1AA02SciNt5.jpg"}]}, "extended_entities": {"media": [{"additional_media_info": {"monetizable": false}, "expanded_url": "https://twitter.com/politicslead/status/1056402665842851841/video/1", "display_url": "pic.twitter.com/JBhDYmT2tD", "url": "https://t.co/JBhDYmT2tD", "media_url_https": "https://pbs.twimg.com/ext_tw_video_thumb/1056402244470497280/pu/img/kELIe1AA02SciNt5.jpg", "video_info": {"aspect_ratio": [53, 30], "duration_millis": 36725, "variants": [{"url": "https://video.twimg.com/ext_tw_video/1056402244470497280/pu/vid/636x360/7dP_ltalSdp4LeV2.mp4?tag=5", "bitrate": 832000, "content_type": "video/mp4"}, {"url": "https://video.twimg.com/ext_tw_video/1056402244470497280/pu/vid/318x180/cr8316pf2fnvcVfB.mp4?tag=5", "bitrate": 256000, "content_type": "video/mp4"}, {"url": "https://video.twimg.com/ext_tw_video/1056402244470497280/pu/vid/848x480/ZCinZ3IzHzJhCipw.mp4?tag=5", "bitrate": 2176000, "content_type": "video/mp4"}, {"url": "https://video.twimg.com/ext_tw_video/1056402244470497280/pu/pl/gspVR868y8zq1eIW.m3u8?tag=5", "content_type": "application/x-mpegURL"}]}, "id_str": "1056402244470497280", "sizes": {"large": {"h": 480, "resize": "fit", "w": 848}, "small": {"h": 385, "resize": "fit", "w": 680}, "medium": {"h": 480, "resize": "fit", "w": 848}, "thumb": {"h": 150, "resize": "crop", "w": 150}}, "indices": [132, 155], "type": "video", "id": 1056402244470497280, "media_url": "http://pbs.twimg.com/ext_tw_video_thumb/1056402244470497280/pu/img/kELIe1AA02SciNt5.jpg"}]}, "full_text": "5 lacks snatched from Mr. Rehman brother of Master Fazal in Razzak Dyeing SITE Area #Karachi \n\n#5YearsOfKarachiOperation \n#Pakistan https://t.co/JBhDYmT2tD"}, "created_at": "Sun Oct 28 04:29:57 +0000 2018", "filter_level": "low", "in_reply_to_status_id_str": null, "place": null}, "user": {"follow_request_sent": null, "profile_use_background_image": true, "default_profile_image": false, "id": 95049784, "default_profile": false, "verified": false, "profile_image_url_https": "https://pbs.twimg.com/profile_images/1010820548350357504/Ct20QJN8_normal.jpg", "profile_sidebar_fill_color": "DDEEF6", "profile_text_color": "333333", "followers_count": 921, "profile_sidebar_border_color": "000000", "id_str": "95049784", "profile_background_color": "030303", "listed_count": 18, "profile_background_image_url_https": "https://abs.twimg.com/images/themes/theme1/bg.png", "utc_offset": null, "statuses_count": 54268, "description": "Liberal,Outvoice,Dedicated Mohajir,Loyal,Altafist,Anti-Uthao", "friends_count": 2576, "location": "London, England", "profile_link_color": "030303", "profile_image_url": "http://pbs.twimg.com/profile_images/1010820548350357504/Ct20QJN8_normal.jpg", "following": null, "geo_enabled": false, "profile_banner_url": "https://pbs.twimg.com/profile_banners/95049784/1483134626", "profile_background_image_url": "http://abs.twimg.com/images/themes/theme1/bg.png", "name": "Sam Iqbal Mohajir \u2122", "lang": "en", "profile_background_tile": true, "favourites_count": 853, "screen_name": "SamIqbal90", "notifications": null, "url": null, "created_at": "Sun Dec 06 18:46:11 +0000 2009", "contributors_enabled": false, "time_zone": null, "protected": false, "translator_type": "none", "is_translator": false}, "geo": null, "in_reply_to_user_id_str": null, "lang": "en", "created_at": "Sun Oct 28 06:33:15 +0000 2018", "filter_level": "low", "in_reply_to_status_id_str": null, "place": null}
{"quote_count": 0, "contributors": null, "truncated": false, "text": "RT @NewsX: Reham Khan, #Pakistan PM Imran Khan\u2019s ex-wife, says no democracy in country, claims it\u2019s being governed by martial law\nhttps://t\u2026", "is_quote_status": false, "in_reply_to_status_id": null, "reply_count": 0, "id": 1056433702689894400, "favorite_count": 0, "entities": {"user_mentions": [{"id": 23405846, "indices": [3, 9], "id_str": "23405846", "screen_name": "NewsX", "name": "NewsX"}], "symbols": [], "hashtags": [{"indices": [23, 32], "text": "Pakistan"}], "urls": []}, "retweeted": false, "coordinates": null, "timestamp_ms": "1540708396967", "source": "<a href=\"http://twitter.com/download/android\" rel=\"nofollow\">Twitter for Android</a>", "in_reply_to_screen_name": null, "id_str": "1056433702689894400", "retweet_count": 0, "in_reply_to_user_id": null, "favorited": false, "retweeted_status": {"quote_count": 1, "contributors": null, "truncated": true, "text": "Reham Khan, #Pakistan PM Imran Khan\u2019s ex-wife, says no democracy in country, claims it\u2019s being governed by martial\u2026 https://t.co/cfm6MTBGO1", "is_quote_status": false, "in_reply_to_status_id": null, "reply_count": 1, "id": 1056432651517607936, "favorite_count": 3, "entities": {"user_mentions": [], "symbols": [], "hashtags": [{"indices": [12, 21], "text": "Pakistan"}], "urls": [{"url": "https://t.co/cfm6MTBGO1", "indices": [116, 139], "expanded_url": "https://twitter.com/i/web/status/1056432651517607936", "display_url": "twitter.com/i/web/status/1\u2026"}]}, "retweeted": false, "coordinates": null, "source": "<a href=\"http://twitter.com\" rel=\"nofollow\">Twitter Web Client</a>", "in_reply_to_screen_name": null, "id_str": "1056432651517607936", "retweet_count": 1, "in_reply_to_user_id": null, "favorited": false, "user": {"follow_request_sent": null, "profile_use_background_image": true, "default_profile_image": false, "id": 23405846, "default_profile": false, "verified": true, "profile_image_url_https": "https://pbs.twimg.com/profile_images/874158722976579586/wuRqwCaW_normal.jpg", "profile_sidebar_fill_color": "F0D875", "profile_text_color": "141410", "followers_count": 666396, "profile_sidebar_border_color": "FFFFFF", "id_str": "23405846", "profile_background_color": "206CBD", "listed_count": 792, "profile_background_image_url_https": "https://abs.twimg.com/images/themes/theme2/bg.gif", "utc_offset": null, "statuses_count": 327692, "description": "India's leading English News Channel and the #1 choice of the young, aspiring and the urbane. LiveTV: https://goo.gl/cmqTH5 Sports News from @NewsX_Sports", "friends_count": 80, "location": "India", "profile_link_color": "E1111D", "profile_image_url": "http://pbs.twimg.com/profile_images/874158722976579586/wuRqwCaW_normal.jpg", "following": null, "geo_enabled": true, "profile_banner_url": "https://pbs.twimg.com/profile_banners/23405846/1528289310", "profile_background_image_url": "http://abs.twimg.com/images/themes/theme2/bg.gif", "name": "NewsX", "lang": "en", "profile_background_tile": false, "favourites_count": 15, "screen_name": "NewsX", "notifications": null, "url": "https://www.newsx.com/", "created_at": "Mon Mar 09 05:24:34 +0000 2009", "contributors_enabled": false, "time_zone": null, "protected": false, "translator_type": "none", "is_translator": false}, "geo": null, "in_reply_to_user_id_str": null, "possibly_sensitive": false, "lang": "en", "extended_tweet": {"display_text_range": [0, 142], "entities": {"user_mentions": [], "symbols": [], "hashtags": [{"indices": [12, 21], "text": "Pakistan"}], "urls": [{"url": "https://t.co/kgWDulnxiE", "indices": [119, 142], "expanded_url": "https://www.newsx.com/world/reham-khan-pakistan-pm-imran-khans-ex-wife-says-no-democracy-in-country-claims-its-being-governed-by-martial-law", "display_url": "newsx.com/world/reham-kh\u2026"}]}, "full_text": "Reham Khan, #Pakistan PM Imran Khan\u2019s ex-wife, says no democracy in country, claims it\u2019s being governed by martial law\nhttps://t.co/kgWDulnxiE"}, "created_at": "Sun Oct 28 06:29:06 +0000 2018", "filter_level": "low", "in_reply_to_status_id_str": null, "place": null}, "user": {"follow_request_sent": null, "profile_use_background_image": true, "default_profile_image": false, "id": 936140359129632769, "default_profile": true, "verified": false, "profile_image_url_https": "https://pbs.twimg.com/profile_images/1050067297631518722/updxSzem_normal.jpg", "profile_sidebar_fill_color": "DDEEF6", "profile_text_color": "333333", "followers_count": 445, "profile_sidebar_border_color": "C0DEED", "id_str": "936140359129632769", "profile_background_color": "F5F8FA", "listed_count": 0, "profile_background_image_url_https": "", "utc_offset": null, "statuses_count": 28522, "description": "\ud83c\uddee\ud83c\uddf3\nI stand for what I feel is Right.\ud83c\udf39\nwanna judge me on the basis of this? you are free to do, as ik myself better than you! \ud83d\udc81 \n\u2728BE YOUR OWN TYPE OF QUEEN\u2728", "friends_count": 92, "location": "Mumbai, India", "profile_link_color": "1DA1F2", "profile_image_url": "http://pbs.twimg.com/profile_images/1050067297631518722/updxSzem_normal.jpg", "following": null, "geo_enabled": true, "profile_banner_url": "https://pbs.twimg.com/profile_banners/936140359129632769/1539527447", "profile_background_image_url": "", "name": "P O O J A \u2661", "lang": "en", "profile_background_tile": false, "favourites_count": 40677, "screen_name": "poojakitweet", "notifications": null, "url": null, "created_at": "Thu Nov 30 07:50:29 +0000 2017", "contributors_enabled": false, "time_zone": null, "protected": false, "translator_type": "none", "is_translator": false}, "geo": null, "in_reply_to_user_id_str": null, "lang": "en", "created_at": "Sun Oct 28 06:33:16 +0000 2018", "filter_level": "low", "in_reply_to_status_id_str": null, "place": null}
{"quote_count": 0, "contributors": null, "truncated": false, "text": "RT @maqgroup: Us open cricket please share this page every one who you know \ud83d\udc4d\ud83c\uddfa\ud83c\uddf8\ud83c\udfcf#Cricket #usopen #T20 #USA #icc #icc#india#pakistan#westind\u2026", "is_quote_status": false, "in_reply_to_status_id": null, "reply_count": 0, "id": 1056433729596481536, "favorite_count": 0, "entities": {"user_mentions": [{"id": 422220904, "indices": [3, 12], "id_str": "422220904", "screen_name": "maqgroup", "name": "us open cricket"}], "symbols": [], "hashtags": [{"indices": [80, 88], "text": "Cricket"}, {"indices": [89, 96], "text": "usopen"}, {"indices": [97, 101], "text": "T20"}, {"indices": [102, 106], "text": "USA"}, {"indices": [107, 111], "text": "icc"}], "urls": []}, "retweeted": false, "coordinates": null, "timestamp_ms": "1540708403382", "source": "<a href=\"http://twitter.com/download/iphone\" rel=\"nofollow\">Twitter for iPhone</a>", "in_reply_to_screen_name": null, "id_str": "1056433729596481536", "retweet_count": 0, "in_reply_to_user_id": null, "favorited": false, "retweeted_status": {"quote_count": 0, "contributors": null, "truncated": true, "text": "Us open cricket please share this page every one who you know \ud83d\udc4d\ud83c\uddfa\ud83c\uddf8\ud83c\udfcf#Cricket #usopen #T20 #USA #icc #icc#india#pakist\u2026 https://t.co/dMdCb8Fz5G", "is_quote_status": false, "in_reply_to_status_id": null, "reply_count": 0, "id": 1056243282487971842, "favorite_count": 1, "entities": {"user_mentions": [], "symbols": [], "hashtags": [{"indices": [66, 74], "text": "Cricket"}, {"indices": [75, 82], "text": "usopen"}, {"indices": [83, 87], "text": "T20"}, {"indices": [88, 92], "text": "USA"}, {"indices": [93, 97], "text": "icc"}], "urls": [{"url": "https://t.co/dMdCb8Fz5G", "indices": [117, 140], "expanded_url": "https://twitter.com/i/web/status/1056243282487971842", "display_url": "twitter.com/i/web/status/1\u2026"}]}, "retweeted": false, "coordinates": null, "source": "<a href=\"http://twitter.com/download/iphone\" rel=\"nofollow\">Twitter for iPhone</a>", "in_reply_to_screen_name": null, "id_str": "1056243282487971842", "display_text_range": [0, 140], "retweet_count": 2, "in_reply_to_user_id": null, "favorited": false, "user": {"follow_request_sent": null, "profile_use_background_image": true, "default_profile_image": false, "id": 422220904, "default_profile": true, "verified": false, "profile_image_url_https": "https://pbs.twimg.com/profile_images/427070956683952128/iLUd7qRI_normal.jpeg", "profile_sidebar_fill_color": "DDEEF6", "profile_text_color": "333333", "followers_count": 366, "profile_sidebar_border_color": "C0DEED", "id_str": "422220904", "profile_background_color": "C0DEED", "listed_count": 17, "profile_background_image_url_https": "https://abs.twimg.com/images/themes/theme1/bg.png", "utc_offset": null, "statuses_count": 3116, "description": "Mahammad MAQ Qureshi CEO/chairman cricket council usa", "friends_count": 1354, "location": "florida", "profile_link_color": "1DA1F2", "profile_image_url": "http://pbs.twimg.com/profile_images/427070956683952128/iLUd7qRI_normal.jpeg", "following": null, "geo_enabled": false, "profile_banner_url": "https://pbs.twimg.com/profile_banners/422220904/1434391001", "profile_background_image_url": "http://abs.twimg.com/images/themes/theme1/bg.png", "name": "us open cricket", "lang": "en", "profile_background_tile": false, "favourites_count": 36, "screen_name": "maqgroup", "notifications": null, "url": "http://www.cricketcouncilusa.com", "created_at": "Sun Nov 27 00:11:57 +0000 2011", "contributors_enabled": false, "time_zone": null, "protected": false, "translator_type": "none", "is_translator": false}, "geo": null, "in_reply_to_user_id_str": null, "possibly_sensitive": false, "lang": "en", "extended_tweet": {"display_text_range": [0, 164], "entities": {"user_mentions": [], "symbols": [], "hashtags": [{"indices": [66, 74], "text": "Cricket"}, {"indices": [75, 82], "text": "usopen"}, {"indices": [83, 87], "text": "T20"}, {"indices": [88, 92], "text": "USA"}, {"indices": [93, 97], "text": "icc"}], "urls": [], "media": [{"expanded_url": "https://twitter.com/maqgroup/status/1056243282487971842/photo/1", "display_url": "pic.twitter.com/MRalcx3r8U", "url": "https://t.co/MRalcx3r8U", "media_url_https": "https://pbs.twimg.com/media/DqiHqQLX4AAH1H-.jpg", "id_str": "1056243272585306112", "sizes": {"small": {"h": 680, "resize": "fit", "w": 527}, "large": {"h": 1280, "resize": "fit", "w": 992}, "medium": {"h": 1200, "resize": "fit", "w": 930}, "thumb": {"h": 150, "resize": "crop", "w": 150}}, "indices": [165, 188], "type": "photo", "id": 1056243272585306112, "media_url": "http://pbs.twimg.com/media/DqiHqQLX4AAH1H-.jpg"}]}, "extended_entities": {"media": [{"expanded_url": "https://twitter.com/maqgroup/status/1056243282487971842/photo/1", "display_url": "pic.twitter.com/MRalcx3r8U", "url": "https://t.co/MRalcx3r8U", "media_url_https": "https://pbs.twimg.com/media/DqiHqQLX4AAH1H-.jpg", "id_str": "1056243272585306112", "sizes": {"small": {"h": 680, "resize": "fit", "w": 527}, "large": {"h": 1280, "resize": "fit", "w": 992}, "medium": {"h": 1200, "resize": "fit", "w": 930}, "thumb": {"h": 150, "resize": "crop", "w": 150}}, "indices": [165, 188], "type": "photo", "id": 1056243272585306112, "media_url": "http://pbs.twimg.com/media/DqiHqQLX4AAH1H-.jpg"}]}, "full_text": "Us open cricket please share this page every one who you know \ud83d\udc4d\ud83c\uddfa\ud83c\uddf8\ud83c\udfcf#Cricket #usopen #T20 #USA #icc #icc#india#pakistan#westindies#cccusa#cricketcouncilusa#maq#canada https://t.co/MRalcx3r8U"}, "created_at": "Sat Oct 27 17:56:37 +0000 2018", "filter_level": "low", "in_reply_to_status_id_str": null, "place": null}, "user": {"follow_request_sent": null, "profile_use_background_image": true, "default_profile_image": false, "id": 967411314795696130, "default_profile": true, "verified": false, "profile_image_url_https": "https://pbs.twimg.com/profile_images/1055377265230598144/VaHDwI52_normal.jpg", "profile_sidebar_fill_color": "DDEEF6", "profile_text_color": "333333", "followers_count": 119, "profile_sidebar_border_color": "C0DEED", "id_str": "967411314795696130", "profile_background_color": "F5F8FA", "listed_count": 0, "profile_background_image_url_https": "", "utc_offset": null, "statuses_count": 606, "description": "National Bank of Pakistan Cricket Academy (Coach U-15) | Jinnah Cricket Club and Academy (Proprietor) | SAS Sports Consultanting Group (Manager)", "friends_count": 989, "location": "\u06a9\u0631\u0627\u0686\u06cc, \u067e\u0627\u06a9\u0633\u062a\u0627\u0646", "profile_link_color": "1DA1F2", "profile_image_url": "http://pbs.twimg.com/profile_images/1055377265230598144/VaHDwI52_normal.jpg", "following": null, "geo_enabled": true, "profile_banner_url": "https://pbs.twimg.com/profile_banners/967411314795696130/1538718055", "profile_background_image_url": "", "name": "Zohaib Ahmed Khan", "lang": "en", "profile_background_tile": false, "favourites_count": 1277, "screen_name": "ZohaibAKhan07", "notifications": null, "url": "http://www.pcboard.com.pk/Pakistan/Players/1094/1094390/1094390.html", "created_at": "Sat Feb 24 14:50:05 +0000 2018", "contributors_enabled": false, "time_zone": null, "protected": false, "translator_type": "none", "is_translator": false}, "geo": null, "in_reply_to_user_id_str": null, "lang": "en", "created_at": "Sun Oct 28 06:33:23 +0000 2018", "filter_level": "low", "in_reply_to_status_id_str": null, "place": null}
{"quote_count": 0, "contributors": null, "truncated": false, "text": "RT @Nawaiwaqt_: \u062d\u06a9\u0645 \u0645\u0627\u0646\u0646\u06d2 \u0645\u06cc\u06ba \u062f\u06cc\u0631 \u060c \u0645\u06cc\u0627\u06ba \u0628\u06cc\u0648\u06cc \u06a9\u0627 \u06af\u06be\u0631\u06cc\u0644\u0648 \u0645\u0644\u0627\u0632\u0645\u06c1 \u067e\u0631 \u0628\u062f\u062a\u0631\u06cc\u0646 \u062a\u0634\u062f\u062f \u060c \u06af\u0631\u0645 \u0627\u0633\u062a\u0631\u06cc \u0633\u06d2 \u062f\u0627\u063a\u0627 \u06af\u06cc\u0627\nhttps://t.co/AJF4tceYOj\n#Maid #Tortur\u2026", "is_quote_status": false, "in_reply_to_status_id": null, "reply_count": 0, "id": 1056433731890802688, "favorite_count": 0, "entities": {"user_mentions": [{"id": 34893273, "indices": [3, 14], "id_str": "34893273", "screen_name": "Nawaiwaqt_", "name": "Daily Nawa-i-Waqt"}], "symbols": [], "hashtags": [{"indices": [126, 131], "text": "Maid"}], "urls": [{"url": "https://t.co/AJF4tceYOj", "indices": [102, 125], "expanded_url": "https://www.nawaiwaqt.com.pk/28-Oct-2018/930322", "display_url": "nawaiwaqt.com.pk/28-Oct-2018/93\u2026"}]}, "retweeted": false, "coordinates": null, "timestamp_ms": "1540708403929", "source": "<a href=\"http://twitter.com/download/android\" rel=\"nofollow\">Twitter for Android</a>", "in_reply_to_screen_name": null, "id_str": "1056433731890802688", "retweet_count": 0, "in_reply_to_user_id": null, "favorited": false, "retweeted_status": {"quote_count": 3, "contributors": null, "truncated": true, "text": "\u062d\u06a9\u0645 \u0645\u0627\u0646\u0646\u06d2 \u0645\u06cc\u06ba \u062f\u06cc\u0631 \u060c \u0645\u06cc\u0627\u06ba \u0628\u06cc\u0648\u06cc \u06a9\u0627 \u06af\u06be\u0631\u06cc\u0644\u0648 \u0645\u0644\u0627\u0632\u0645\u06c1 \u067e\u0631 \u0628\u062f\u062a\u0631\u06cc\u0646 \u062a\u0634\u062f\u062f \u060c \u06af\u0631\u0645 \u0627\u0633\u062a\u0631\u06cc \u0633\u06d2 \u062f\u0627\u063a\u0627 \u06af\u06cc\u0627\nhttps://t.co/AJF4tceYOj\n#Maid\u2026 https://t.co/ZdbNn6uOGL", "is_quote_status": false, "in_reply_to_status_id": null, "reply_count": 2, "id": 1056422975153586181, "favorite_count": 14, "entities": {"user_mentions": [], "symbols": [], "hashtags": [{"indices": [110, 115], "text": "Maid"}], "urls": [{"url": "https://t.co/AJF4tceYOj", "indices": [86, 109], "expanded_url": "https://www.nawaiwaqt.com.pk/28-Oct-2018/930322", "display_url": "nawaiwaqt.com.pk/28-Oct-2018/93\u2026"}, {"url": "https://t.co/ZdbNn6uOGL", "indices": [117, 140], "expanded_url": "https://twitter.com/i/web/status/1056422975153586181", "display_url": "twitter.com/i/web/status/1\u2026"}]}, "retweeted": false, "coordinates": null, "source": "<a href=\"https://about.twitter.com/products/tweetdeck\" rel=\"nofollow\">TweetDeck</a>", "in_reply_to_screen_name": null, "id_str": "1056422975153586181", "display_text_range": [0, 140], "retweet_count": 25, "in_reply_to_user_id": null, "favorited": false, "user": {"follow_request_sent": null, "profile_use_background_image": true, "default_profile_image": false, "id": 34893273, "default_profile": false, "verified": true, "profile_image_url_https": "https://pbs.twimg.com/profile_images/641291478950502400/XVw8ByMv_normal.jpg", "profile_sidebar_fill_color": "DDEEF6", "profile_text_color": "333333", "followers_count": 140150, "profile_sidebar_border_color": "FFFFFF", "id_str": "34893273", "profile_background_color": "C0DEED", "listed_count": 405, "profile_background_image_url_https": "https://abs.twimg.com/images/themes/theme1/bg.png", "utc_offset": null, "statuses_count": 193981, "description": "Official Twitter account of Daily Nawa-i-Waqt Pakistan", "friends_count": 211, "location": "Lahore, Pakistan", "profile_link_color": "0084B4", "profile_image_url": "http://pbs.twimg.com/profile_images/641291478950502400/XVw8ByMv_normal.jpg", "following": null, "geo_enabled": false, "profile_banner_url": "https://pbs.twimg.com/profile_banners/34893273/1540638301", "profile_background_image_url": "http://abs.twimg.com/images/themes/theme1/bg.png", "name": "Daily Nawa-i-Waqt", "lang": "en", "profile_background_tile": true, "favourites_count": 21, "screen_name": "Nawaiwaqt_", "notifications": null, "url": "http://nawaiwaqt.com.pk/", "created_at": "Fri Apr 24 10:19:11 +0000 2009", "contributors_enabled": false, "time_zone": null, "protected": false, "translator_type": "none", "is_translator": false}, "geo": null, "in_reply_to_user_id_str": null, "possibly_sensitive": false, "lang": "ur", "extended_tweet": {"display_text_range": [0, 254], "entities": {"user_mentions": [{"id": 1031601975924875265, "indices": [125, 136], "id_str": "1031601975924875265", "screen_name": "GOPunjabPK", "name": "Government of Punjab"}, {"id": 1030499496558514176, "indices": [137, 151], "id_str": "1030499496558514176", "screen_name": "UsmanAKBuzdar", "name": "Usman Buzdar"}, {"id": 127483019, "indices": [168, 180], "id_str": "127483019", "screen_name": "PTIofficial", "name": "PTI"}, {"id": 3227120666, "indices": [181, 196], "id_str": "3227120666", "screen_name": "PTIOfficialLHR", "name": "PTI Lahore Official"}, {"id": 908691636, "indices": [197, 209], "id_str": "908691636", "screen_name": "PTIPunjabPK", "name": "PTI Punjab (Official)"}, {"id": 497658491, "indices": [210, 219], "id_str": "497658491", "screen_name": "pmln_org", "name": "PML(N)"}, {"id": 1054384923866550275, "indices": [220, 235], "id_str": "1054384923866550275", "screen_name": "CMOfficePunjab", "name": "Chief Minister Punjab"}, {"id": 352184105, "indices": [236, 244], "id_str": "352184105", "screen_name": "pid_gov", "name": "Govt of Pakistan"}], "symbols": [], "hashtags": [{"indices": [110, 115], "text": "Maid"}, {"indices": [116, 124], "text": "Torture"}, {"indices": [153, 167], "text": "CMUsmanBuzdar"}, {"indices": [245, 254], "text": "Pakistan"}], "urls": [{"url": "https://t.co/AJF4tceYOj", "indices": [86, 109], "expanded_url": "https://www.nawaiwaqt.com.pk/28-Oct-2018/930322", "display_url": "nawaiwaqt.com.pk/28-Oct-2018/93\u2026"}], "media": [{"additional_media_info": {"monetizable": false}, "expanded_url": "https://twitter.com/Nawaiwaqt_/status/1056422975153586181/video/1", "display_url": "pic.twitter.com/9wfGyBVYaq", "url": "https://t.co/9wfGyBVYaq", "media_url_https": "https://pbs.twimg.com/ext_tw_video_thumb/1056422300306866176/pu/img/_-Bt_7StDBYpgqfD.jpg", "video_info": {"aspect_ratio": [11, 20], "duration_millis": 71792, "variants": [{"url": "https://video.twimg.com/ext_tw_video/1056422300306866176/pu/vid/352x640/JKgS5IEmHenzItms.mp4?tag=5", "bitrate": 832000, "content_type": "video/mp4"}, {"url": "https://video.twimg.com/ext_tw_video/1056422300306866176/pu/vid/180x326/a_VbvrfuYJUtLl8-.mp4?tag=5", "bitrate": 256000, "content_type": "video/mp4"}, {"url": "https://video.twimg.com/ext_tw_video/1056422300306866176/pu/pl/YnfdNzULAkscaLyt.m3u8?tag=5", "content_type": "application/x-mpegURL"}]}, "id_str": "1056422300306866176", "sizes": {"large": {"h": 640, "resize": "fit", "w": 352}, "small": {"h": 640, "resize": "fit", "w": 352}, "medium": {"h": 640, "resize": "fit", "w": 352}, "thumb": {"h": 150, "resize": "crop", "w": 150}}, "indices": [255, 278], "type": "video", "id": 1056422300306866176, "media_url": "http://pbs.twimg.com/ext_tw_video_thumb/1056422300306866176/pu/img/_-Bt_7StDBYpgqfD.jpg"}]}, "extended_entities": {"media": [{"additional_media_info": {"monetizable": false}, "expanded_url": "https://twitter.com/Nawaiwaqt_/status/1056422975153586181/video/1", "display_url": "pic.twitter.com/9wfGyBVYaq", "url": "https://t.co/9wfGyBVYaq", "media_url_https": "https://pbs.twimg.com/ext_tw_video_thumb/1056422300306866176/pu/img/_-Bt_7StDBYpgqfD.jpg", "video_info": {"aspect_ratio": [11, 20], "duration_millis": 71792, "variants": [{"url": "https://video.twimg.com/ext_tw_video/1056422300306866176/pu/vid/352x640/JKgS5IEmHenzItms.mp4?tag=5", "bitrate": 832000, "content_type": "video/mp4"}, {"url": "https://video.twimg.com/ext_tw_video/1056422300306866176/pu/vid/180x326/a_VbvrfuYJUtLl8-.mp4?tag=5", "bitrate": 256000, "content_type": "video/mp4"}, {"url": "https://video.twimg.com/ext_tw_video/1056422300306866176/pu/pl/YnfdNzULAkscaLyt.m3u8?tag=5", "content_type": "application/x-mpegURL"}]}, "id_str": "1056422300306866176", "sizes": {"large": {"h": 640, "resize": "fit", "w": 352}, "small": {"h": 640, "resize": "fit", "w": 352}, "medium": {"h": 640, "resize": "fit", "w": 352}, "thumb": {"h": 150, "resize": "crop", "w": 150}}, "indices": [255, 278], "type": "video", "id": 1056422300306866176, "media_url": "http://pbs.twimg.com/ext_tw_video_thumb/1056422300306866176/pu/img/_-Bt_7StDBYpgqfD.jpg"}]}, "full_text": "\u062d\u06a9\u0645 \u0645\u0627\u0646\u0646\u06d2 \u0645\u06cc\u06ba \u062f\u06cc\u0631 \u060c \u0645\u06cc\u0627\u06ba \u0628\u06cc\u0648\u06cc \u06a9\u0627 \u06af\u06be\u0631\u06cc\u0644\u0648 \u0645\u0644\u0627\u0632\u0645\u06c1 \u067e\u0631 \u0628\u062f\u062a\u0631\u06cc\u0646 \u062a\u0634\u062f\u062f \u060c \u06af\u0631\u0645 \u0627\u0633\u062a\u0631\u06cc \u0633\u06d2 \u062f\u0627\u063a\u0627 \u06af\u06cc\u0627\nhttps://t.co/AJF4tceYOj\n#Maid #Torture @GOPunjabPK @UsmanAKBuzdar  #CMUsmanBuzdar @PTIofficial @PTIOfficialLHR @PTIPunjabPK @pmln_org @CMOfficePunjab @pid_gov #Pakistan https://t.co/9wfGyBVYaq"}, "created_at": "Sun Oct 28 05:50:39 +0000 2018", "filter_level": "low", "in_reply_to_status_id_str": null, "place": null}, "user": {"follow_request_sent": null, "profile_use_background_image": true, "default_profile_image": false, "id": 2478057464, "default_profile": true, "verified": false, "profile_image_url_https": "https://pbs.twimg.com/profile_images/1054042866354475008/VH2mTJLW_normal.jpg", "profile_sidebar_fill_color": "DDEEF6", "profile_text_color": "333333", "followers_count": 1605, "profile_sidebar_border_color": "C0DEED", "id_str": "2478057464", "profile_background_color": "C0DEED", "listed_count": 0, "profile_background_image_url_https": "https://abs.twimg.com/images/themes/theme1/bg.png", "utc_offset": null, "statuses_count": 23302, "description": "DONKEY KING APPEARS IN 2018\n\u0633\u0686 \u062c\u0627\u0646 \u06a9\u0631 \u062c\u06cc\u0648", "friends_count": 68, "location": "Como, Lombardy", "profile_link_color": "1DA1F2", "profile_image_url": "http://pbs.twimg.com/profile_images/1054042866354475008/VH2mTJLW_normal.jpg", "following": null, "geo_enabled": false, "profile_banner_url": "https://pbs.twimg.com/profile_banners/2478057464/1528049326", "profile_background_image_url": "http://abs.twimg.com/images/themes/theme1/bg.png", "name": "\u24c2\ufe0fS\u24c2\ufe0f", "lang": "en", "profile_background_tile": false, "favourites_count": 11071, "screen_name": "MALIKSAMIR5", "notifications": null, "url": null, "created_at": "Mon May 05 08:53:16 +0000 2014", "contributors_enabled": false, "time_zone": null, "protected": false, "translator_type": "none", "is_translator": false}, "geo": null, "in_reply_to_user_id_str": null, "possibly_sensitive": false, "lang": "ur", "created_at": "Sun Oct 28 06:33:23 +0000 2018", "filter_level": "low", "in_reply_to_status_id_str": null, "place": null}
{"quote_count": 0, "contributors": null, "truncated": false, "text": "RT @HatindersinghR: Scenes near #encounter site at #Kreeri #Baramulla\nThis Is What #IndianArmy\nHas To Bear..\n\nAre these the people whom Abd\u2026", "is_quote_status": false, "in_reply_to_status_id": null, "reply_count": 0, "id": 1056433793614127104, "favorite_count": 0, "entities": {"user_mentions": [{"id": 3294132559, "indices": [3, 18], "id_str": "3294132559", "screen_name": "HatindersinghR", "name": "\u262c SINGH \u0a38\u0a3f\u0a70\u0a18 \u262c \ud83c\uddee\ud83c\uddf3"}], "symbols": [], "hashtags": [{"indices": [32, 42], "text": "encounter"}, {"indices": [51, 58], "text": "Kreeri"}, {"indices": [59, 69], "text": "Baramulla"}, {"indices": [83, 94], "text": "IndianArmy"}], "urls": []}, "retweeted": false, "coordinates": null, "timestamp_ms": "1540708418645", "source": "<a href=\"http://twitter.com\" rel=\"nofollow\">Twitter Web Client</a>", "in_reply_to_screen_name": null, "id_str": "1056433793614127104", "retweet_count": 0, "in_reply_to_user_id": null, "favorited": false, "retweeted_status": {"quote_count": 21, "contributors": null, "truncated": true, "text": "Scenes near #encounter site at #Kreeri #Baramulla\nThis Is What #IndianArmy\nHas To Bear..\n\nAre these the people whom\u2026 https://t.co/art8aKv4Wx", "is_quote_status": false, "in_reply_to_status_id": null, "reply_count": 47, "id": 1056085569820745728, "favorite_count": 195, "entities": {"user_mentions": [], "symbols": [], "hashtags": [{"indices": [12, 22], "text": "encounter"}, {"indices": [31, 38], "text": "Kreeri"}, {"indices": [39, 49], "text": "Baramulla"}, {"indices": [63, 74], "text": "IndianArmy"}], "urls": [{"url": "https://t.co/art8aKv4Wx", "indices": [117, 140], "expanded_url": "https://twitter.com/i/web/status/1056085569820745728", "display_url": "twitter.com/i/web/status/1\u2026"}]}, "retweeted": false, "coordinates": null, "source": "<a href=\"http://twitter.com/download/android\" rel=\"nofollow\">Twitter for Android</a>", "in_reply_to_screen_name": null, "id_str": "1056085569820745728", "display_text_range": [0, 140], "retweet_count": 237, "in_reply_to_user_id": null, "favorited": false, "user": {"follow_request_sent": null, "profile_use_background_image": true, "default_profile_image": false, "id": 3294132559, "default_profile": true, "verified": false, "profile_image_url_https": "https://pbs.twimg.com/profile_images/1055841762793537540/D8SVGZZq_normal.jpg", "profile_sidebar_fill_color": "DDEEF6", "profile_text_color": "333333", "followers_count": 9872, "profile_sidebar_border_color": "C0DEED", "id_str": "3294132559", "profile_background_color": "C0DEED", "listed_count": 62, "profile_background_image_url_https": "https://abs.twimg.com/images/themes/theme1/bg.png", "utc_offset": null, "statuses_count": 58233, "description": "Mostly Tweet Postive Things,Fan Of Late Jagjeet Singh Saab & Mirza Ghalib.\nWhatsapp No. 08208513878", "friends_count": 878, "location": null, "profile_link_color": "1DA1F2", "profile_image_url": "http://pbs.twimg.com/profile_images/1055841762793537540/D8SVGZZq_normal.jpg", "following": null, "geo_enabled": false, "profile_banner_url": "https://pbs.twimg.com/profile_banners/3294132559/1539690168", "profile_background_image_url": "http://abs.twimg.com/images/themes/theme1/bg.png", "name": "\u262c SINGH \u0a38\u0a3f\u0a70\u0a18 \u262c \ud83c\uddee\ud83c\uddf3", "lang": "en", "profile_background_tile": false, "favourites_count": 41646, "screen_name": "HatindersinghR", "notifications": null, "url": "https://hatindersinghrajpu.wixsite.com/hatindersinghrajput", "created_at": "Sun Jul 26 01:55:33 +0000 2015", "contributors_enabled": false, "time_zone": null, "protected": false, "translator_type": "none", "is_translator": false}, "geo": null, "in_reply_to_user_id_str": null, "possibly_sensitive": false, "lang": "en", "extended_tweet": {"display_text_range": [0, 277], "entities": {"user_mentions": [], "symbols": [], "hashtags": [{"indices": [12, 22], "text": "encounter"}, {"indices": [31, 38], "text": "Kreeri"}, {"indices": [39, 49], "text": "Baramulla"}, {"indices": [63, 74], "text": "IndianArmy"}, {"indices": [189, 197], "text": "Kashmir"}, {"indices": [222, 231], "text": "Pakistan"}, {"indices": [232, 237], "text": "ARMY"}], "urls": [], "media": [{"additional_media_info": {"monetizable": false}, "expanded_url": "https://twitter.com/HatindersinghR/status/1056085569820745728/video/1", "display_url": "pic.twitter.com/oTktyFRv1a", "url": "https://t.co/oTktyFRv1a", "media_url_https": "https://pbs.twimg.com/ext_tw_video_thumb/1056085080819580928/pu/img/oItjLsd_qJSP_EI1.jpg", "video_info": {"aspect_ratio": [1, 1], "duration_millis": 58400, "variants": [{"url": "https://video.twimg.com/ext_tw_video/1056085080819580928/pu/vid/480x480/7aHKg8sxN17bJvrX.mp4?tag=5", "bitrate": 832000, "content_type": "video/mp4"}, {"url": "https://video.twimg.com/ext_tw_video/1056085080819580928/pu/vid/240x240/frACKDrhzaRKGuPN.mp4?tag=5", "bitrate": 256000, "content_type": "video/mp4"}, {"url": "https://video.twimg.com/ext_tw_video/1056085080819580928/pu/pl/PQM4vB0IT5LqHzaw.m3u8?tag=5", "content_type": "application/x-mpegURL"}, {"url": "https://video.twimg.com/ext_tw_video/1056085080819580928/pu/vid/720x720/T1PmQ4I2I1Rus8M9.mp4?tag=5", "bitrate": 1280000, "content_type": "video/mp4"}]}, "id_str": "1056085080819580928", "sizes": {"small": {"h": 680, "resize": "fit", "w": 680}, "large": {"h": 720, "resize": "fit", "w": 720}, "medium": {"h": 720, "resize": "fit", "w": 720}, "thumb": {"h": 150, "resize": "crop", "w": 150}}, "indices": [278, 301], "type": "video", "id": 1056085080819580928, "media_url": "http://pbs.twimg.com/ext_tw_video_thumb/1056085080819580928/pu/img/oItjLsd_qJSP_EI1.jpg"}]}, "extended_entities": {"media": [{"additional_media_info": {"monetizable": false}, "expanded_url": "https://twitter.com/HatindersinghR/status/1056085569820745728/video/1", "display_url": "pic.twitter.com/oTktyFRv1a", "url": "https://t.co/oTktyFRv1a", "media_url_https": "https://pbs.twimg.com/ext_tw_video_thumb/1056085080819580928/pu/img/oItjLsd_qJSP_EI1.jpg", "video_info": {"aspect_ratio": [1, 1], "duration_millis": 58400, "variants": [{"url": "https://video.twimg.com/ext_tw_video/1056085080819580928/pu/vid/480x480/7aHKg8sxN17bJvrX.mp4?tag=5", "bitrate": 832000, "content_type": "video/mp4"}, {"url": "https://video.twimg.com/ext_tw_video/1056085080819580928/pu/vid/240x240/frACKDrhzaRKGuPN.mp4?tag=5", "bitrate": 256000, "content_type": "video/mp4"}, {"url": "https://video.twimg.com/ext_tw_video/1056085080819580928/pu/pl/PQM4vB0IT5LqHzaw.m3u8?tag=5", "content_type": "application/x-mpegURL"}, {"url": "https://video.twimg.com/ext_tw_video/1056085080819580928/pu/vid/720x720/T1PmQ4I2I1Rus8M9.mp4?tag=5", "bitrate": 1280000, "content_type": "video/mp4"}]}, "id_str": "1056085080819580928", "sizes": {"small": {"h": 680, "resize": "fit", "w": 680}, "large": {"h": 720, "resize": "fit", "w": 720}, "medium": {"h": 720, "resize": "fit", "w": 720}, "thumb": {"h": 150, "resize": "crop", "w": 150}}, "indices": [278, 301], "type": "video", "id": 1056085080819580928, "media_url": "http://pbs.twimg.com/ext_tw_video_thumb/1056085080819580928/pu/img/oItjLsd_qJSP_EI1.jpg"}]}, "full_text": "Scenes near #encounter site at #Kreeri #Baramulla\nThis Is What #IndianArmy\nHas To Bear..\n\nAre these the people whom Abdullah and mehbooba mufti call innocent misguided youth?\n\nCan occupied #Kashmir people can do same with #Pakistan #ARMY ?\n\nWhy aren't they given the treatment? https://t.co/oTktyFRv1a"}, "created_at": "Sat Oct 27 07:29:55 +0000 2018", "filter_level": "low", "in_reply_to_status_id_str": null, "place": null}, "user": {"follow_request_sent": null, "profile_use_background_image": true, "default_profile_image": false, "id": 358232369, "default_profile": true, "verified": false, "profile_image_url_https": "https://abs.twimg.com/sticky/default_profile_images/default_profile_normal.png", "profile_sidebar_fill_color": "DDEEF6", "profile_text_color": "333333", "followers_count": 28, "profile_sidebar_border_color": "C0DEED", "id_str": "358232369", "profile_background_color": "C0DEED", "listed_count": 0, "profile_background_image_url_https": "https://abs.twimg.com/images/themes/theme1/bg.png", "utc_offset": null, "statuses_count": 9062, "description": null, "friends_count": 95, "location": null, "profile_link_color": "1DA1F2", "profile_image_url": "http://abs.twimg.com/sticky/default_profile_images/default_profile_normal.png", "following": null, "geo_enabled": false, "profile_background_image_url": "http://abs.twimg.com/images/themes/theme1/bg.png", "name": "rameshwar sah", "lang": "en", "profile_background_tile": false, "favourites_count": 3988, "screen_name": "RameshwarSah", "notifications": null, "url": null, "created_at": "Fri Aug 19 15:58:25 +0000 2011", "contributors_enabled": false, "time_zone": null, "protected": false, "translator_type": "none", "is_translator": false}, "geo": null, "in_reply_to_user_id_str": null, "lang": "en", "created_at": "Sun Oct 28 06:33:38 +0000 2018", "filter_level": "low", "in_reply_to_status_id_str": null, "place": null}
{"quote_count": 0, "quoted_status_permalink": {"url": "https://t.co/9feAHPotl2", "expanded": "https://twitter.com/NSCwithHJ/status/1056431606624325634", "display": "twitter.com/NSCwithHJ/stat\u2026"}, "contributors": null, "truncated": false, "text": "RT @Krup_C: A student interviewing his teacher.. A known tradition of JNU.. \ud83e\udd17\ud83e\udd17 https://t.co/9feAHPotl2", "is_quote_status": true, "in_reply_to_status_id": null, "reply_count": 0, "id": 1056433813272829957, "favorite_count": 0, "entities": {"user_mentions": [{"id": 3195294858, "indices": [3, 10], "id_str": "3195294858", "screen_name": "Krup_C", "name": "Jayanna Krupakar"}], "symbols": [], "hashtags": [], "urls": [{"url": "https://t.co/9feAHPotl2", "indices": [79, 102], "expanded_url": "https://twitter.com/NSCwithHJ/status/1056431606624325634", "display_url": "twitter.com/NSCwithHJ/stat\u2026"}]}, "quoted_status_id": 1056431606624325634, "retweeted": false, "coordinates": null, "timestamp_ms": "1540708423332", "quoted_status": {"quote_count": 1, "contributors": null, "truncated": true, "text": "EP 26 is out! @HappymonJacob talks to @RRajagopalanJNU about India's 'Defensive' foreign policy and how it has fail\u2026 https://t.co/4W4DuhiNzK", "is_quote_status": false, "in_reply_to_status_id": null, "reply_count": 0, "id": 1056431606624325634, "favorite_count": 1, "entities": {"user_mentions": [{"id": 30891818, "indices": [14, 28], "id_str": "30891818", "screen_name": "HappymonJacob", "name": "Happymon Jacob"}, {"id": 2900347866, "indices": [38, 54], "id_str": "2900347866", "screen_name": "RRajagopalanJNU", "name": "Rajesh Rajagopalan"}], "symbols": [], "hashtags": [], "urls": [{"url": "https://t.co/4W4DuhiNzK", "indices": [117, 140], "expanded_url": "https://twitter.com/i/web/status/1056431606624325634", "display_url": "twitter.com/i/web/status/1\u2026"}]}, "retweeted": false, "coordinates": null, "source": "<a href=\"http://twitter.com/download/android\" rel=\"nofollow\">Twitter for Android</a>", "in_reply_to_screen_name": null, "id_str": "1056431606624325634", "retweet_count": 1, "in_reply_to_user_id": null, "favorited": false, "user": {"follow_request_sent": null, "profile_use_background_image": true, "default_profile_image": false, "id": 996252191777177600, "default_profile": true, "verified": false, "profile_image_url_https": "https://pbs.twimg.com/profile_images/996323591066079233/b8tmvr6J_normal.jpg", "profile_sidebar_fill_color": "DDEEF6", "profile_text_color": "333333", "followers_count": 374, "profile_sidebar_border_color": "C0DEED", "id_str": "996252191777177600", "profile_background_color": "F5F8FA", "listed_count": 1, "profile_background_image_url_https": "", "utc_offset": null, "statuses_count": 160, "description": "A weekly video series on The Wire. Will engage with critical national security issues & present accurate information, in-depth analysis & informed opinion.", "friends_count": 414, "location": null, "profile_link_color": "1DA1F2", "profile_image_url": "http://pbs.twimg.com/profile_images/996323591066079233/b8tmvr6J_normal.jpg", "following": null, "geo_enabled": false, "profile_banner_url": "https://pbs.twimg.com/profile_banners/996252191777177600/1526376870", "profile_background_image_url": "", "name": "NationalSecurityConversations with Happymon Jacob", "lang": "en", "profile_background_tile": false, "favourites_count": 156, "screen_name": "NSCwithHJ", "notifications": null, "url": "http://indopakconflictmonitor.org/", "created_at": "Tue May 15 04:53:26 +0000 2018", "contributors_enabled": false, "time_zone": null, "protected": false, "translator_type": "none", "is_translator": false}, "geo": null, "in_reply_to_user_id_str": null, "possibly_sensitive": false, "lang": "en", "extended_tweet": {"display_text_range": [0, 222], "entities": {"user_mentions": [{"id": 30891818, "indices": [14, 28], "id_str": "30891818", "screen_name": "HappymonJacob", "name": "Happymon Jacob"}, {"id": 2900347866, "indices": [38, 54], "id_str": "2900347866", "screen_name": "RRajagopalanJNU", "name": "Rajesh Rajagopalan"}, {"id": 3150940290, "indices": [162, 173], "id_str": "3150940290", "screen_name": "thewire_in", "name": "The Wire"}, {"id": 965249175213371392, "indices": [174, 184], "id_str": "965249175213371392", "screen_name": "IPCM_2018", "name": "Indo Pak Conflict Monitor"}, {"id": 21014078, "indices": [185, 198], "id_str": "21014078", "screen_name": "svaradarajan", "name": "Siddharth"}], "symbols": [], "hashtags": [{"indices": [134, 143], "text": "pakistan"}, {"indices": [150, 156], "text": "china"}], "urls": [{"url": "https://t.co/hBFHJZ9z2V", "indices": [199, 222], "expanded_url": "https://youtu.be/ER_zEk_75mk", "display_url": "youtu.be/ER_zEk_75mk"}]}, "full_text": "EP 26 is out! @HappymonJacob talks to @RRajagopalanJNU about India's 'Defensive' foreign policy and how it has failed India vis-a-vis #pakistan &amp; #china. For @thewire_in @IPCM_2018 @svaradarajan https://t.co/hBFHJZ9z2V"}, "created_at": "Sun Oct 28 06:24:57 +0000 2018", "filter_level": "low", "in_reply_to_status_id_str": null, "place": null}, "source": "<a href=\"http://twitter.com/download/iphone\" rel=\"nofollow\">Twitter for iPhone</a>", "in_reply_to_screen_name": null, "id_str": "1056433813272829957", "retweet_count": 0, "in_reply_to_user_id": null, "favorited": false, "retweeted_status": {"quote_count": 0, "quoted_status_permalink": {"url": "https://t.co/9feAHPotl2", "expanded": "https://twitter.com/NSCwithHJ/status/1056431606624325634", "display": "twitter.com/NSCwithHJ/stat\u2026"}, "contributors": null, "truncated": false, "text": "A student interviewing his teacher.. A known tradition of JNU.. \ud83e\udd17\ud83e\udd17 https://t.co/9feAHPotl2", "is_quote_status": true, "in_reply_to_status_id": null, "reply_count": 1, "id": 1056432903549145088, "favorite_count": 1, "entities": {"user_mentions": [], "symbols": [], "hashtags": [], "urls": [{"url": "https://t.co/9feAHPotl2", "indices": [67, 90], "expanded_url": "https://twitter.com/NSCwithHJ/status/1056431606624325634", "display_url": "twitter.com/NSCwithHJ/stat\u2026"}]}, "quoted_status_id": 1056431606624325634, "retweeted": false, "coordinates": null, "quoted_status": {"quote_count": 1, "contributors": null, "truncated": true, "text": "EP 26 is out! @HappymonJacob talks to @RRajagopalanJNU about India's 'Defensive' foreign policy and how it has fail\u2026 https://t.co/4W4DuhiNzK", "is_quote_status": false, "in_reply_to_status_id": null, "reply_count": 0, "id": 1056431606624325634, "favorite_count": 1, "entities": {"user_mentions": [{"id": 30891818, "indices": [14, 28], "id_str": "30891818", "screen_name": "HappymonJacob", "name": "Happymon Jacob"}, {"id": 2900347866, "indices": [38, 54], "id_str": "2900347866", "screen_name": "RRajagopalanJNU", "name": "Rajesh Rajagopalan"}], "symbols": [], "hashtags": [], "urls": [{"url": "https://t.co/4W4DuhiNzK", "indices": [117, 140], "expanded_url": "https://twitter.com/i/web/status/1056431606624325634", "display_url": "twitter.com/i/web/status/1\u2026"}]}, "retweeted": false, "coordinates": null, "source": "<a href=\"http://twitter.com/download/android\" rel=\"nofollow\">Twitter for Android</a>", "in_reply_to_screen_name": null, "id_str": "1056431606624325634", "retweet_count": 1, "in_reply_to_user_id": null, "favorited": false, "user": {"follow_request_sent": null, "profile_use_background_image": true, "default_profile_image": false, "id": 996252191777177600, "default_profile": true, "verified": false, "profile_image_url_https": "https://pbs.twimg.com/profile_images/996323591066079233/b8tmvr6J_normal.jpg", "profile_sidebar_fill_color": "DDEEF6", "profile_text_color": "333333", "followers_count": 374, "profile_sidebar_border_color": "C0DEED", "id_str": "996252191777177600", "profile_background_color": "F5F8FA", "listed_count": 1, "profile_background_image_url_https": "", "utc_offset": null, "statuses_count": 160, "description": "A weekly video series on The Wire. Will engage with critical national security issues & present accurate information, in-depth analysis & informed opinion.", "friends_count": 414, "location": null, "profile_link_color": "1DA1F2", "profile_image_url": "http://pbs.twimg.com/profile_images/996323591066079233/b8tmvr6J_normal.jpg", "following": null, "geo_enabled": false, "profile_banner_url": "https://pbs.twimg.com/profile_banners/996252191777177600/1526376870", "profile_background_image_url": "", "name": "NationalSecurityConversations with Happymon Jacob", "lang": "en", "profile_background_tile": false, "favourites_count": 156, "screen_name": "NSCwithHJ", "notifications": null, "url": "http://indopakconflictmonitor.org/", "created_at": "Tue May 15 04:53:26 +0000 2018", "contributors_enabled": false, "time_zone": null, "protected": false, "translator_type": "none", "is_translator": false}, "geo": null, "in_reply_to_user_id_str": null, "possibly_sensitive": false, "lang": "en", "extended_tweet": {"display_text_range": [0, 222], "entities": {"user_mentions": [{"id": 30891818, "indices": [14, 28], "id_str": "30891818", "screen_name": "HappymonJacob", "name": "Happymon Jacob"}, {"id": 2900347866, "indices": [38, 54], "id_str": "2900347866", "screen_name": "RRajagopalanJNU", "name": "Rajesh Rajagopalan"}, {"id": 3150940290, "indices": [162, 173], "id_str": "3150940290", "screen_name": "thewire_in", "name": "The Wire"}, {"id": 965249175213371392, "indices": [174, 184], "id_str": "965249175213371392", "screen_name": "IPCM_2018", "name": "Indo Pak Conflict Monitor"}, {"id": 21014078, "indices": [185, 198], "id_str": "21014078", "screen_name": "svaradarajan", "name": "Siddharth"}], "symbols": [], "hashtags": [{"indices": [134, 143], "text": "pakistan"}, {"indices": [150, 156], "text": "china"}], "urls": [{"url": "https://t.co/hBFHJZ9z2V", "indices": [199, 222], "expanded_url": "https://youtu.be/ER_zEk_75mk", "display_url": "youtu.be/ER_zEk_75mk"}]}, "full_text": "EP 26 is out! @HappymonJacob talks to @RRajagopalanJNU about India's 'Defensive' foreign policy and how it has failed India vis-a-vis #pakistan &amp; #china. For @thewire_in @IPCM_2018 @svaradarajan https://t.co/hBFHJZ9z2V"}, "created_at": "Sun Oct 28 06:24:57 +0000 2018", "filter_level": "low", "in_reply_to_status_id_str": null, "place": null}, "source": "<a href=\"http://twitter.com/download/android\" rel=\"nofollow\">Twitter for Android</a>", "in_reply_to_screen_name": null, "id_str": "1056432903549145088", "display_text_range": [0, 66], "retweet_count": 1, "in_reply_to_user_id": null, "favorited": false, "user": {"follow_request_sent": null, "profile_use_background_image": true, "default_profile_image": false, "id": 3195294858, "default_profile": true, "verified": false, "profile_image_url_https": "https://pbs.twimg.com/profile_images/603602927249330176/80AgC1UY_normal.jpg", "profile_sidebar_fill_color": "DDEEF6", "profile_text_color": "333333", "followers_count": 310, "profile_sidebar_border_color": "C0DEED", "id_str": "3195294858", "profile_background_color": "C0DEED", "listed_count": 5, "profile_background_image_url_https": "https://abs.twimg.com/images/themes/theme1/bg.png", "utc_offset": null, "statuses_count": 2184, "description": "Civil Servant.. Engineer (by default); Researcher (by passion); Hired by UPSC (by fortune).. \n@NIT-K'taka; @JNU. Learning Strategic Affairs. Tweets are personal", "friends_count": 317, "location": "Babudom ", "profile_link_color": "1DA1F2", "profile_image_url": "http://pbs.twimg.com/profile_images/603602927249330176/80AgC1UY_normal.jpg", "following": null, "geo_enabled": false, "profile_banner_url": "https://pbs.twimg.com/profile_banners/3195294858/1438412378", "profile_background_image_url": "http://abs.twimg.com/images/themes/theme1/bg.png", "name": "Jayanna Krupakar", "lang": "en", "profile_background_tile": false, "favourites_count": 4351, "screen_name": "Krup_C", "notifications": null, "url": null, "created_at": "Thu May 14 13:58:20 +0000 2015", "contributors_enabled": false, "time_zone": null, "protected": false, "translator_type": "none", "is_translator": false}, "geo": null, "in_reply_to_user_id_str": null, "possibly_sensitive": false, "lang": "en", "created_at": "Sun Oct 28 06:30:06 +0000 2018", "quoted_status_id_str": "1056431606624325634", "filter_level": "low", "in_reply_to_status_id_str": null, "place": null}, "user": {"follow_request_sent": null, "profile_use_background_image": true, "default_profile_image": false, "id": 30891818, "default_profile": false, "verified": false, "profile_image_url_https": "https://pbs.twimg.com/profile_images/947446531577090048/yCROKo8f_normal.jpg", "profile_sidebar_fill_color": "C0DFEC", "profile_text_color": "333333", "followers_count": 6112, "profile_sidebar_border_color": "A8C7F7", "id_str": "30891818", "profile_background_color": "022330", "listed_count": 50, "profile_background_image_url_https": "https://abs.twimg.com/images/themes/theme15/bg.png", "utc_offset": null, "statuses_count": 2651, "description": "I teach at JNU. Associated with the \"National Security Conversations\" at @thewire_in. Curate an online archive on Indo-Pak relations https://t.co/mGssN7LyTC", "friends_count": 1393, "location": "New Delhi", "profile_link_color": "0084B4", "profile_image_url": "http://pbs.twimg.com/profile_images/947446531577090048/yCROKo8f_normal.jpg", "following": null, "geo_enabled": true, "profile_banner_url": "https://pbs.twimg.com/profile_banners/30891818/1531237419", "profile_background_image_url": "http://abs.twimg.com/images/themes/theme15/bg.png", "name": "Happymon Jacob", "lang": "en", "profile_background_tile": false, "favourites_count": 7200, "screen_name": "HappymonJacob", "notifications": null, "url": "http://www.happymonjacob.com", "created_at": "Mon Apr 13 16:02:57 +0000 2009", "contributors_enabled": false, "time_zone": null, "protected": false, "translator_type": "none", "is_translator": false}, "geo": null, "in_reply_to_user_id_str": null, "possibly_sensitive": false, "lang": "en", "created_at": "Sun Oct 28 06:33:43 +0000 2018", "quoted_status_id_str": "1056431606624325634", "filter_level": "low", "in_reply_to_status_id_str": null, "place": null}
